[0.052s] DEBUG:colcon:Command line arguments: ['/usr/bin/colcon', 'build']
[0.052s] DEBUG:colcon:Parsed command line arguments: Namespace(log_base=None, log_level=None, verb_name='build', build_base='build', install_base='install', merge_install=False, symlink_install=False, test_result_base=None, continue_on_error=False, executor='parallel', parallel_workers=28, event_handlers=None, ignore_user_meta=False, metas=['./colcon.meta'], base_paths=['.'], packages_ignore=None, packages_ignore_regex=None, paths=None, packages_up_to=None, packages_up_to_regex=None, packages_above=None, packages_above_and_dependencies=None, packages_above_depth=None, packages_select_by_dep=None, packages_skip_by_dep=None, packages_skip_up_to=None, packages_select_build_failed=False, packages_skip_build_finished=False, packages_select_test_failures=False, packages_skip_test_passed=False, packages_select=None, packages_skip=None, packages_select_regex=None, packages_skip_regex=None, packages_start=None, packages_end=None, allow_overriding=[], cmake_args=None, cmake_target=None, cmake_target_skip_unavailable=False, cmake_clean_cache=False, cmake_clean_first=False, cmake_force_configure=False, ament_cmake_args=None, catkin_cmake_args=None, catkin_skip_building_tests=False, verb_parser=<colcon_defaults.argument_parser.defaults.DefaultArgumentsDecorator object at 0x7fc263e84650>, verb_extension=<colcon_core.verb.build.BuildVerb object at 0x7fc263f9d190>, main=<bound method BuildVerb.main of <colcon_core.verb.build.BuildVerb object at 0x7fc263f9d190>>)
[0.073s] Level 1:colcon.colcon_core.package_discovery:discover_packages(colcon_meta) check parameters
[0.073s] Level 1:colcon.colcon_core.package_discovery:discover_packages(recursive) check parameters
[0.073s] Level 1:colcon.colcon_core.package_discovery:discover_packages(ignore) check parameters
[0.073s] Level 1:colcon.colcon_core.package_discovery:discover_packages(path) check parameters
[0.073s] Level 1:colcon.colcon_core.package_discovery:discover_packages(colcon_meta) discover
[0.073s] Level 1:colcon.colcon_core.package_discovery:discover_packages(recursive) discover
[0.073s] INFO:colcon.colcon_core.package_discovery:Crawling recursively for packages in '/home/abhirup/slam_platform/slam_ws'
[0.073s] Level 1:colcon.colcon_core.package_identification:_identify(.) by extensions ['ignore', 'ignore_ament_install']
[0.073s] Level 1:colcon.colcon_core.package_identification:_identify(.) by extension 'ignore'
[0.073s] Level 1:colcon.colcon_core.package_identification:_identify(.) by extension 'ignore_ament_install'
[0.073s] Level 1:colcon.colcon_core.package_identification:_identify(.) by extensions ['colcon_pkg']
[0.073s] Level 1:colcon.colcon_core.package_identification:_identify(.) by extension 'colcon_pkg'
[0.073s] Level 1:colcon.colcon_core.package_identification:_identify(.) by extensions ['colcon_meta']
[0.073s] Level 1:colcon.colcon_core.package_identification:_identify(.) by extension 'colcon_meta'
[0.073s] Level 1:colcon.colcon_core.package_identification:_identify(.) by extensions ['ros']
[0.073s] Level 1:colcon.colcon_core.package_identification:_identify(.) by extension 'ros'
[0.088s] Level 1:colcon.colcon_core.package_identification:_identify(.) by extensions ['cmake', 'python']
[0.088s] Level 1:colcon.colcon_core.package_identification:_identify(.) by extension 'cmake'
[0.088s] Level 1:colcon.colcon_core.package_identification:_identify(.) by extension 'python'
[0.088s] Level 1:colcon.colcon_core.package_identification:_identify(.) by extensions ['python_setup_py']
[0.088s] Level 1:colcon.colcon_core.package_identification:_identify(.) by extension 'python_setup_py'
[0.088s] Level 1:colcon.colcon_core.package_identification:_identify(build) by extensions ['ignore', 'ignore_ament_install']
[0.088s] Level 1:colcon.colcon_core.package_identification:_identify(build) by extension 'ignore'
[0.088s] Level 1:colcon.colcon_core.package_identification:_identify(build) ignored
[0.088s] Level 1:colcon.colcon_core.package_identification:_identify(install) by extensions ['ignore', 'ignore_ament_install']
[0.088s] Level 1:colcon.colcon_core.package_identification:_identify(install) by extension 'ignore'
[0.088s] Level 1:colcon.colcon_core.package_identification:_identify(install) ignored
[0.088s] Level 1:colcon.colcon_core.package_identification:_identify(log) by extensions ['ignore', 'ignore_ament_install']
[0.088s] Level 1:colcon.colcon_core.package_identification:_identify(log) by extension 'ignore'
[0.088s] Level 1:colcon.colcon_core.package_identification:_identify(log) ignored
[0.088s] Level 1:colcon.colcon_core.package_identification:_identify(robots) by extensions ['ignore', 'ignore_ament_install']
[0.088s] Level 1:colcon.colcon_core.package_identification:_identify(robots) by extension 'ignore'
[0.088s] Level 1:colcon.colcon_core.package_identification:_identify(robots) by extension 'ignore_ament_install'
[0.088s] Level 1:colcon.colcon_core.package_identification:_identify(robots) by extensions ['colcon_pkg']
[0.088s] Level 1:colcon.colcon_core.package_identification:_identify(robots) by extension 'colcon_pkg'
[0.088s] Level 1:colcon.colcon_core.package_identification:_identify(robots) by extensions ['colcon_meta']
[0.088s] Level 1:colcon.colcon_core.package_identification:_identify(robots) by extension 'colcon_meta'
[0.088s] Level 1:colcon.colcon_core.package_identification:_identify(robots) by extensions ['ros']
[0.088s] Level 1:colcon.colcon_core.package_identification:_identify(robots) by extension 'ros'
[0.089s] Level 1:colcon.colcon_core.package_identification:_identify(robots) by extensions ['cmake', 'python']
[0.089s] Level 1:colcon.colcon_core.package_identification:_identify(robots) by extension 'cmake'
[0.089s] Level 1:colcon.colcon_core.package_identification:_identify(robots) by extension 'python'
[0.089s] Level 1:colcon.colcon_core.package_identification:_identify(robots) by extensions ['python_setup_py']
[0.089s] Level 1:colcon.colcon_core.package_identification:_identify(robots) by extension 'python_setup_py'
[0.089s] Level 1:colcon.colcon_core.package_identification:_identify(robots/ackerman_robot) by extensions ['ignore', 'ignore_ament_install']
[0.089s] Level 1:colcon.colcon_core.package_identification:_identify(robots/ackerman_robot) by extension 'ignore'
[0.089s] Level 1:colcon.colcon_core.package_identification:_identify(robots/ackerman_robot) by extension 'ignore_ament_install'
[0.089s] Level 1:colcon.colcon_core.package_identification:_identify(robots/ackerman_robot) by extensions ['colcon_pkg']
[0.089s] Level 1:colcon.colcon_core.package_identification:_identify(robots/ackerman_robot) by extension 'colcon_pkg'
[0.089s] Level 1:colcon.colcon_core.package_identification:_identify(robots/ackerman_robot) by extensions ['colcon_meta']
[0.089s] Level 1:colcon.colcon_core.package_identification:_identify(robots/ackerman_robot) by extension 'colcon_meta'
[0.089s] Level 1:colcon.colcon_core.package_identification:_identify(robots/ackerman_robot) by extensions ['ros']
[0.089s] Level 1:colcon.colcon_core.package_identification:_identify(robots/ackerman_robot) by extension 'ros'
[0.089s] Level 1:colcon.colcon_core.package_identification:_identify(robots/ackerman_robot) by extensions ['cmake', 'python']
[0.089s] Level 1:colcon.colcon_core.package_identification:_identify(robots/ackerman_robot) by extension 'cmake'
[0.089s] Level 1:colcon.colcon_core.package_identification:_identify(robots/ackerman_robot) by extension 'python'
[0.089s] Level 1:colcon.colcon_core.package_identification:_identify(robots/ackerman_robot) by extensions ['python_setup_py']
[0.089s] Level 1:colcon.colcon_core.package_identification:_identify(robots/ackerman_robot) by extension 'python_setup_py'
[0.089s] Level 1:colcon.colcon_core.package_identification:_identify(robots/differential_robot) by extensions ['ignore', 'ignore_ament_install']
[0.089s] Level 1:colcon.colcon_core.package_identification:_identify(robots/differential_robot) by extension 'ignore'
[0.089s] Level 1:colcon.colcon_core.package_identification:_identify(robots/differential_robot) by extension 'ignore_ament_install'
[0.089s] Level 1:colcon.colcon_core.package_identification:_identify(robots/differential_robot) by extensions ['colcon_pkg']
[0.089s] Level 1:colcon.colcon_core.package_identification:_identify(robots/differential_robot) by extension 'colcon_pkg'
[0.089s] Level 1:colcon.colcon_core.package_identification:_identify(robots/differential_robot) by extensions ['colcon_meta']
[0.089s] Level 1:colcon.colcon_core.package_identification:_identify(robots/differential_robot) by extension 'colcon_meta'
[0.089s] Level 1:colcon.colcon_core.package_identification:_identify(robots/differential_robot) by extensions ['ros']
[0.089s] Level 1:colcon.colcon_core.package_identification:_identify(robots/differential_robot) by extension 'ros'
[0.089s] Level 1:colcon.colcon_core.package_identification:_identify(robots/differential_robot) by extensions ['cmake', 'python']
[0.089s] Level 1:colcon.colcon_core.package_identification:_identify(robots/differential_robot) by extension 'cmake'
[0.089s] Level 1:colcon.colcon_core.package_identification:_identify(robots/differential_robot) by extension 'python'
[0.089s] Level 1:colcon.colcon_core.package_identification:_identify(robots/differential_robot) by extensions ['python_setup_py']
[0.089s] Level 1:colcon.colcon_core.package_identification:_identify(robots/differential_robot) by extension 'python_setup_py'
[0.089s] Level 1:colcon.colcon_core.package_identification:_identify(robots/differential_robot/config) by extensions ['ignore', 'ignore_ament_install']
[0.089s] Level 1:colcon.colcon_core.package_identification:_identify(robots/differential_robot/config) by extension 'ignore'
[0.089s] Level 1:colcon.colcon_core.package_identification:_identify(robots/differential_robot/config) by extension 'ignore_ament_install'
[0.089s] Level 1:colcon.colcon_core.package_identification:_identify(robots/differential_robot/config) by extensions ['colcon_pkg']
[0.089s] Level 1:colcon.colcon_core.package_identification:_identify(robots/differential_robot/config) by extension 'colcon_pkg'
[0.089s] Level 1:colcon.colcon_core.package_identification:_identify(robots/differential_robot/config) by extensions ['colcon_meta']
[0.089s] Level 1:colcon.colcon_core.package_identification:_identify(robots/differential_robot/config) by extension 'colcon_meta'
[0.089s] Level 1:colcon.colcon_core.package_identification:_identify(robots/differential_robot/config) by extensions ['ros']
[0.089s] Level 1:colcon.colcon_core.package_identification:_identify(robots/differential_robot/config) by extension 'ros'
[0.089s] Level 1:colcon.colcon_core.package_identification:_identify(robots/differential_robot/config) by extensions ['cmake', 'python']
[0.089s] Level 1:colcon.colcon_core.package_identification:_identify(robots/differential_robot/config) by extension 'cmake'
[0.089s] Level 1:colcon.colcon_core.package_identification:_identify(robots/differential_robot/config) by extension 'python'
[0.089s] Level 1:colcon.colcon_core.package_identification:_identify(robots/differential_robot/config) by extensions ['python_setup_py']
[0.089s] Level 1:colcon.colcon_core.package_identification:_identify(robots/differential_robot/config) by extension 'python_setup_py'
[0.089s] Level 1:colcon.colcon_core.package_identification:_identify(robots/differential_robot/meshes) by extensions ['ignore', 'ignore_ament_install']
[0.089s] Level 1:colcon.colcon_core.package_identification:_identify(robots/differential_robot/meshes) by extension 'ignore'
[0.089s] Level 1:colcon.colcon_core.package_identification:_identify(robots/differential_robot/meshes) by extension 'ignore_ament_install'
[0.089s] Level 1:colcon.colcon_core.package_identification:_identify(robots/differential_robot/meshes) by extensions ['colcon_pkg']
[0.089s] Level 1:colcon.colcon_core.package_identification:_identify(robots/differential_robot/meshes) by extension 'colcon_pkg'
[0.089s] Level 1:colcon.colcon_core.package_identification:_identify(robots/differential_robot/meshes) by extensions ['colcon_meta']
[0.089s] Level 1:colcon.colcon_core.package_identification:_identify(robots/differential_robot/meshes) by extension 'colcon_meta'
[0.090s] Level 1:colcon.colcon_core.package_identification:_identify(robots/differential_robot/meshes) by extensions ['ros']
[0.090s] Level 1:colcon.colcon_core.package_identification:_identify(robots/differential_robot/meshes) by extension 'ros'
[0.090s] Level 1:colcon.colcon_core.package_identification:_identify(robots/differential_robot/meshes) by extensions ['cmake', 'python']
[0.090s] Level 1:colcon.colcon_core.package_identification:_identify(robots/differential_robot/meshes) by extension 'cmake'
[0.090s] Level 1:colcon.colcon_core.package_identification:_identify(robots/differential_robot/meshes) by extension 'python'
[0.090s] Level 1:colcon.colcon_core.package_identification:_identify(robots/differential_robot/meshes) by extensions ['python_setup_py']
[0.090s] Level 1:colcon.colcon_core.package_identification:_identify(robots/differential_robot/meshes) by extension 'python_setup_py'
[0.090s] Level 1:colcon.colcon_core.package_identification:_identify(robots/differential_robot/urdf) by extensions ['ignore', 'ignore_ament_install']
[0.090s] Level 1:colcon.colcon_core.package_identification:_identify(robots/differential_robot/urdf) by extension 'ignore'
[0.090s] Level 1:colcon.colcon_core.package_identification:_identify(robots/differential_robot/urdf) by extension 'ignore_ament_install'
[0.090s] Level 1:colcon.colcon_core.package_identification:_identify(robots/differential_robot/urdf) by extensions ['colcon_pkg']
[0.090s] Level 1:colcon.colcon_core.package_identification:_identify(robots/differential_robot/urdf) by extension 'colcon_pkg'
[0.090s] Level 1:colcon.colcon_core.package_identification:_identify(robots/differential_robot/urdf) by extensions ['colcon_meta']
[0.090s] Level 1:colcon.colcon_core.package_identification:_identify(robots/differential_robot/urdf) by extension 'colcon_meta'
[0.090s] Level 1:colcon.colcon_core.package_identification:_identify(robots/differential_robot/urdf) by extensions ['ros']
[0.090s] Level 1:colcon.colcon_core.package_identification:_identify(robots/differential_robot/urdf) by extension 'ros'
[0.090s] Level 1:colcon.colcon_core.package_identification:_identify(robots/differential_robot/urdf) by extensions ['cmake', 'python']
[0.090s] Level 1:colcon.colcon_core.package_identification:_identify(robots/differential_robot/urdf) by extension 'cmake'
[0.090s] Level 1:colcon.colcon_core.package_identification:_identify(robots/differential_robot/urdf) by extension 'python'
[0.090s] Level 1:colcon.colcon_core.package_identification:_identify(robots/differential_robot/urdf) by extensions ['python_setup_py']
[0.090s] Level 1:colcon.colcon_core.package_identification:_identify(robots/differential_robot/urdf) by extension 'python_setup_py'
[0.090s] Level 1:colcon.colcon_core.package_identification:_identify(robots/differential_robot/urdf/build) by extensions ['ignore', 'ignore_ament_install']
[0.090s] Level 1:colcon.colcon_core.package_identification:_identify(robots/differential_robot/urdf/build) by extension 'ignore'
[0.090s] Level 1:colcon.colcon_core.package_identification:_identify(robots/differential_robot/urdf/build) ignored
[0.090s] Level 1:colcon.colcon_core.package_identification:_identify(robots/differential_robot/urdf/install) by extensions ['ignore', 'ignore_ament_install']
[0.090s] Level 1:colcon.colcon_core.package_identification:_identify(robots/differential_robot/urdf/install) by extension 'ignore'
[0.090s] Level 1:colcon.colcon_core.package_identification:_identify(robots/differential_robot/urdf/install) ignored
[0.090s] Level 1:colcon.colcon_core.package_identification:_identify(robots/differential_robot/urdf/log) by extensions ['ignore', 'ignore_ament_install']
[0.090s] Level 1:colcon.colcon_core.package_identification:_identify(robots/differential_robot/urdf/log) by extension 'ignore'
[0.090s] Level 1:colcon.colcon_core.package_identification:_identify(robots/differential_robot/urdf/log) ignored
[0.090s] Level 1:colcon.colcon_core.package_identification:_identify(src) by extensions ['ignore', 'ignore_ament_install']
[0.090s] Level 1:colcon.colcon_core.package_identification:_identify(src) by extension 'ignore'
[0.090s] Level 1:colcon.colcon_core.package_identification:_identify(src) by extension 'ignore_ament_install'
[0.090s] Level 1:colcon.colcon_core.package_identification:_identify(src) by extensions ['colcon_pkg']
[0.090s] Level 1:colcon.colcon_core.package_identification:_identify(src) by extension 'colcon_pkg'
[0.090s] Level 1:colcon.colcon_core.package_identification:_identify(src) by extensions ['colcon_meta']
[0.090s] Level 1:colcon.colcon_core.package_identification:_identify(src) by extension 'colcon_meta'
[0.090s] Level 1:colcon.colcon_core.package_identification:_identify(src) by extensions ['ros']
[0.090s] Level 1:colcon.colcon_core.package_identification:_identify(src) by extension 'ros'
[0.090s] Level 1:colcon.colcon_core.package_identification:_identify(src) by extensions ['cmake', 'python']
[0.090s] Level 1:colcon.colcon_core.package_identification:_identify(src) by extension 'cmake'
[0.090s] Level 1:colcon.colcon_core.package_identification:_identify(src) by extension 'python'
[0.090s] Level 1:colcon.colcon_core.package_identification:_identify(src) by extensions ['python_setup_py']
[0.090s] Level 1:colcon.colcon_core.package_identification:_identify(src) by extension 'python_setup_py'
[0.090s] Level 1:colcon.colcon_core.package_identification:_identify(src/evaluator_ros) by extensions ['ignore', 'ignore_ament_install']
[0.090s] Level 1:colcon.colcon_core.package_identification:_identify(src/evaluator_ros) by extension 'ignore'
[0.090s] Level 1:colcon.colcon_core.package_identification:_identify(src/evaluator_ros) by extension 'ignore_ament_install'
[0.091s] Level 1:colcon.colcon_core.package_identification:_identify(src/evaluator_ros) by extensions ['colcon_pkg']
[0.091s] Level 1:colcon.colcon_core.package_identification:_identify(src/evaluator_ros) by extension 'colcon_pkg'
[0.091s] Level 1:colcon.colcon_core.package_identification:_identify(src/evaluator_ros) by extensions ['colcon_meta']
[0.091s] Level 1:colcon.colcon_core.package_identification:_identify(src/evaluator_ros) by extension 'colcon_meta'
[0.091s] Level 1:colcon.colcon_core.package_identification:_identify(src/evaluator_ros) by extensions ['ros']
[0.091s] Level 1:colcon.colcon_core.package_identification:_identify(src/evaluator_ros) by extension 'ros'
[0.092s] DEBUG:colcon.colcon_core.package_identification:Package 'src/evaluator_ros' with type 'ros.ament_python' and name 'evaluator_ros'
[0.092s] Level 1:colcon.colcon_core.package_identification:_identify(src/experiment_manager) by extensions ['ignore', 'ignore_ament_install']
[0.092s] Level 1:colcon.colcon_core.package_identification:_identify(src/experiment_manager) by extension 'ignore'
[0.092s] Level 1:colcon.colcon_core.package_identification:_identify(src/experiment_manager) by extension 'ignore_ament_install'
[0.092s] Level 1:colcon.colcon_core.package_identification:_identify(src/experiment_manager) by extensions ['colcon_pkg']
[0.092s] Level 1:colcon.colcon_core.package_identification:_identify(src/experiment_manager) by extension 'colcon_pkg'
[0.092s] Level 1:colcon.colcon_core.package_identification:_identify(src/experiment_manager) by extensions ['colcon_meta']
[0.092s] Level 1:colcon.colcon_core.package_identification:_identify(src/experiment_manager) by extension 'colcon_meta'
[0.092s] Level 1:colcon.colcon_core.package_identification:_identify(src/experiment_manager) by extensions ['ros']
[0.092s] Level 1:colcon.colcon_core.package_identification:_identify(src/experiment_manager) by extension 'ros'
[0.092s] DEBUG:colcon.colcon_core.package_identification:Package 'src/experiment_manager' with type 'ros.ament_python' and name 'experiment_manager'
[0.093s] Level 1:colcon.colcon_core.package_identification:_identify(src/groung_truth_provider) by extensions ['ignore', 'ignore_ament_install']
[0.093s] Level 1:colcon.colcon_core.package_identification:_identify(src/groung_truth_provider) by extension 'ignore'
[0.093s] Level 1:colcon.colcon_core.package_identification:_identify(src/groung_truth_provider) by extension 'ignore_ament_install'
[0.093s] Level 1:colcon.colcon_core.package_identification:_identify(src/groung_truth_provider) by extensions ['colcon_pkg']
[0.093s] Level 1:colcon.colcon_core.package_identification:_identify(src/groung_truth_provider) by extension 'colcon_pkg'
[0.093s] Level 1:colcon.colcon_core.package_identification:_identify(src/groung_truth_provider) by extensions ['colcon_meta']
[0.093s] Level 1:colcon.colcon_core.package_identification:_identify(src/groung_truth_provider) by extension 'colcon_meta'
[0.093s] Level 1:colcon.colcon_core.package_identification:_identify(src/groung_truth_provider) by extensions ['ros']
[0.093s] Level 1:colcon.colcon_core.package_identification:_identify(src/groung_truth_provider) by extension 'ros'
[0.093s] DEBUG:colcon.colcon_core.package_identification:Package 'src/groung_truth_provider' with type 'ros.ament_python' and name 'groung_truth_provider'
[0.093s] Level 1:colcon.colcon_core.package_identification:_identify(src/robot_bringup) by extensions ['ignore', 'ignore_ament_install']
[0.093s] Level 1:colcon.colcon_core.package_identification:_identify(src/robot_bringup) by extension 'ignore'
[0.093s] Level 1:colcon.colcon_core.package_identification:_identify(src/robot_bringup) by extension 'ignore_ament_install'
[0.093s] Level 1:colcon.colcon_core.package_identification:_identify(src/robot_bringup) by extensions ['colcon_pkg']
[0.093s] Level 1:colcon.colcon_core.package_identification:_identify(src/robot_bringup) by extension 'colcon_pkg'
[0.093s] Level 1:colcon.colcon_core.package_identification:_identify(src/robot_bringup) by extensions ['colcon_meta']
[0.093s] Level 1:colcon.colcon_core.package_identification:_identify(src/robot_bringup) by extension 'colcon_meta'
[0.093s] Level 1:colcon.colcon_core.package_identification:_identify(src/robot_bringup) by extensions ['ros']
[0.093s] Level 1:colcon.colcon_core.package_identification:_identify(src/robot_bringup) by extension 'ros'
[0.094s] DEBUG:colcon.colcon_core.package_identification:Package 'src/robot_bringup' with type 'ros.ament_python' and name 'robot_bringup'
[0.094s] Level 1:colcon.colcon_core.package_identification:_identify(src/ros_gz_bridge_manager) by extensions ['ignore', 'ignore_ament_install']
[0.094s] Level 1:colcon.colcon_core.package_identification:_identify(src/ros_gz_bridge_manager) by extension 'ignore'
[0.094s] Level 1:colcon.colcon_core.package_identification:_identify(src/ros_gz_bridge_manager) by extension 'ignore_ament_install'
[0.094s] Level 1:colcon.colcon_core.package_identification:_identify(src/ros_gz_bridge_manager) by extensions ['colcon_pkg']
[0.094s] Level 1:colcon.colcon_core.package_identification:_identify(src/ros_gz_bridge_manager) by extension 'colcon_pkg'
[0.094s] Level 1:colcon.colcon_core.package_identification:_identify(src/ros_gz_bridge_manager) by extensions ['colcon_meta']
[0.094s] Level 1:colcon.colcon_core.package_identification:_identify(src/ros_gz_bridge_manager) by extension 'colcon_meta'
[0.094s] Level 1:colcon.colcon_core.package_identification:_identify(src/ros_gz_bridge_manager) by extensions ['ros']
[0.094s] Level 1:colcon.colcon_core.package_identification:_identify(src/ros_gz_bridge_manager) by extension 'ros'
[0.094s] DEBUG:colcon.colcon_core.package_identification:Package 'src/ros_gz_bridge_manager' with type 'ros.ament_python' and name 'ros_gz_bridge_manager'
[0.095s] Level 1:colcon.colcon_core.package_identification:_identify(src/sensor_adapter) by extensions ['ignore', 'ignore_ament_install']
[0.095s] Level 1:colcon.colcon_core.package_identification:_identify(src/sensor_adapter) by extension 'ignore'
[0.095s] Level 1:colcon.colcon_core.package_identification:_identify(src/sensor_adapter) by extension 'ignore_ament_install'
[0.095s] Level 1:colcon.colcon_core.package_identification:_identify(src/sensor_adapter) by extensions ['colcon_pkg']
[0.095s] Level 1:colcon.colcon_core.package_identification:_identify(src/sensor_adapter) by extension 'colcon_pkg'
[0.095s] Level 1:colcon.colcon_core.package_identification:_identify(src/sensor_adapter) by extensions ['colcon_meta']
[0.095s] Level 1:colcon.colcon_core.package_identification:_identify(src/sensor_adapter) by extension 'colcon_meta'
[0.095s] Level 1:colcon.colcon_core.package_identification:_identify(src/sensor_adapter) by extensions ['ros']
[0.095s] Level 1:colcon.colcon_core.package_identification:_identify(src/sensor_adapter) by extension 'ros'
[0.095s] DEBUG:colcon.colcon_core.package_identification:Package 'src/sensor_adapter' with type 'ros.ament_python' and name 'sensor_adapter'
[0.095s] Level 1:colcon.colcon_core.package_identification:_identify(src/slam_interfaces) by extensions ['ignore', 'ignore_ament_install']
[0.095s] Level 1:colcon.colcon_core.package_identification:_identify(src/slam_interfaces) by extension 'ignore'
[0.095s] Level 1:colcon.colcon_core.package_identification:_identify(src/slam_interfaces) by extension 'ignore_ament_install'
[0.095s] Level 1:colcon.colcon_core.package_identification:_identify(src/slam_interfaces) by extensions ['colcon_pkg']
[0.095s] Level 1:colcon.colcon_core.package_identification:_identify(src/slam_interfaces) by extension 'colcon_pkg'
[0.095s] Level 1:colcon.colcon_core.package_identification:_identify(src/slam_interfaces) by extensions ['colcon_meta']
[0.095s] Level 1:colcon.colcon_core.package_identification:_identify(src/slam_interfaces) by extension 'colcon_meta'
[0.095s] Level 1:colcon.colcon_core.package_identification:_identify(src/slam_interfaces) by extensions ['ros']
[0.095s] Level 1:colcon.colcon_core.package_identification:_identify(src/slam_interfaces) by extension 'ros'
[0.095s] DEBUG:colcon.colcon_core.package_identification:Package 'src/slam_interfaces' with type 'ros.ament_cmake' and name 'slam_interfaces'
[0.095s] Level 1:colcon.colcon_core.package_identification:_identify(src/tf_manager) by extensions ['ignore', 'ignore_ament_install']
[0.095s] Level 1:colcon.colcon_core.package_identification:_identify(src/tf_manager) by extension 'ignore'
[0.095s] Level 1:colcon.colcon_core.package_identification:_identify(src/tf_manager) by extension 'ignore_ament_install'
[0.095s] Level 1:colcon.colcon_core.package_identification:_identify(src/tf_manager) by extensions ['colcon_pkg']
[0.095s] Level 1:colcon.colcon_core.package_identification:_identify(src/tf_manager) by extension 'colcon_pkg'
[0.095s] Level 1:colcon.colcon_core.package_identification:_identify(src/tf_manager) by extensions ['colcon_meta']
[0.095s] Level 1:colcon.colcon_core.package_identification:_identify(src/tf_manager) by extension 'colcon_meta'
[0.095s] Level 1:colcon.colcon_core.package_identification:_identify(src/tf_manager) by extensions ['ros']
[0.095s] Level 1:colcon.colcon_core.package_identification:_identify(src/tf_manager) by extension 'ros'
[0.096s] DEBUG:colcon.colcon_core.package_identification:Package 'src/tf_manager' with type 'ros.ament_python' and name 'tf_manager'
[0.096s] Level 1:colcon.colcon_core.package_identification:_identify(src/world_manager) by extensions ['ignore', 'ignore_ament_install']
[0.096s] Level 1:colcon.colcon_core.package_identification:_identify(src/world_manager) by extension 'ignore'
[0.096s] Level 1:colcon.colcon_core.package_identification:_identify(src/world_manager) by extension 'ignore_ament_install'
[0.096s] Level 1:colcon.colcon_core.package_identification:_identify(src/world_manager) by extensions ['colcon_pkg']
[0.096s] Level 1:colcon.colcon_core.package_identification:_identify(src/world_manager) by extension 'colcon_pkg'
[0.096s] Level 1:colcon.colcon_core.package_identification:_identify(src/world_manager) by extensions ['colcon_meta']
[0.096s] Level 1:colcon.colcon_core.package_identification:_identify(src/world_manager) by extension 'colcon_meta'
[0.096s] Level 1:colcon.colcon_core.package_identification:_identify(src/world_manager) by extensions ['ros']
[0.096s] Level 1:colcon.colcon_core.package_identification:_identify(src/world_manager) by extension 'ros'
[0.096s] DEBUG:colcon.colcon_core.package_identification:Package 'src/world_manager' with type 'ros.ament_python' and name 'world_manager'
[0.096s] Level 1:colcon.colcon_core.package_identification:_identify(worlds) by extensions ['ignore', 'ignore_ament_install']
[0.096s] Level 1:colcon.colcon_core.package_identification:_identify(worlds) by extension 'ignore'
[0.096s] Level 1:colcon.colcon_core.package_identification:_identify(worlds) by extension 'ignore_ament_install'
[0.096s] Level 1:colcon.colcon_core.package_identification:_identify(worlds) by extensions ['colcon_pkg']
[0.096s] Level 1:colcon.colcon_core.package_identification:_identify(worlds) by extension 'colcon_pkg'
[0.096s] Level 1:colcon.colcon_core.package_identification:_identify(worlds) by extensions ['colcon_meta']
[0.096s] Level 1:colcon.colcon_core.package_identification:_identify(worlds) by extension 'colcon_meta'
[0.096s] Level 1:colcon.colcon_core.package_identification:_identify(worlds) by extensions ['ros']
[0.096s] Level 1:colcon.colcon_core.package_identification:_identify(worlds) by extension 'ros'
[0.096s] Level 1:colcon.colcon_core.package_identification:_identify(worlds) by extensions ['cmake', 'python']
[0.096s] Level 1:colcon.colcon_core.package_identification:_identify(worlds) by extension 'cmake'
[0.096s] Level 1:colcon.colcon_core.package_identification:_identify(worlds) by extension 'python'
[0.096s] Level 1:colcon.colcon_core.package_identification:_identify(worlds) by extensions ['python_setup_py']
[0.096s] Level 1:colcon.colcon_core.package_identification:_identify(worlds) by extension 'python_setup_py'
[0.096s] Level 1:colcon.colcon_core.package_identification:_identify(worlds/corridor) by extensions ['ignore', 'ignore_ament_install']
[0.096s] Level 1:colcon.colcon_core.package_identification:_identify(worlds/corridor) by extension 'ignore'
[0.096s] Level 1:colcon.colcon_core.package_identification:_identify(worlds/corridor) by extension 'ignore_ament_install'
[0.096s] Level 1:colcon.colcon_core.package_identification:_identify(worlds/corridor) by extensions ['colcon_pkg']
[0.097s] Level 1:colcon.colcon_core.package_identification:_identify(worlds/corridor) by extension 'colcon_pkg'
[0.097s] Level 1:colcon.colcon_core.package_identification:_identify(worlds/corridor) by extensions ['colcon_meta']
[0.097s] Level 1:colcon.colcon_core.package_identification:_identify(worlds/corridor) by extension 'colcon_meta'
[0.097s] Level 1:colcon.colcon_core.package_identification:_identify(worlds/corridor) by extensions ['ros']
[0.097s] Level 1:colcon.colcon_core.package_identification:_identify(worlds/corridor) by extension 'ros'
[0.097s] Level 1:colcon.colcon_core.package_identification:_identify(worlds/corridor) by extensions ['cmake', 'python']
[0.097s] Level 1:colcon.colcon_core.package_identification:_identify(worlds/corridor) by extension 'cmake'
[0.097s] Level 1:colcon.colcon_core.package_identification:_identify(worlds/corridor) by extension 'python'
[0.097s] Level 1:colcon.colcon_core.package_identification:_identify(worlds/corridor) by extensions ['python_setup_py']
[0.097s] Level 1:colcon.colcon_core.package_identification:_identify(worlds/corridor) by extension 'python_setup_py'
[0.097s] Level 1:colcon.colcon_core.package_identification:_identify(worlds/multiroom) by extensions ['ignore', 'ignore_ament_install']
[0.097s] Level 1:colcon.colcon_core.package_identification:_identify(worlds/multiroom) by extension 'ignore'
[0.097s] Level 1:colcon.colcon_core.package_identification:_identify(worlds/multiroom) by extension 'ignore_ament_install'
[0.097s] Level 1:colcon.colcon_core.package_identification:_identify(worlds/multiroom) by extensions ['colcon_pkg']
[0.097s] Level 1:colcon.colcon_core.package_identification:_identify(worlds/multiroom) by extension 'colcon_pkg'
[0.097s] Level 1:colcon.colcon_core.package_identification:_identify(worlds/multiroom) by extensions ['colcon_meta']
[0.097s] Level 1:colcon.colcon_core.package_identification:_identify(worlds/multiroom) by extension 'colcon_meta'
[0.097s] Level 1:colcon.colcon_core.package_identification:_identify(worlds/multiroom) by extensions ['ros']
[0.097s] Level 1:colcon.colcon_core.package_identification:_identify(worlds/multiroom) by extension 'ros'
[0.097s] Level 1:colcon.colcon_core.package_identification:_identify(worlds/multiroom) by extensions ['cmake', 'python']
[0.097s] Level 1:colcon.colcon_core.package_identification:_identify(worlds/multiroom) by extension 'cmake'
[0.097s] Level 1:colcon.colcon_core.package_identification:_identify(worlds/multiroom) by extension 'python'
[0.097s] Level 1:colcon.colcon_core.package_identification:_identify(worlds/multiroom) by extensions ['python_setup_py']
[0.097s] Level 1:colcon.colcon_core.package_identification:_identify(worlds/multiroom) by extension 'python_setup_py'
[0.097s] Level 1:colcon.colcon_core.package_identification:_identify(worlds/office) by extensions ['ignore', 'ignore_ament_install']
[0.097s] Level 1:colcon.colcon_core.package_identification:_identify(worlds/office) by extension 'ignore'
[0.097s] Level 1:colcon.colcon_core.package_identification:_identify(worlds/office) by extension 'ignore_ament_install'
[0.097s] Level 1:colcon.colcon_core.package_identification:_identify(worlds/office) by extensions ['colcon_pkg']
[0.097s] Level 1:colcon.colcon_core.package_identification:_identify(worlds/office) by extension 'colcon_pkg'
[0.097s] Level 1:colcon.colcon_core.package_identification:_identify(worlds/office) by extensions ['colcon_meta']
[0.097s] Level 1:colcon.colcon_core.package_identification:_identify(worlds/office) by extension 'colcon_meta'
[0.097s] Level 1:colcon.colcon_core.package_identification:_identify(worlds/office) by extensions ['ros']
[0.097s] Level 1:colcon.colcon_core.package_identification:_identify(worlds/office) by extension 'ros'
[0.097s] Level 1:colcon.colcon_core.package_identification:_identify(worlds/office) by extensions ['cmake', 'python']
[0.097s] Level 1:colcon.colcon_core.package_identification:_identify(worlds/office) by extension 'cmake'
[0.097s] Level 1:colcon.colcon_core.package_identification:_identify(worlds/office) by extension 'python'
[0.097s] Level 1:colcon.colcon_core.package_identification:_identify(worlds/office) by extensions ['python_setup_py']
[0.097s] Level 1:colcon.colcon_core.package_identification:_identify(worlds/office) by extension 'python_setup_py'
[0.097s] Level 1:colcon.colcon_core.package_identification:_identify(worlds/test_world) by extensions ['ignore', 'ignore_ament_install']
[0.097s] Level 1:colcon.colcon_core.package_identification:_identify(worlds/test_world) by extension 'ignore'
[0.097s] Level 1:colcon.colcon_core.package_identification:_identify(worlds/test_world) by extension 'ignore_ament_install'
[0.097s] Level 1:colcon.colcon_core.package_identification:_identify(worlds/test_world) by extensions ['colcon_pkg']
[0.097s] Level 1:colcon.colcon_core.package_identification:_identify(worlds/test_world) by extension 'colcon_pkg'
[0.097s] Level 1:colcon.colcon_core.package_identification:_identify(worlds/test_world) by extensions ['colcon_meta']
[0.097s] Level 1:colcon.colcon_core.package_identification:_identify(worlds/test_world) by extension 'colcon_meta'
[0.097s] Level 1:colcon.colcon_core.package_identification:_identify(worlds/test_world) by extensions ['ros']
[0.097s] Level 1:colcon.colcon_core.package_identification:_identify(worlds/test_world) by extension 'ros'
[0.097s] Level 1:colcon.colcon_core.package_identification:_identify(worlds/test_world) by extensions ['cmake', 'python']
[0.097s] Level 1:colcon.colcon_core.package_identification:_identify(worlds/test_world) by extension 'cmake'
[0.097s] Level 1:colcon.colcon_core.package_identification:_identify(worlds/test_world) by extension 'python'
[0.097s] Level 1:colcon.colcon_core.package_identification:_identify(worlds/test_world) by extensions ['python_setup_py']
[0.097s] Level 1:colcon.colcon_core.package_identification:_identify(worlds/test_world) by extension 'python_setup_py'
[0.097s] Level 1:colcon.colcon_core.package_identification:_identify(worlds/warehouse) by extensions ['ignore', 'ignore_ament_install']
[0.097s] Level 1:colcon.colcon_core.package_identification:_identify(worlds/warehouse) by extension 'ignore'
[0.097s] Level 1:colcon.colcon_core.package_identification:_identify(worlds/warehouse) by extension 'ignore_ament_install'
[0.097s] Level 1:colcon.colcon_core.package_identification:_identify(worlds/warehouse) by extensions ['colcon_pkg']
[0.097s] Level 1:colcon.colcon_core.package_identification:_identify(worlds/warehouse) by extension 'colcon_pkg'
[0.098s] Level 1:colcon.colcon_core.package_identification:_identify(worlds/warehouse) by extensions ['colcon_meta']
[0.098s] Level 1:colcon.colcon_core.package_identification:_identify(worlds/warehouse) by extension 'colcon_meta'
[0.098s] Level 1:colcon.colcon_core.package_identification:_identify(worlds/warehouse) by extensions ['ros']
[0.098s] Level 1:colcon.colcon_core.package_identification:_identify(worlds/warehouse) by extension 'ros'
[0.098s] Level 1:colcon.colcon_core.package_identification:_identify(worlds/warehouse) by extensions ['cmake', 'python']
[0.098s] Level 1:colcon.colcon_core.package_identification:_identify(worlds/warehouse) by extension 'cmake'
[0.098s] Level 1:colcon.colcon_core.package_identification:_identify(worlds/warehouse) by extension 'python'
[0.098s] Level 1:colcon.colcon_core.package_identification:_identify(worlds/warehouse) by extensions ['python_setup_py']
[0.098s] Level 1:colcon.colcon_core.package_identification:_identify(worlds/warehouse) by extension 'python_setup_py'
[0.098s] Level 1:colcon.colcon_core.package_discovery:discover_packages(recursive) using defaults
[0.098s] Level 1:colcon.colcon_core.package_discovery:discover_packages(ignore) discover
[0.098s] Level 1:colcon.colcon_core.package_discovery:discover_packages(ignore) using defaults
[0.098s] Level 1:colcon.colcon_core.package_discovery:discover_packages(path) discover
[0.098s] Level 1:colcon.colcon_core.package_discovery:discover_packages(path) using defaults
[0.109s] Level 1:colcon.colcon_core.package_discovery:discover_packages(prefix_path) check parameters
[0.109s] Level 1:colcon.colcon_core.package_discovery:discover_packages(prefix_path) discover
[0.110s] DEBUG:colcon.colcon_installed_package_information.package_discovery:Found 9 installed packages in /home/abhirup/slam_platform/slam_ws/install
[0.110s] DEBUG:colcon.colcon_installed_package_information.package_discovery:Found 194 installed packages in /opt/ros/jazzy
[0.110s] Level 1:colcon.colcon_core.package_discovery:discover_packages(prefix_path) using defaults
[0.122s] Level 5:colcon.colcon_core.verb:set package 'evaluator_ros' build argument 'cmake_args' from command line to 'None'
[0.122s] Level 5:colcon.colcon_core.verb:set package 'evaluator_ros' build argument 'cmake_target' from command line to 'None'
[0.122s] Level 5:colcon.colcon_core.verb:set package 'evaluator_ros' build argument 'cmake_target_skip_unavailable' from command line to 'False'
[0.122s] Level 5:colcon.colcon_core.verb:set package 'evaluator_ros' build argument 'cmake_clean_cache' from command line to 'False'
[0.122s] Level 5:colcon.colcon_core.verb:set package 'evaluator_ros' build argument 'cmake_clean_first' from command line to 'False'
[0.122s] Level 5:colcon.colcon_core.verb:set package 'evaluator_ros' build argument 'cmake_force_configure' from command line to 'False'
[0.122s] Level 5:colcon.colcon_core.verb:set package 'evaluator_ros' build argument 'ament_cmake_args' from command line to 'None'
[0.122s] Level 5:colcon.colcon_core.verb:set package 'evaluator_ros' build argument 'catkin_cmake_args' from command line to 'None'
[0.122s] Level 5:colcon.colcon_core.verb:set package 'evaluator_ros' build argument 'catkin_skip_building_tests' from command line to 'False'
[0.122s] DEBUG:colcon.colcon_core.verb:Building package 'evaluator_ros' with the following arguments: {'ament_cmake_args': None, 'build_base': '/home/abhirup/slam_platform/slam_ws/build/evaluator_ros', 'catkin_cmake_args': None, 'catkin_skip_building_tests': False, 'cmake_args': None, 'cmake_clean_cache': False, 'cmake_clean_first': False, 'cmake_force_configure': False, 'cmake_target': None, 'cmake_target_skip_unavailable': False, 'install_base': '/home/abhirup/slam_platform/slam_ws/install/evaluator_ros', 'merge_install': False, 'path': '/home/abhirup/slam_platform/slam_ws/src/evaluator_ros', 'symlink_install': False, 'test_result_base': None}
[0.122s] Level 5:colcon.colcon_core.verb:set package 'experiment_manager' build argument 'cmake_args' from command line to 'None'
[0.122s] Level 5:colcon.colcon_core.verb:set package 'experiment_manager' build argument 'cmake_target' from command line to 'None'
[0.122s] Level 5:colcon.colcon_core.verb:set package 'experiment_manager' build argument 'cmake_target_skip_unavailable' from command line to 'False'
[0.122s] Level 5:colcon.colcon_core.verb:set package 'experiment_manager' build argument 'cmake_clean_cache' from command line to 'False'
[0.122s] Level 5:colcon.colcon_core.verb:set package 'experiment_manager' build argument 'cmake_clean_first' from command line to 'False'
[0.122s] Level 5:colcon.colcon_core.verb:set package 'experiment_manager' build argument 'cmake_force_configure' from command line to 'False'
[0.122s] Level 5:colcon.colcon_core.verb:set package 'experiment_manager' build argument 'ament_cmake_args' from command line to 'None'
[0.122s] Level 5:colcon.colcon_core.verb:set package 'experiment_manager' build argument 'catkin_cmake_args' from command line to 'None'
[0.122s] Level 5:colcon.colcon_core.verb:set package 'experiment_manager' build argument 'catkin_skip_building_tests' from command line to 'False'
[0.122s] DEBUG:colcon.colcon_core.verb:Building package 'experiment_manager' with the following arguments: {'ament_cmake_args': None, 'build_base': '/home/abhirup/slam_platform/slam_ws/build/experiment_manager', 'catkin_cmake_args': None, 'catkin_skip_building_tests': False, 'cmake_args': None, 'cmake_clean_cache': False, 'cmake_clean_first': False, 'cmake_force_configure': False, 'cmake_target': None, 'cmake_target_skip_unavailable': False, 'install_base': '/home/abhirup/slam_platform/slam_ws/install/experiment_manager', 'merge_install': False, 'path': '/home/abhirup/slam_platform/slam_ws/src/experiment_manager', 'symlink_install': False, 'test_result_base': None}
[0.122s] Level 5:colcon.colcon_core.verb:set package 'groung_truth_provider' build argument 'cmake_args' from command line to 'None'
[0.122s] Level 5:colcon.colcon_core.verb:set package 'groung_truth_provider' build argument 'cmake_target' from command line to 'None'
[0.122s] Level 5:colcon.colcon_core.verb:set package 'groung_truth_provider' build argument 'cmake_target_skip_unavailable' from command line to 'False'
[0.122s] Level 5:colcon.colcon_core.verb:set package 'groung_truth_provider' build argument 'cmake_clean_cache' from command line to 'False'
[0.122s] Level 5:colcon.colcon_core.verb:set package 'groung_truth_provider' build argument 'cmake_clean_first' from command line to 'False'
[0.122s] Level 5:colcon.colcon_core.verb:set package 'groung_truth_provider' build argument 'cmake_force_configure' from command line to 'False'
[0.122s] Level 5:colcon.colcon_core.verb:set package 'groung_truth_provider' build argument 'ament_cmake_args' from command line to 'None'
[0.122s] Level 5:colcon.colcon_core.verb:set package 'groung_truth_provider' build argument 'catkin_cmake_args' from command line to 'None'
[0.122s] Level 5:colcon.colcon_core.verb:set package 'groung_truth_provider' build argument 'catkin_skip_building_tests' from command line to 'False'
[0.122s] DEBUG:colcon.colcon_core.verb:Building package 'groung_truth_provider' with the following arguments: {'ament_cmake_args': None, 'build_base': '/home/abhirup/slam_platform/slam_ws/build/groung_truth_provider', 'catkin_cmake_args': None, 'catkin_skip_building_tests': False, 'cmake_args': None, 'cmake_clean_cache': False, 'cmake_clean_first': False, 'cmake_force_configure': False, 'cmake_target': None, 'cmake_target_skip_unavailable': False, 'install_base': '/home/abhirup/slam_platform/slam_ws/install/groung_truth_provider', 'merge_install': False, 'path': '/home/abhirup/slam_platform/slam_ws/src/groung_truth_provider', 'symlink_install': False, 'test_result_base': None}
[0.122s] Level 5:colcon.colcon_core.verb:set package 'robot_bringup' build argument 'cmake_args' from command line to 'None'
[0.122s] Level 5:colcon.colcon_core.verb:set package 'robot_bringup' build argument 'cmake_target' from command line to 'None'
[0.122s] Level 5:colcon.colcon_core.verb:set package 'robot_bringup' build argument 'cmake_target_skip_unavailable' from command line to 'False'
[0.122s] Level 5:colcon.colcon_core.verb:set package 'robot_bringup' build argument 'cmake_clean_cache' from command line to 'False'
[0.122s] Level 5:colcon.colcon_core.verb:set package 'robot_bringup' build argument 'cmake_clean_first' from command line to 'False'
[0.122s] Level 5:colcon.colcon_core.verb:set package 'robot_bringup' build argument 'cmake_force_configure' from command line to 'False'
[0.122s] Level 5:colcon.colcon_core.verb:set package 'robot_bringup' build argument 'ament_cmake_args' from command line to 'None'
[0.122s] Level 5:colcon.colcon_core.verb:set package 'robot_bringup' build argument 'catkin_cmake_args' from command line to 'None'
[0.123s] Level 5:colcon.colcon_core.verb:set package 'robot_bringup' build argument 'catkin_skip_building_tests' from command line to 'False'
[0.123s] DEBUG:colcon.colcon_core.verb:Building package 'robot_bringup' with the following arguments: {'ament_cmake_args': None, 'build_base': '/home/abhirup/slam_platform/slam_ws/build/robot_bringup', 'catkin_cmake_args': None, 'catkin_skip_building_tests': False, 'cmake_args': None, 'cmake_clean_cache': False, 'cmake_clean_first': False, 'cmake_force_configure': False, 'cmake_target': None, 'cmake_target_skip_unavailable': False, 'install_base': '/home/abhirup/slam_platform/slam_ws/install/robot_bringup', 'merge_install': False, 'path': '/home/abhirup/slam_platform/slam_ws/src/robot_bringup', 'symlink_install': False, 'test_result_base': None}
[0.123s] Level 5:colcon.colcon_core.verb:set package 'ros_gz_bridge_manager' build argument 'cmake_args' from command line to 'None'
[0.123s] Level 5:colcon.colcon_core.verb:set package 'ros_gz_bridge_manager' build argument 'cmake_target' from command line to 'None'
[0.123s] Level 5:colcon.colcon_core.verb:set package 'ros_gz_bridge_manager' build argument 'cmake_target_skip_unavailable' from command line to 'False'
[0.123s] Level 5:colcon.colcon_core.verb:set package 'ros_gz_bridge_manager' build argument 'cmake_clean_cache' from command line to 'False'
[0.123s] Level 5:colcon.colcon_core.verb:set package 'ros_gz_bridge_manager' build argument 'cmake_clean_first' from command line to 'False'
[0.123s] Level 5:colcon.colcon_core.verb:set package 'ros_gz_bridge_manager' build argument 'cmake_force_configure' from command line to 'False'
[0.123s] Level 5:colcon.colcon_core.verb:set package 'ros_gz_bridge_manager' build argument 'ament_cmake_args' from command line to 'None'
[0.123s] Level 5:colcon.colcon_core.verb:set package 'ros_gz_bridge_manager' build argument 'catkin_cmake_args' from command line to 'None'
[0.123s] Level 5:colcon.colcon_core.verb:set package 'ros_gz_bridge_manager' build argument 'catkin_skip_building_tests' from command line to 'False'
[0.123s] DEBUG:colcon.colcon_core.verb:Building package 'ros_gz_bridge_manager' with the following arguments: {'ament_cmake_args': None, 'build_base': '/home/abhirup/slam_platform/slam_ws/build/ros_gz_bridge_manager', 'catkin_cmake_args': None, 'catkin_skip_building_tests': False, 'cmake_args': None, 'cmake_clean_cache': False, 'cmake_clean_first': False, 'cmake_force_configure': False, 'cmake_target': None, 'cmake_target_skip_unavailable': False, 'install_base': '/home/abhirup/slam_platform/slam_ws/install/ros_gz_bridge_manager', 'merge_install': False, 'path': '/home/abhirup/slam_platform/slam_ws/src/ros_gz_bridge_manager', 'symlink_install': False, 'test_result_base': None}
[0.123s] Level 5:colcon.colcon_core.verb:set package 'sensor_adapter' build argument 'cmake_args' from command line to 'None'
[0.123s] Level 5:colcon.colcon_core.verb:set package 'sensor_adapter' build argument 'cmake_target' from command line to 'None'
[0.123s] Level 5:colcon.colcon_core.verb:set package 'sensor_adapter' build argument 'cmake_target_skip_unavailable' from command line to 'False'
[0.123s] Level 5:colcon.colcon_core.verb:set package 'sensor_adapter' build argument 'cmake_clean_cache' from command line to 'False'
[0.123s] Level 5:colcon.colcon_core.verb:set package 'sensor_adapter' build argument 'cmake_clean_first' from command line to 'False'
[0.123s] Level 5:colcon.colcon_core.verb:set package 'sensor_adapter' build argument 'cmake_force_configure' from command line to 'False'
[0.123s] Level 5:colcon.colcon_core.verb:set package 'sensor_adapter' build argument 'ament_cmake_args' from command line to 'None'
[0.123s] Level 5:colcon.colcon_core.verb:set package 'sensor_adapter' build argument 'catkin_cmake_args' from command line to 'None'
[0.123s] Level 5:colcon.colcon_core.verb:set package 'sensor_adapter' build argument 'catkin_skip_building_tests' from command line to 'False'
[0.123s] DEBUG:colcon.colcon_core.verb:Building package 'sensor_adapter' with the following arguments: {'ament_cmake_args': None, 'build_base': '/home/abhirup/slam_platform/slam_ws/build/sensor_adapter', 'catkin_cmake_args': None, 'catkin_skip_building_tests': False, 'cmake_args': None, 'cmake_clean_cache': False, 'cmake_clean_first': False, 'cmake_force_configure': False, 'cmake_target': None, 'cmake_target_skip_unavailable': False, 'install_base': '/home/abhirup/slam_platform/slam_ws/install/sensor_adapter', 'merge_install': False, 'path': '/home/abhirup/slam_platform/slam_ws/src/sensor_adapter', 'symlink_install': False, 'test_result_base': None}
[0.123s] Level 5:colcon.colcon_core.verb:set package 'slam_interfaces' build argument 'cmake_args' from command line to 'None'
[0.123s] Level 5:colcon.colcon_core.verb:set package 'slam_interfaces' build argument 'cmake_target' from command line to 'None'
[0.123s] Level 5:colcon.colcon_core.verb:set package 'slam_interfaces' build argument 'cmake_target_skip_unavailable' from command line to 'False'
[0.123s] Level 5:colcon.colcon_core.verb:set package 'slam_interfaces' build argument 'cmake_clean_cache' from command line to 'False'
[0.123s] Level 5:colcon.colcon_core.verb:set package 'slam_interfaces' build argument 'cmake_clean_first' from command line to 'False'
[0.123s] Level 5:colcon.colcon_core.verb:set package 'slam_interfaces' build argument 'cmake_force_configure' from command line to 'False'
[0.123s] Level 5:colcon.colcon_core.verb:set package 'slam_interfaces' build argument 'ament_cmake_args' from command line to 'None'
[0.123s] Level 5:colcon.colcon_core.verb:set package 'slam_interfaces' build argument 'catkin_cmake_args' from command line to 'None'
[0.123s] Level 5:colcon.colcon_core.verb:set package 'slam_interfaces' build argument 'catkin_skip_building_tests' from command line to 'False'
[0.123s] DEBUG:colcon.colcon_core.verb:Building package 'slam_interfaces' with the following arguments: {'ament_cmake_args': None, 'build_base': '/home/abhirup/slam_platform/slam_ws/build/slam_interfaces', 'catkin_cmake_args': None, 'catkin_skip_building_tests': False, 'cmake_args': None, 'cmake_clean_cache': False, 'cmake_clean_first': False, 'cmake_force_configure': False, 'cmake_target': None, 'cmake_target_skip_unavailable': False, 'install_base': '/home/abhirup/slam_platform/slam_ws/install/slam_interfaces', 'merge_install': False, 'path': '/home/abhirup/slam_platform/slam_ws/src/slam_interfaces', 'symlink_install': False, 'test_result_base': None}
[0.123s] Level 5:colcon.colcon_core.verb:set package 'tf_manager' build argument 'cmake_args' from command line to 'None'
[0.123s] Level 5:colcon.colcon_core.verb:set package 'tf_manager' build argument 'cmake_target' from command line to 'None'
[0.123s] Level 5:colcon.colcon_core.verb:set package 'tf_manager' build argument 'cmake_target_skip_unavailable' from command line to 'False'
[0.123s] Level 5:colcon.colcon_core.verb:set package 'tf_manager' build argument 'cmake_clean_cache' from command line to 'False'
[0.123s] Level 5:colcon.colcon_core.verb:set package 'tf_manager' build argument 'cmake_clean_first' from command line to 'False'
[0.123s] Level 5:colcon.colcon_core.verb:set package 'tf_manager' build argument 'cmake_force_configure' from command line to 'False'
[0.123s] Level 5:colcon.colcon_core.verb:set package 'tf_manager' build argument 'ament_cmake_args' from command line to 'None'
[0.123s] Level 5:colcon.colcon_core.verb:set package 'tf_manager' build argument 'catkin_cmake_args' from command line to 'None'
[0.123s] Level 5:colcon.colcon_core.verb:set package 'tf_manager' build argument 'catkin_skip_building_tests' from command line to 'False'
[0.123s] DEBUG:colcon.colcon_core.verb:Building package 'tf_manager' with the following arguments: {'ament_cmake_args': None, 'build_base': '/home/abhirup/slam_platform/slam_ws/build/tf_manager', 'catkin_cmake_args': None, 'catkin_skip_building_tests': False, 'cmake_args': None, 'cmake_clean_cache': False, 'cmake_clean_first': False, 'cmake_force_configure': False, 'cmake_target': None, 'cmake_target_skip_unavailable': False, 'install_base': '/home/abhirup/slam_platform/slam_ws/install/tf_manager', 'merge_install': False, 'path': '/home/abhirup/slam_platform/slam_ws/src/tf_manager', 'symlink_install': False, 'test_result_base': None}
[0.123s] Level 5:colcon.colcon_core.verb:set package 'world_manager' build argument 'cmake_args' from command line to 'None'
[0.123s] Level 5:colcon.colcon_core.verb:set package 'world_manager' build argument 'cmake_target' from command line to 'None'
[0.123s] Level 5:colcon.colcon_core.verb:set package 'world_manager' build argument 'cmake_target_skip_unavailable' from command line to 'False'
[0.123s] Level 5:colcon.colcon_core.verb:set package 'world_manager' build argument 'cmake_clean_cache' from command line to 'False'
[0.123s] Level 5:colcon.colcon_core.verb:set package 'world_manager' build argument 'cmake_clean_first' from command line to 'False'
[0.123s] Level 5:colcon.colcon_core.verb:set package 'world_manager' build argument 'cmake_force_configure' from command line to 'False'
[0.123s] Level 5:colcon.colcon_core.verb:set package 'world_manager' build argument 'ament_cmake_args' from command line to 'None'
[0.123s] Level 5:colcon.colcon_core.verb:set package 'world_manager' build argument 'catkin_cmake_args' from command line to 'None'
[0.123s] Level 5:colcon.colcon_core.verb:set package 'world_manager' build argument 'catkin_skip_building_tests' from command line to 'False'
[0.123s] DEBUG:colcon.colcon_core.verb:Building package 'world_manager' with the following arguments: {'ament_cmake_args': None, 'build_base': '/home/abhirup/slam_platform/slam_ws/build/world_manager', 'catkin_cmake_args': None, 'catkin_skip_building_tests': False, 'cmake_args': None, 'cmake_clean_cache': False, 'cmake_clean_first': False, 'cmake_force_configure': False, 'cmake_target': None, 'cmake_target_skip_unavailable': False, 'install_base': '/home/abhirup/slam_platform/slam_ws/install/world_manager', 'merge_install': False, 'path': '/home/abhirup/slam_platform/slam_ws/src/world_manager', 'symlink_install': False, 'test_result_base': None}
[0.123s] INFO:colcon.colcon_core.executor:Executing jobs using 'parallel' executor
[0.124s] DEBUG:colcon.colcon_parallel_executor.executor.parallel:run_until_complete
[0.124s] INFO:colcon.colcon_ros.task.ament_python.build:Building ROS package in '/home/abhirup/slam_platform/slam_ws/src/evaluator_ros' with build type 'ament_python'
[0.124s] Level 1:colcon.colcon_core.shell:create_environment_hook('evaluator_ros', 'ament_prefix_path')
[0.126s] INFO:colcon.colcon_core.plugin_system:Skipping extension 'colcon_core.shell.bat': Not used on non-Windows systems
[0.126s] INFO:colcon.colcon_core.shell:Creating environment hook '/home/abhirup/slam_platform/slam_ws/install/evaluator_ros/share/evaluator_ros/hook/ament_prefix_path.ps1'
[0.127s] INFO:colcon.colcon_core.shell:Creating environment descriptor '/home/abhirup/slam_platform/slam_ws/install/evaluator_ros/share/evaluator_ros/hook/ament_prefix_path.dsv'
[0.127s] INFO:colcon.colcon_core.shell:Creating environment hook '/home/abhirup/slam_platform/slam_ws/install/evaluator_ros/share/evaluator_ros/hook/ament_prefix_path.sh'
[0.127s] INFO:colcon.colcon_core.shell:Skip shell extension 'powershell' for command environment: Not usable outside of PowerShell
[0.128s] DEBUG:colcon.colcon_core.shell:Skip shell extension 'dsv' for command environment
[0.130s] INFO:colcon.colcon_ros.task.ament_python.build:Building ROS package in '/home/abhirup/slam_platform/slam_ws/src/experiment_manager' with build type 'ament_python'
[0.130s] Level 1:colcon.colcon_core.shell:create_environment_hook('experiment_manager', 'ament_prefix_path')
[0.130s] INFO:colcon.colcon_core.shell:Creating environment hook '/home/abhirup/slam_platform/slam_ws/install/experiment_manager/share/experiment_manager/hook/ament_prefix_path.ps1'
[0.131s] INFO:colcon.colcon_core.shell:Creating environment descriptor '/home/abhirup/slam_platform/slam_ws/install/experiment_manager/share/experiment_manager/hook/ament_prefix_path.dsv'
[0.131s] INFO:colcon.colcon_core.shell:Creating environment hook '/home/abhirup/slam_platform/slam_ws/install/experiment_manager/share/experiment_manager/hook/ament_prefix_path.sh'
[0.131s] INFO:colcon.colcon_core.shell:Skip shell extension 'powershell' for command environment: Not usable outside of PowerShell
[0.132s] DEBUG:colcon.colcon_core.shell:Skip shell extension 'dsv' for command environment
[0.134s] INFO:colcon.colcon_ros.task.ament_python.build:Building ROS package in '/home/abhirup/slam_platform/slam_ws/src/groung_truth_provider' with build type 'ament_python'
[0.134s] Level 1:colcon.colcon_core.shell:create_environment_hook('groung_truth_provider', 'ament_prefix_path')
[0.134s] INFO:colcon.colcon_core.shell:Creating environment hook '/home/abhirup/slam_platform/slam_ws/install/groung_truth_provider/share/groung_truth_provider/hook/ament_prefix_path.ps1'
[0.134s] INFO:colcon.colcon_core.shell:Creating environment descriptor '/home/abhirup/slam_platform/slam_ws/install/groung_truth_provider/share/groung_truth_provider/hook/ament_prefix_path.dsv'
[0.134s] INFO:colcon.colcon_core.shell:Creating environment hook '/home/abhirup/slam_platform/slam_ws/install/groung_truth_provider/share/groung_truth_provider/hook/ament_prefix_path.sh'
[0.135s] INFO:colcon.colcon_core.shell:Skip shell extension 'powershell' for command environment: Not usable outside of PowerShell
[0.135s] DEBUG:colcon.colcon_core.shell:Skip shell extension 'dsv' for command environment
[0.137s] INFO:colcon.colcon_ros.task.ament_python.build:Building ROS package in '/home/abhirup/slam_platform/slam_ws/src/robot_bringup' with build type 'ament_python'
[0.137s] Level 1:colcon.colcon_core.shell:create_environment_hook('robot_bringup', 'ament_prefix_path')
[0.137s] INFO:colcon.colcon_core.shell:Creating environment hook '/home/abhirup/slam_platform/slam_ws/install/robot_bringup/share/robot_bringup/hook/ament_prefix_path.ps1'
[0.137s] INFO:colcon.colcon_core.shell:Creating environment descriptor '/home/abhirup/slam_platform/slam_ws/install/robot_bringup/share/robot_bringup/hook/ament_prefix_path.dsv'
[0.138s] INFO:colcon.colcon_core.shell:Creating environment hook '/home/abhirup/slam_platform/slam_ws/install/robot_bringup/share/robot_bringup/hook/ament_prefix_path.sh'
[0.138s] INFO:colcon.colcon_core.shell:Skip shell extension 'powershell' for command environment: Not usable outside of PowerShell
[0.138s] DEBUG:colcon.colcon_core.shell:Skip shell extension 'dsv' for command environment
[0.140s] INFO:colcon.colcon_ros.task.ament_python.build:Building ROS package in '/home/abhirup/slam_platform/slam_ws/src/ros_gz_bridge_manager' with build type 'ament_python'
[0.140s] Level 1:colcon.colcon_core.shell:create_environment_hook('ros_gz_bridge_manager', 'ament_prefix_path')
[0.140s] INFO:colcon.colcon_core.shell:Creating environment hook '/home/abhirup/slam_platform/slam_ws/install/ros_gz_bridge_manager/share/ros_gz_bridge_manager/hook/ament_prefix_path.ps1'
[0.141s] INFO:colcon.colcon_core.shell:Creating environment descriptor '/home/abhirup/slam_platform/slam_ws/install/ros_gz_bridge_manager/share/ros_gz_bridge_manager/hook/ament_prefix_path.dsv'
[0.141s] INFO:colcon.colcon_core.shell:Creating environment hook '/home/abhirup/slam_platform/slam_ws/install/ros_gz_bridge_manager/share/ros_gz_bridge_manager/hook/ament_prefix_path.sh'
[0.141s] INFO:colcon.colcon_core.shell:Skip shell extension 'powershell' for command environment: Not usable outside of PowerShell
[0.141s] DEBUG:colcon.colcon_core.shell:Skip shell extension 'dsv' for command environment
[0.142s] INFO:colcon.colcon_ros.task.ament_python.build:Building ROS package in '/home/abhirup/slam_platform/slam_ws/src/sensor_adapter' with build type 'ament_python'
[0.142s] Level 1:colcon.colcon_core.shell:create_environment_hook('sensor_adapter', 'ament_prefix_path')
[0.142s] INFO:colcon.colcon_core.shell:Creating environment hook '/home/abhirup/slam_platform/slam_ws/install/sensor_adapter/share/sensor_adapter/hook/ament_prefix_path.ps1'
[0.142s] INFO:colcon.colcon_core.shell:Creating environment descriptor '/home/abhirup/slam_platform/slam_ws/install/sensor_adapter/share/sensor_adapter/hook/ament_prefix_path.dsv'
[0.143s] INFO:colcon.colcon_core.shell:Creating environment hook '/home/abhirup/slam_platform/slam_ws/install/sensor_adapter/share/sensor_adapter/hook/ament_prefix_path.sh'
[0.143s] INFO:colcon.colcon_core.shell:Skip shell extension 'powershell' for command environment: Not usable outside of PowerShell
[0.143s] DEBUG:colcon.colcon_core.shell:Skip shell extension 'dsv' for command environment
[0.144s] INFO:colcon.colcon_ros.task.ament_cmake.build:Building ROS package in '/home/abhirup/slam_platform/slam_ws/src/slam_interfaces' with build type 'ament_cmake'
[0.144s] INFO:colcon.colcon_cmake.task.cmake.build:Building CMake package in '/home/abhirup/slam_platform/slam_ws/src/slam_interfaces'
[0.144s] INFO:colcon.colcon_core.shell:Skip shell extension 'powershell' for command environment: Not usable outside of PowerShell
[0.144s] DEBUG:colcon.colcon_core.shell:Skip shell extension 'dsv' for command environment
[0.145s] INFO:colcon.colcon_ros.task.ament_python.build:Building ROS package in '/home/abhirup/slam_platform/slam_ws/src/tf_manager' with build type 'ament_python'
[0.145s] Level 1:colcon.colcon_core.shell:create_environment_hook('tf_manager', 'ament_prefix_path')
[0.145s] INFO:colcon.colcon_core.shell:Creating environment hook '/home/abhirup/slam_platform/slam_ws/install/tf_manager/share/tf_manager/hook/ament_prefix_path.ps1'
[0.145s] INFO:colcon.colcon_core.shell:Creating environment descriptor '/home/abhirup/slam_platform/slam_ws/install/tf_manager/share/tf_manager/hook/ament_prefix_path.dsv'
[0.146s] INFO:colcon.colcon_core.shell:Creating environment hook '/home/abhirup/slam_platform/slam_ws/install/tf_manager/share/tf_manager/hook/ament_prefix_path.sh'
[0.146s] INFO:colcon.colcon_core.shell:Skip shell extension 'powershell' for command environment: Not usable outside of PowerShell
[0.146s] DEBUG:colcon.colcon_core.shell:Skip shell extension 'dsv' for command environment
[0.147s] INFO:colcon.colcon_ros.task.ament_python.build:Building ROS package in '/home/abhirup/slam_platform/slam_ws/src/world_manager' with build type 'ament_python'
[0.147s] Level 1:colcon.colcon_core.shell:create_environment_hook('world_manager', 'ament_prefix_path')
[0.147s] INFO:colcon.colcon_core.shell:Creating environment hook '/home/abhirup/slam_platform/slam_ws/install/world_manager/share/world_manager/hook/ament_prefix_path.ps1'
[0.147s] INFO:colcon.colcon_core.shell:Creating environment descriptor '/home/abhirup/slam_platform/slam_ws/install/world_manager/share/world_manager/hook/ament_prefix_path.dsv'
[0.147s] INFO:colcon.colcon_core.shell:Creating environment hook '/home/abhirup/slam_platform/slam_ws/install/world_manager/share/world_manager/hook/ament_prefix_path.sh'
[0.148s] INFO:colcon.colcon_core.shell:Skip shell extension 'powershell' for command environment: Not usable outside of PowerShell
[0.148s] DEBUG:colcon.colcon_core.shell:Skip shell extension 'dsv' for command environment
[0.245s] INFO:colcon.colcon_core.task.python.build:Building Python package in '/home/abhirup/slam_platform/slam_ws/src/evaluator_ros'
[0.245s] INFO:colcon.colcon_core.shell:Skip shell extension 'powershell' for command environment: Not usable outside of PowerShell
[0.245s] DEBUG:colcon.colcon_core.shell:Skip shell extension 'dsv' for command environment
[0.340s] INFO:colcon.colcon_core.task.python.build:Building Python package in '/home/abhirup/slam_platform/slam_ws/src/experiment_manager'
[0.340s] INFO:colcon.colcon_core.shell:Skip shell extension 'powershell' for command environment: Not usable outside of PowerShell
[0.340s] DEBUG:colcon.colcon_core.shell:Skip shell extension 'dsv' for command environment
[0.439s] INFO:colcon.colcon_core.task.python.build:Building Python package in '/home/abhirup/slam_platform/slam_ws/src/groung_truth_provider'
[0.439s] INFO:colcon.colcon_core.shell:Skip shell extension 'powershell' for command environment: Not usable outside of PowerShell
[0.439s] DEBUG:colcon.colcon_core.shell:Skip shell extension 'dsv' for command environment
[0.538s] INFO:colcon.colcon_core.task.python.build:Building Python package in '/home/abhirup/slam_platform/slam_ws/src/robot_bringup'
[0.538s] INFO:colcon.colcon_core.shell:Skip shell extension 'powershell' for command environment: Not usable outside of PowerShell
[0.538s] DEBUG:colcon.colcon_core.shell:Skip shell extension 'dsv' for command environment
[0.636s] INFO:colcon.colcon_core.task.python.build:Building Python package in '/home/abhirup/slam_platform/slam_ws/src/ros_gz_bridge_manager'
[0.636s] INFO:colcon.colcon_core.shell:Skip shell extension 'powershell' for command environment: Not usable outside of PowerShell
[0.636s] DEBUG:colcon.colcon_core.shell:Skip shell extension 'dsv' for command environment
[0.732s] INFO:colcon.colcon_core.task.python.build:Building Python package in '/home/abhirup/slam_platform/slam_ws/src/sensor_adapter'
[0.732s] INFO:colcon.colcon_core.shell:Skip shell extension 'powershell' for command environment: Not usable outside of PowerShell
[0.732s] DEBUG:colcon.colcon_core.shell:Skip shell extension 'dsv' for command environment
[0.735s] DEBUG:colcon.colcon_core.event_handler.log_command:Invoking command in '/home/abhirup/slam_platform/slam_ws/build/slam_interfaces': CMAKE_PREFIX_PATH=${CMAKE_PREFIX_PATH}:/home/abhirup/slam_platform/slam_ws/install/world_manager:/home/abhirup/slam_platform/slam_ws/install/tf_manager:/home/abhirup/slam_platform/slam_ws/install/sensor_adapter:/home/abhirup/slam_platform/slam_ws/install/ros_gz_bridge_manager:/home/abhirup/slam_platform/slam_ws/install/robot_bringup:/home/abhirup/slam_platform/slam_ws/install/groung_truth_provider:/home/abhirup/slam_platform/slam_ws/install/experiment_manager:/home/abhirup/slam_platform/slam_ws/install/evaluator_ros:/opt/ros/jazzy DEBUGINFOD_URLS=https://debuginfod.ubuntu.com /usr/bin/cmake /home/abhirup/slam_platform/slam_ws/src/slam_interfaces -DCMAKE_INSTALL_PREFIX=/home/abhirup/slam_platform/slam_ws/install/slam_interfaces
[0.859s] INFO:colcon.colcon_core.task.python.build:Building Python package in '/home/abhirup/slam_platform/slam_ws/src/tf_manager'
[0.859s] INFO:colcon.colcon_core.shell:Skip shell extension 'powershell' for command environment: Not usable outside of PowerShell
[0.859s] DEBUG:colcon.colcon_core.shell:Skip shell extension 'dsv' for command environment
[0.984s] INFO:colcon.colcon_core.task.python.build:Building Python package in '/home/abhirup/slam_platform/slam_ws/src/world_manager'
[0.984s] INFO:colcon.colcon_core.shell:Skip shell extension 'powershell' for command environment: Not usable outside of PowerShell
[0.984s] DEBUG:colcon.colcon_core.shell:Skip shell extension 'dsv' for command environment
[0.990s] DEBUG:colcon.colcon_core.event_handler.log_command:Invoked command in '/home/abhirup/slam_platform/slam_ws/build/slam_interfaces' returned '0': CMAKE_PREFIX_PATH=${CMAKE_PREFIX_PATH}:/home/abhirup/slam_platform/slam_ws/install/world_manager:/home/abhirup/slam_platform/slam_ws/install/tf_manager:/home/abhirup/slam_platform/slam_ws/install/sensor_adapter:/home/abhirup/slam_platform/slam_ws/install/ros_gz_bridge_manager:/home/abhirup/slam_platform/slam_ws/install/robot_bringup:/home/abhirup/slam_platform/slam_ws/install/groung_truth_provider:/home/abhirup/slam_platform/slam_ws/install/experiment_manager:/home/abhirup/slam_platform/slam_ws/install/evaluator_ros:/opt/ros/jazzy DEBUGINFOD_URLS=https://debuginfod.ubuntu.com /usr/bin/cmake /home/abhirup/slam_platform/slam_ws/src/slam_interfaces -DCMAKE_INSTALL_PREFIX=/home/abhirup/slam_platform/slam_ws/install/slam_interfaces
[0.991s] DEBUG:colcon.colcon_core.event_handler.log_command:Invoking command in '/home/abhirup/slam_platform/slam_ws/build/slam_interfaces': CMAKE_PREFIX_PATH=${CMAKE_PREFIX_PATH}:/home/abhirup/slam_platform/slam_ws/install/world_manager:/home/abhirup/slam_platform/slam_ws/install/tf_manager:/home/abhirup/slam_platform/slam_ws/install/sensor_adapter:/home/abhirup/slam_platform/slam_ws/install/ros_gz_bridge_manager:/home/abhirup/slam_platform/slam_ws/install/robot_bringup:/home/abhirup/slam_platform/slam_ws/install/groung_truth_provider:/home/abhirup/slam_platform/slam_ws/install/experiment_manager:/home/abhirup/slam_platform/slam_ws/install/evaluator_ros:/opt/ros/jazzy DEBUGINFOD_URLS=https://debuginfod.ubuntu.com /usr/bin/cmake --build /home/abhirup/slam_platform/slam_ws/build/slam_interfaces -- -j28 -l28
[1.015s] DEBUG:colcon.colcon_core.event_handler.log_command:Invoked command in '/home/abhirup/slam_platform/slam_ws/build/slam_interfaces' returned '0': CMAKE_PREFIX_PATH=${CMAKE_PREFIX_PATH}:/home/abhirup/slam_platform/slam_ws/install/world_manager:/home/abhirup/slam_platform/slam_ws/install/tf_manager:/home/abhirup/slam_platform/slam_ws/install/sensor_adapter:/home/abhirup/slam_platform/slam_ws/install/ros_gz_bridge_manager:/home/abhirup/slam_platform/slam_ws/install/robot_bringup:/home/abhirup/slam_platform/slam_ws/install/groung_truth_provider:/home/abhirup/slam_platform/slam_ws/install/experiment_manager:/home/abhirup/slam_platform/slam_ws/install/evaluator_ros:/opt/ros/jazzy DEBUGINFOD_URLS=https://debuginfod.ubuntu.com /usr/bin/cmake --build /home/abhirup/slam_platform/slam_ws/build/slam_interfaces -- -j28 -l28
[1.022s] DEBUG:colcon.colcon_core.event_handler.log_command:Invoking command in '/home/abhirup/slam_platform/slam_ws/build/slam_interfaces': CMAKE_PREFIX_PATH=${CMAKE_PREFIX_PATH}:/home/abhirup/slam_platform/slam_ws/install/world_manager:/home/abhirup/slam_platform/slam_ws/install/tf_manager:/home/abhirup/slam_platform/slam_ws/install/sensor_adapter:/home/abhirup/slam_platform/slam_ws/install/ros_gz_bridge_manager:/home/abhirup/slam_platform/slam_ws/install/robot_bringup:/home/abhirup/slam_platform/slam_ws/install/groung_truth_provider:/home/abhirup/slam_platform/slam_ws/install/experiment_manager:/home/abhirup/slam_platform/slam_ws/install/evaluator_ros:/opt/ros/jazzy DEBUGINFOD_URLS=https://debuginfod.ubuntu.com /usr/bin/cmake --install /home/abhirup/slam_platform/slam_ws/build/slam_interfaces
[1.036s] Level 1:colcon.colcon_core.environment:create_environment_scripts_only(slam_interfaces)
[1.037s] DEBUG:colcon.colcon_core.event_handler.log_command:Invoked command in '/home/abhirup/slam_platform/slam_ws/build/slam_interfaces' returned '0': CMAKE_PREFIX_PATH=${CMAKE_PREFIX_PATH}:/home/abhirup/slam_platform/slam_ws/install/world_manager:/home/abhirup/slam_platform/slam_ws/install/tf_manager:/home/abhirup/slam_platform/slam_ws/install/sensor_adapter:/home/abhirup/slam_platform/slam_ws/install/ros_gz_bridge_manager:/home/abhirup/slam_platform/slam_ws/install/robot_bringup:/home/abhirup/slam_platform/slam_ws/install/groung_truth_provider:/home/abhirup/slam_platform/slam_ws/install/experiment_manager:/home/abhirup/slam_platform/slam_ws/install/evaluator_ros:/opt/ros/jazzy DEBUGINFOD_URLS=https://debuginfod.ubuntu.com /usr/bin/cmake --install /home/abhirup/slam_platform/slam_ws/build/slam_interfaces
[1.038s] Level 1:colcon.colcon_core.environment:checking '/home/abhirup/slam_platform/slam_ws/install/slam_interfaces' for CMake module files
[1.039s] Level 1:colcon.colcon_core.environment:checking '/home/abhirup/slam_platform/slam_ws/install/slam_interfaces' for CMake config files
[1.039s] Level 1:colcon.colcon_core.shell:create_environment_hook('slam_interfaces', 'cmake_prefix_path')
[1.039s] INFO:colcon.colcon_core.shell:Creating environment hook '/home/abhirup/slam_platform/slam_ws/install/slam_interfaces/share/slam_interfaces/hook/cmake_prefix_path.ps1'
[1.039s] INFO:colcon.colcon_core.shell:Creating environment descriptor '/home/abhirup/slam_platform/slam_ws/install/slam_interfaces/share/slam_interfaces/hook/cmake_prefix_path.dsv'
[1.040s] INFO:colcon.colcon_core.shell:Creating environment hook '/home/abhirup/slam_platform/slam_ws/install/slam_interfaces/share/slam_interfaces/hook/cmake_prefix_path.sh'
[1.040s] Level 1:colcon.colcon_core.environment:checking '/home/abhirup/slam_platform/slam_ws/install/slam_interfaces/bin'
[1.040s] Level 1:colcon.colcon_core.environment:checking '/home/abhirup/slam_platform/slam_ws/install/slam_interfaces/lib/pkgconfig/slam_interfaces.pc'
[1.040s] Level 1:colcon.colcon_core.environment:checking '/home/abhirup/slam_platform/slam_ws/install/slam_interfaces/lib/python3.12/site-packages'
[1.041s] Level 1:colcon.colcon_core.environment:checking '/home/abhirup/slam_platform/slam_ws/install/slam_interfaces/bin'
[1.041s] INFO:colcon.colcon_core.shell:Creating package script '/home/abhirup/slam_platform/slam_ws/install/slam_interfaces/share/slam_interfaces/package.ps1'
[1.041s] INFO:colcon.colcon_core.shell:Creating package descriptor '/home/abhirup/slam_platform/slam_ws/install/slam_interfaces/share/slam_interfaces/package.dsv'
[1.042s] INFO:colcon.colcon_core.shell:Creating package script '/home/abhirup/slam_platform/slam_ws/install/slam_interfaces/share/slam_interfaces/package.sh'
[1.042s] INFO:colcon.colcon_core.shell:Creating package script '/home/abhirup/slam_platform/slam_ws/install/slam_interfaces/share/slam_interfaces/package.bash'
[1.043s] INFO:colcon.colcon_core.shell:Creating package script '/home/abhirup/slam_platform/slam_ws/install/slam_interfaces/share/slam_interfaces/package.zsh'
[1.043s] Level 1:colcon.colcon_core.environment:create_file_with_runtime_dependencies(/home/abhirup/slam_platform/slam_ws/install/slam_interfaces/share/colcon-core/packages/slam_interfaces)
[1.043s] Level 1:colcon.colcon_core.environment:create_environment_scripts_only(slam_interfaces)
[1.043s] Level 1:colcon.colcon_core.environment:checking '/home/abhirup/slam_platform/slam_ws/install/slam_interfaces' for CMake module files
[1.044s] Level 1:colcon.colcon_core.environment:checking '/home/abhirup/slam_platform/slam_ws/install/slam_interfaces' for CMake config files
[1.044s] Level 1:colcon.colcon_core.shell:create_environment_hook('slam_interfaces', 'cmake_prefix_path')
[1.044s] INFO:colcon.colcon_core.shell:Creating environment hook '/home/abhirup/slam_platform/slam_ws/install/slam_interfaces/share/slam_interfaces/hook/cmake_prefix_path.ps1'
[1.044s] INFO:colcon.colcon_core.shell:Creating environment descriptor '/home/abhirup/slam_platform/slam_ws/install/slam_interfaces/share/slam_interfaces/hook/cmake_prefix_path.dsv'
[1.045s] INFO:colcon.colcon_core.shell:Creating environment hook '/home/abhirup/slam_platform/slam_ws/install/slam_interfaces/share/slam_interfaces/hook/cmake_prefix_path.sh'
[1.045s] Level 1:colcon.colcon_core.environment:checking '/home/abhirup/slam_platform/slam_ws/install/slam_interfaces/bin'
[1.045s] Level 1:colcon.colcon_core.environment:checking '/home/abhirup/slam_platform/slam_ws/install/slam_interfaces/lib/pkgconfig/slam_interfaces.pc'
[1.045s] Level 1:colcon.colcon_core.environment:checking '/home/abhirup/slam_platform/slam_ws/install/slam_interfaces/lib/python3.12/site-packages'
[1.045s] Level 1:colcon.colcon_core.environment:checking '/home/abhirup/slam_platform/slam_ws/install/slam_interfaces/bin'
[1.046s] INFO:colcon.colcon_core.shell:Creating package script '/home/abhirup/slam_platform/slam_ws/install/slam_interfaces/share/slam_interfaces/package.ps1'
[1.046s] INFO:colcon.colcon_core.shell:Creating package descriptor '/home/abhirup/slam_platform/slam_ws/install/slam_interfaces/share/slam_interfaces/package.dsv'
[1.046s] INFO:colcon.colcon_core.shell:Creating package script '/home/abhirup/slam_platform/slam_ws/install/slam_interfaces/share/slam_interfaces/package.sh'
[1.047s] INFO:colcon.colcon_core.shell:Creating package script '/home/abhirup/slam_platform/slam_ws/install/slam_interfaces/share/slam_interfaces/package.bash'
[1.047s] INFO:colcon.colcon_core.shell:Creating package script '/home/abhirup/slam_platform/slam_ws/install/slam_interfaces/share/slam_interfaces/package.zsh'
[1.047s] Level 1:colcon.colcon_core.environment:create_file_with_runtime_dependencies(/home/abhirup/slam_platform/slam_ws/install/slam_interfaces/share/colcon-core/packages/slam_interfaces)
[1.219s] DEBUG:colcon.colcon_core.event_handler.log_command:Invoking command in '/home/abhirup/slam_platform/slam_ws/build/ros_gz_bridge_manager': DEBUGINFOD_URLS=https://debuginfod.ubuntu.com PYTHONPATH=/home/abhirup/slam_platform/slam_ws/build/ros_gz_bridge_manager/prefix_override:/usr/lib/python3/dist-packages/colcon_core/task/python/colcon_distutils_commands:/home/abhirup/slam_platform/slam_ws/install/ros_gz_bridge_manager/lib/python3.12/site-packages:${PYTHONPATH} /usr/bin/python3 -W ignore:setup.py install is deprecated -W ignore:easy_install command is deprecated setup.py develop --uninstall --editable --build-directory /home/abhirup/slam_platform/slam_ws/build/ros_gz_bridge_manager/build
[1.220s] DEBUG:colcon.colcon_core.event_handler.log_command:Invoking command in '/home/abhirup/slam_platform/slam_ws/build/tf_manager': DEBUGINFOD_URLS=https://debuginfod.ubuntu.com PYTHONPATH=/home/abhirup/slam_platform/slam_ws/build/tf_manager/prefix_override:/usr/lib/python3/dist-packages/colcon_core/task/python/colcon_distutils_commands:/home/abhirup/slam_platform/slam_ws/install/tf_manager/lib/python3.12/site-packages:${PYTHONPATH} /usr/bin/python3 -W ignore:setup.py install is deprecated -W ignore:easy_install command is deprecated setup.py develop --uninstall --editable --build-directory /home/abhirup/slam_platform/slam_ws/build/tf_manager/build
[1.221s] DEBUG:colcon.colcon_core.event_handler.log_command:Invoking command in '/home/abhirup/slam_platform/slam_ws/build/world_manager': DEBUGINFOD_URLS=https://debuginfod.ubuntu.com PYTHONPATH=/home/abhirup/slam_platform/slam_ws/build/world_manager/prefix_override:/usr/lib/python3/dist-packages/colcon_core/task/python/colcon_distutils_commands:/home/abhirup/slam_platform/slam_ws/install/world_manager/lib/python3.12/site-packages:${PYTHONPATH} /usr/bin/python3 -W ignore:setup.py install is deprecated -W ignore:easy_install command is deprecated setup.py develop --uninstall --editable --build-directory /home/abhirup/slam_platform/slam_ws/build/world_manager/build
[1.241s] DEBUG:colcon.colcon_core.event_handler.log_command:Invoking command in '/home/abhirup/slam_platform/slam_ws/build/groung_truth_provider': DEBUGINFOD_URLS=https://debuginfod.ubuntu.com PYTHONPATH=/home/abhirup/slam_platform/slam_ws/build/groung_truth_provider/prefix_override:/usr/lib/python3/dist-packages/colcon_core/task/python/colcon_distutils_commands:/home/abhirup/slam_platform/slam_ws/install/groung_truth_provider/lib/python3.12/site-packages:${PYTHONPATH} /usr/bin/python3 -W ignore:setup.py install is deprecated -W ignore:easy_install command is deprecated setup.py develop --uninstall --editable --build-directory /home/abhirup/slam_platform/slam_ws/build/groung_truth_provider/build
[1.247s] DEBUG:colcon.colcon_core.event_handler.log_command:Invoking command in '/home/abhirup/slam_platform/slam_ws/build/robot_bringup': DEBUGINFOD_URLS=https://debuginfod.ubuntu.com PYTHONPATH=/home/abhirup/slam_platform/slam_ws/build/robot_bringup/prefix_override:/usr/lib/python3/dist-packages/colcon_core/task/python/colcon_distutils_commands:/home/abhirup/slam_platform/slam_ws/install/robot_bringup/lib/python3.12/site-packages:${PYTHONPATH} /usr/bin/python3 -W ignore:setup.py install is deprecated -W ignore:easy_install command is deprecated setup.py develop --uninstall --editable --build-directory /home/abhirup/slam_platform/slam_ws/build/robot_bringup/build
[1.248s] DEBUG:colcon.colcon_core.event_handler.log_command:Invoking command in '/home/abhirup/slam_platform/slam_ws/build/experiment_manager': DEBUGINFOD_URLS=https://debuginfod.ubuntu.com PYTHONPATH=/home/abhirup/slam_platform/slam_ws/build/experiment_manager/prefix_override:/usr/lib/python3/dist-packages/colcon_core/task/python/colcon_distutils_commands:/home/abhirup/slam_platform/slam_ws/install/experiment_manager/lib/python3.12/site-packages:${PYTHONPATH} /usr/bin/python3 -W ignore:setup.py install is deprecated -W ignore:easy_install command is deprecated setup.py develop --uninstall --editable --build-directory /home/abhirup/slam_platform/slam_ws/build/experiment_manager/build
[1.256s] DEBUG:colcon.colcon_core.event_handler.log_command:Invoking command in '/home/abhirup/slam_platform/slam_ws/build/evaluator_ros': DEBUGINFOD_URLS=https://debuginfod.ubuntu.com PYTHONPATH=/home/abhirup/slam_platform/slam_ws/build/evaluator_ros/prefix_override:/usr/lib/python3/dist-packages/colcon_core/task/python/colcon_distutils_commands:/home/abhirup/slam_platform/slam_ws/install/evaluator_ros/lib/python3.12/site-packages:${PYTHONPATH} /usr/bin/python3 -W ignore:setup.py install is deprecated -W ignore:easy_install command is deprecated setup.py develop --uninstall --editable --build-directory /home/abhirup/slam_platform/slam_ws/build/evaluator_ros/build
[1.260s] DEBUG:colcon.colcon_core.event_handler.log_command:Invoking command in '/home/abhirup/slam_platform/slam_ws/build/sensor_adapter': DEBUGINFOD_URLS=https://debuginfod.ubuntu.com PYTHONPATH=/home/abhirup/slam_platform/slam_ws/build/sensor_adapter/prefix_override:/usr/lib/python3/dist-packages/colcon_core/task/python/colcon_distutils_commands:/home/abhirup/slam_platform/slam_ws/install/sensor_adapter/lib/python3.12/site-packages:${PYTHONPATH} /usr/bin/python3 -W ignore:setup.py install is deprecated -W ignore:easy_install command is deprecated setup.py develop --uninstall --editable --build-directory /home/abhirup/slam_platform/slam_ws/build/sensor_adapter/build
[1.444s] DEBUG:colcon.colcon_core.event_handler.log_command:Invoked command in '/home/abhirup/slam_platform/slam_ws/build/ros_gz_bridge_manager' returned '0': DEBUGINFOD_URLS=https://debuginfod.ubuntu.com PYTHONPATH=/home/abhirup/slam_platform/slam_ws/build/ros_gz_bridge_manager/prefix_override:/usr/lib/python3/dist-packages/colcon_core/task/python/colcon_distutils_commands:/home/abhirup/slam_platform/slam_ws/install/ros_gz_bridge_manager/lib/python3.12/site-packages:${PYTHONPATH} /usr/bin/python3 -W ignore:setup.py install is deprecated -W ignore:easy_install command is deprecated setup.py develop --uninstall --editable --build-directory /home/abhirup/slam_platform/slam_ws/build/ros_gz_bridge_manager/build
[1.444s] DEBUG:colcon.colcon_core.event_handler.log_command:Invoking command in '/home/abhirup/slam_platform/slam_ws/src/ros_gz_bridge_manager': DEBUGINFOD_URLS=https://debuginfod.ubuntu.com PYTHONPATH=/home/abhirup/slam_platform/slam_ws/build/ros_gz_bridge_manager/prefix_override:/usr/lib/python3/dist-packages/colcon_core/task/python/colcon_distutils_commands:/home/abhirup/slam_platform/slam_ws/install/ros_gz_bridge_manager/lib/python3.12/site-packages:${PYTHONPATH} /usr/bin/python3 -W ignore:setup.py install is deprecated -W ignore:easy_install command is deprecated setup.py egg_info --egg-base ../../build/ros_gz_bridge_manager build --build-base /home/abhirup/slam_platform/slam_ws/build/ros_gz_bridge_manager/build install --record /home/abhirup/slam_platform/slam_ws/build/ros_gz_bridge_manager/install.log --single-version-externally-managed install_data --force
[1.454s] DEBUG:colcon.colcon_core.event_handler.log_command:Invoked command in '/home/abhirup/slam_platform/slam_ws/build/groung_truth_provider' returned '0': DEBUGINFOD_URLS=https://debuginfod.ubuntu.com PYTHONPATH=/home/abhirup/slam_platform/slam_ws/build/groung_truth_provider/prefix_override:/usr/lib/python3/dist-packages/colcon_core/task/python/colcon_distutils_commands:/home/abhirup/slam_platform/slam_ws/install/groung_truth_provider/lib/python3.12/site-packages:${PYTHONPATH} /usr/bin/python3 -W ignore:setup.py install is deprecated -W ignore:easy_install command is deprecated setup.py develop --uninstall --editable --build-directory /home/abhirup/slam_platform/slam_ws/build/groung_truth_provider/build
[1.455s] DEBUG:colcon.colcon_core.event_handler.log_command:Invoking command in '/home/abhirup/slam_platform/slam_ws/src/groung_truth_provider': DEBUGINFOD_URLS=https://debuginfod.ubuntu.com PYTHONPATH=/home/abhirup/slam_platform/slam_ws/build/groung_truth_provider/prefix_override:/usr/lib/python3/dist-packages/colcon_core/task/python/colcon_distutils_commands:/home/abhirup/slam_platform/slam_ws/install/groung_truth_provider/lib/python3.12/site-packages:${PYTHONPATH} /usr/bin/python3 -W ignore:setup.py install is deprecated -W ignore:easy_install command is deprecated setup.py egg_info --egg-base ../../build/groung_truth_provider build --build-base /home/abhirup/slam_platform/slam_ws/build/groung_truth_provider/build install --record /home/abhirup/slam_platform/slam_ws/build/groung_truth_provider/install.log --single-version-externally-managed install_data --force
[1.459s] DEBUG:colcon.colcon_core.event_handler.log_command:Invoked command in '/home/abhirup/slam_platform/slam_ws/build/robot_bringup' returned '0': DEBUGINFOD_URLS=https://debuginfod.ubuntu.com PYTHONPATH=/home/abhirup/slam_platform/slam_ws/build/robot_bringup/prefix_override:/usr/lib/python3/dist-packages/colcon_core/task/python/colcon_distutils_commands:/home/abhirup/slam_platform/slam_ws/install/robot_bringup/lib/python3.12/site-packages:${PYTHONPATH} /usr/bin/python3 -W ignore:setup.py install is deprecated -W ignore:easy_install command is deprecated setup.py develop --uninstall --editable --build-directory /home/abhirup/slam_platform/slam_ws/build/robot_bringup/build
[1.460s] DEBUG:colcon.colcon_core.event_handler.log_command:Invoking command in '/home/abhirup/slam_platform/slam_ws/src/robot_bringup': DEBUGINFOD_URLS=https://debuginfod.ubuntu.com PYTHONPATH=/home/abhirup/slam_platform/slam_ws/build/robot_bringup/prefix_override:/usr/lib/python3/dist-packages/colcon_core/task/python/colcon_distutils_commands:/home/abhirup/slam_platform/slam_ws/install/robot_bringup/lib/python3.12/site-packages:${PYTHONPATH} /usr/bin/python3 -W ignore:setup.py install is deprecated -W ignore:easy_install command is deprecated setup.py egg_info --egg-base ../../build/robot_bringup build --build-base /home/abhirup/slam_platform/slam_ws/build/robot_bringup/build install --record /home/abhirup/slam_platform/slam_ws/build/robot_bringup/install.log --single-version-externally-managed install_data --force
[1.471s] DEBUG:colcon.colcon_core.event_handler.log_command:Invoked command in '/home/abhirup/slam_platform/slam_ws/build/evaluator_ros' returned '0': DEBUGINFOD_URLS=https://debuginfod.ubuntu.com PYTHONPATH=/home/abhirup/slam_platform/slam_ws/build/evaluator_ros/prefix_override:/usr/lib/python3/dist-packages/colcon_core/task/python/colcon_distutils_commands:/home/abhirup/slam_platform/slam_ws/install/evaluator_ros/lib/python3.12/site-packages:${PYTHONPATH} /usr/bin/python3 -W ignore:setup.py install is deprecated -W ignore:easy_install command is deprecated setup.py develop --uninstall --editable --build-directory /home/abhirup/slam_platform/slam_ws/build/evaluator_ros/build
[1.471s] DEBUG:colcon.colcon_core.event_handler.log_command:Invoking command in '/home/abhirup/slam_platform/slam_ws/src/evaluator_ros': DEBUGINFOD_URLS=https://debuginfod.ubuntu.com PYTHONPATH=/home/abhirup/slam_platform/slam_ws/build/evaluator_ros/prefix_override:/usr/lib/python3/dist-packages/colcon_core/task/python/colcon_distutils_commands:/home/abhirup/slam_platform/slam_ws/install/evaluator_ros/lib/python3.12/site-packages:${PYTHONPATH} /usr/bin/python3 -W ignore:setup.py install is deprecated -W ignore:easy_install command is deprecated setup.py egg_info --egg-base ../../build/evaluator_ros build --build-base /home/abhirup/slam_platform/slam_ws/build/evaluator_ros/build install --record /home/abhirup/slam_platform/slam_ws/build/evaluator_ros/install.log --single-version-externally-managed install_data --force
[1.479s] DEBUG:colcon.colcon_core.event_handler.log_command:Invoked command in '/home/abhirup/slam_platform/slam_ws/build/experiment_manager' returned '0': DEBUGINFOD_URLS=https://debuginfod.ubuntu.com PYTHONPATH=/home/abhirup/slam_platform/slam_ws/build/experiment_manager/prefix_override:/usr/lib/python3/dist-packages/colcon_core/task/python/colcon_distutils_commands:/home/abhirup/slam_platform/slam_ws/install/experiment_manager/lib/python3.12/site-packages:${PYTHONPATH} /usr/bin/python3 -W ignore:setup.py install is deprecated -W ignore:easy_install command is deprecated setup.py develop --uninstall --editable --build-directory /home/abhirup/slam_platform/slam_ws/build/experiment_manager/build
[1.480s] DEBUG:colcon.colcon_core.event_handler.log_command:Invoking command in '/home/abhirup/slam_platform/slam_ws/src/experiment_manager': DEBUGINFOD_URLS=https://debuginfod.ubuntu.com PYTHONPATH=/home/abhirup/slam_platform/slam_ws/build/experiment_manager/prefix_override:/usr/lib/python3/dist-packages/colcon_core/task/python/colcon_distutils_commands:/home/abhirup/slam_platform/slam_ws/install/experiment_manager/lib/python3.12/site-packages:${PYTHONPATH} /usr/bin/python3 -W ignore:setup.py install is deprecated -W ignore:easy_install command is deprecated setup.py egg_info --egg-base ../../build/experiment_manager build --build-base /home/abhirup/slam_platform/slam_ws/build/experiment_manager/build install --record /home/abhirup/slam_platform/slam_ws/build/experiment_manager/install.log --single-version-externally-managed install_data --force
[1.484s] DEBUG:colcon.colcon_core.event_handler.log_command:Invoked command in '/home/abhirup/slam_platform/slam_ws/build/sensor_adapter' returned '0': DEBUGINFOD_URLS=https://debuginfod.ubuntu.com PYTHONPATH=/home/abhirup/slam_platform/slam_ws/build/sensor_adapter/prefix_override:/usr/lib/python3/dist-packages/colcon_core/task/python/colcon_distutils_commands:/home/abhirup/slam_platform/slam_ws/install/sensor_adapter/lib/python3.12/site-packages:${PYTHONPATH} /usr/bin/python3 -W ignore:setup.py install is deprecated -W ignore:easy_install command is deprecated setup.py develop --uninstall --editable --build-directory /home/abhirup/slam_platform/slam_ws/build/sensor_adapter/build
[1.485s] DEBUG:colcon.colcon_core.event_handler.log_command:Invoking command in '/home/abhirup/slam_platform/slam_ws/src/sensor_adapter': DEBUGINFOD_URLS=https://debuginfod.ubuntu.com PYTHONPATH=/home/abhirup/slam_platform/slam_ws/build/sensor_adapter/prefix_override:/usr/lib/python3/dist-packages/colcon_core/task/python/colcon_distutils_commands:/home/abhirup/slam_platform/slam_ws/install/sensor_adapter/lib/python3.12/site-packages:${PYTHONPATH} /usr/bin/python3 -W ignore:setup.py install is deprecated -W ignore:easy_install command is deprecated setup.py egg_info --egg-base ../../build/sensor_adapter build --build-base /home/abhirup/slam_platform/slam_ws/build/sensor_adapter/build install --record /home/abhirup/slam_platform/slam_ws/build/sensor_adapter/install.log --single-version-externally-managed install_data --force
[1.485s] DEBUG:colcon.colcon_core.event_handler.log_command:Invoked command in '/home/abhirup/slam_platform/slam_ws/build/world_manager' returned '0': DEBUGINFOD_URLS=https://debuginfod.ubuntu.com PYTHONPATH=/home/abhirup/slam_platform/slam_ws/build/world_manager/prefix_override:/usr/lib/python3/dist-packages/colcon_core/task/python/colcon_distutils_commands:/home/abhirup/slam_platform/slam_ws/install/world_manager/lib/python3.12/site-packages:${PYTHONPATH} /usr/bin/python3 -W ignore:setup.py install is deprecated -W ignore:easy_install command is deprecated setup.py develop --uninstall --editable --build-directory /home/abhirup/slam_platform/slam_ws/build/world_manager/build
[1.486s] DEBUG:colcon.colcon_core.event_handler.log_command:Invoking command in '/home/abhirup/slam_platform/slam_ws/src/world_manager': DEBUGINFOD_URLS=https://debuginfod.ubuntu.com PYTHONPATH=/home/abhirup/slam_platform/slam_ws/build/world_manager/prefix_override:/usr/lib/python3/dist-packages/colcon_core/task/python/colcon_distutils_commands:/home/abhirup/slam_platform/slam_ws/install/world_manager/lib/python3.12/site-packages:${PYTHONPATH} /usr/bin/python3 -W ignore:setup.py install is deprecated -W ignore:easy_install command is deprecated setup.py egg_info --egg-base ../../build/world_manager build --build-base /home/abhirup/slam_platform/slam_ws/build/world_manager/build install --record /home/abhirup/slam_platform/slam_ws/build/world_manager/install.log --single-version-externally-managed install_data --force
[1.494s] DEBUG:colcon.colcon_core.event_handler.log_command:Invoked command in '/home/abhirup/slam_platform/slam_ws/build/tf_manager' returned '0': DEBUGINFOD_URLS=https://debuginfod.ubuntu.com PYTHONPATH=/home/abhirup/slam_platform/slam_ws/build/tf_manager/prefix_override:/usr/lib/python3/dist-packages/colcon_core/task/python/colcon_distutils_commands:/home/abhirup/slam_platform/slam_ws/install/tf_manager/lib/python3.12/site-packages:${PYTHONPATH} /usr/bin/python3 -W ignore:setup.py install is deprecated -W ignore:easy_install command is deprecated setup.py develop --uninstall --editable --build-directory /home/abhirup/slam_platform/slam_ws/build/tf_manager/build
[1.495s] DEBUG:colcon.colcon_core.event_handler.log_command:Invoking command in '/home/abhirup/slam_platform/slam_ws/src/tf_manager': DEBUGINFOD_URLS=https://debuginfod.ubuntu.com PYTHONPATH=/home/abhirup/slam_platform/slam_ws/build/tf_manager/prefix_override:/usr/lib/python3/dist-packages/colcon_core/task/python/colcon_distutils_commands:/home/abhirup/slam_platform/slam_ws/install/tf_manager/lib/python3.12/site-packages:${PYTHONPATH} /usr/bin/python3 -W ignore:setup.py install is deprecated -W ignore:easy_install command is deprecated setup.py egg_info --egg-base ../../build/tf_manager build --build-base /home/abhirup/slam_platform/slam_ws/build/tf_manager/build install --record /home/abhirup/slam_platform/slam_ws/build/tf_manager/install.log --single-version-externally-managed install_data --force
[1.666s] Level 1:colcon.colcon_core.environment:checking '/home/abhirup/slam_platform/slam_ws/install/ros_gz_bridge_manager' for CMake module files
[1.666s] DEBUG:colcon.colcon_core.event_handler.log_command:Invoked command in '/home/abhirup/slam_platform/slam_ws/src/ros_gz_bridge_manager' returned '0': DEBUGINFOD_URLS=https://debuginfod.ubuntu.com PYTHONPATH=/home/abhirup/slam_platform/slam_ws/build/ros_gz_bridge_manager/prefix_override:/usr/lib/python3/dist-packages/colcon_core/task/python/colcon_distutils_commands:/home/abhirup/slam_platform/slam_ws/install/ros_gz_bridge_manager/lib/python3.12/site-packages:${PYTHONPATH} /usr/bin/python3 -W ignore:setup.py install is deprecated -W ignore:easy_install command is deprecated setup.py egg_info --egg-base ../../build/ros_gz_bridge_manager build --build-base /home/abhirup/slam_platform/slam_ws/build/ros_gz_bridge_manager/build install --record /home/abhirup/slam_platform/slam_ws/build/ros_gz_bridge_manager/install.log --single-version-externally-managed install_data --force
[1.666s] Level 1:colcon.colcon_core.environment:checking '/home/abhirup/slam_platform/slam_ws/install/ros_gz_bridge_manager' for CMake config files
[1.666s] Level 1:colcon.colcon_core.environment:checking '/home/abhirup/slam_platform/slam_ws/install/ros_gz_bridge_manager/lib'
[1.666s] Level 1:colcon.colcon_core.environment:checking '/home/abhirup/slam_platform/slam_ws/install/ros_gz_bridge_manager/bin'
[1.666s] Level 1:colcon.colcon_core.environment:checking '/home/abhirup/slam_platform/slam_ws/install/ros_gz_bridge_manager/lib/pkgconfig/ros_gz_bridge_manager.pc'
[1.666s] Level 1:colcon.colcon_core.environment:checking '/home/abhirup/slam_platform/slam_ws/install/ros_gz_bridge_manager/lib/python3.12/site-packages'
[1.667s] Level 1:colcon.colcon_core.shell:create_environment_hook('ros_gz_bridge_manager', 'pythonpath')
[1.667s] INFO:colcon.colcon_core.shell:Creating environment hook '/home/abhirup/slam_platform/slam_ws/install/ros_gz_bridge_manager/share/ros_gz_bridge_manager/hook/pythonpath.ps1'
[1.667s] INFO:colcon.colcon_core.shell:Creating environment descriptor '/home/abhirup/slam_platform/slam_ws/install/ros_gz_bridge_manager/share/ros_gz_bridge_manager/hook/pythonpath.dsv'
[1.667s] INFO:colcon.colcon_core.shell:Creating environment hook '/home/abhirup/slam_platform/slam_ws/install/ros_gz_bridge_manager/share/ros_gz_bridge_manager/hook/pythonpath.sh'
[1.667s] Level 1:colcon.colcon_core.environment:checking '/home/abhirup/slam_platform/slam_ws/install/ros_gz_bridge_manager/bin'
[1.667s] Level 1:colcon.colcon_core.environment:create_environment_scripts_only(ros_gz_bridge_manager)
[1.667s] INFO:colcon.colcon_core.shell:Creating package script '/home/abhirup/slam_platform/slam_ws/install/ros_gz_bridge_manager/share/ros_gz_bridge_manager/package.ps1'
[1.668s] INFO:colcon.colcon_core.shell:Creating package descriptor '/home/abhirup/slam_platform/slam_ws/install/ros_gz_bridge_manager/share/ros_gz_bridge_manager/package.dsv'
[1.668s] INFO:colcon.colcon_core.shell:Creating package script '/home/abhirup/slam_platform/slam_ws/install/ros_gz_bridge_manager/share/ros_gz_bridge_manager/package.sh'
[1.668s] INFO:colcon.colcon_core.shell:Creating package script '/home/abhirup/slam_platform/slam_ws/install/ros_gz_bridge_manager/share/ros_gz_bridge_manager/package.bash'
[1.668s] INFO:colcon.colcon_core.shell:Creating package script '/home/abhirup/slam_platform/slam_ws/install/ros_gz_bridge_manager/share/ros_gz_bridge_manager/package.zsh'
[1.668s] Level 1:colcon.colcon_core.environment:create_file_with_runtime_dependencies(/home/abhirup/slam_platform/slam_ws/install/ros_gz_bridge_manager/share/colcon-core/packages/ros_gz_bridge_manager)
[1.684s] Level 1:colcon.colcon_core.environment:checking '/home/abhirup/slam_platform/slam_ws/install/robot_bringup' for CMake module files
[1.685s] DEBUG:colcon.colcon_core.event_handler.log_command:Invoked command in '/home/abhirup/slam_platform/slam_ws/src/robot_bringup' returned '0': DEBUGINFOD_URLS=https://debuginfod.ubuntu.com PYTHONPATH=/home/abhirup/slam_platform/slam_ws/build/robot_bringup/prefix_override:/usr/lib/python3/dist-packages/colcon_core/task/python/colcon_distutils_commands:/home/abhirup/slam_platform/slam_ws/install/robot_bringup/lib/python3.12/site-packages:${PYTHONPATH} /usr/bin/python3 -W ignore:setup.py install is deprecated -W ignore:easy_install command is deprecated setup.py egg_info --egg-base ../../build/robot_bringup build --build-base /home/abhirup/slam_platform/slam_ws/build/robot_bringup/build install --record /home/abhirup/slam_platform/slam_ws/build/robot_bringup/install.log --single-version-externally-managed install_data --force
[1.685s] Level 1:colcon.colcon_core.environment:checking '/home/abhirup/slam_platform/slam_ws/install/robot_bringup' for CMake config files
[1.685s] Level 1:colcon.colcon_core.environment:checking '/home/abhirup/slam_platform/slam_ws/install/robot_bringup/lib'
[1.685s] Level 1:colcon.colcon_core.environment:checking '/home/abhirup/slam_platform/slam_ws/install/robot_bringup/bin'
[1.686s] Level 1:colcon.colcon_core.environment:checking '/home/abhirup/slam_platform/slam_ws/install/robot_bringup/lib/pkgconfig/robot_bringup.pc'
[1.686s] Level 1:colcon.colcon_core.environment:checking '/home/abhirup/slam_platform/slam_ws/install/robot_bringup/lib/python3.12/site-packages'
[1.686s] Level 1:colcon.colcon_core.shell:create_environment_hook('robot_bringup', 'pythonpath')
[1.686s] INFO:colcon.colcon_core.shell:Creating environment hook '/home/abhirup/slam_platform/slam_ws/install/robot_bringup/share/robot_bringup/hook/pythonpath.ps1'
[1.686s] INFO:colcon.colcon_core.shell:Creating environment descriptor '/home/abhirup/slam_platform/slam_ws/install/robot_bringup/share/robot_bringup/hook/pythonpath.dsv'
[1.687s] INFO:colcon.colcon_core.shell:Creating environment hook '/home/abhirup/slam_platform/slam_ws/install/robot_bringup/share/robot_bringup/hook/pythonpath.sh'
[1.687s] Level 1:colcon.colcon_core.environment:checking '/home/abhirup/slam_platform/slam_ws/install/robot_bringup/bin'
[1.687s] Level 1:colcon.colcon_core.environment:create_environment_scripts_only(robot_bringup)
[1.687s] INFO:colcon.colcon_core.shell:Creating package script '/home/abhirup/slam_platform/slam_ws/install/robot_bringup/share/robot_bringup/package.ps1'
[1.688s] INFO:colcon.colcon_core.shell:Creating package descriptor '/home/abhirup/slam_platform/slam_ws/install/robot_bringup/share/robot_bringup/package.dsv'
[1.688s] INFO:colcon.colcon_core.shell:Creating package script '/home/abhirup/slam_platform/slam_ws/install/robot_bringup/share/robot_bringup/package.sh'
[1.688s] INFO:colcon.colcon_core.shell:Creating package script '/home/abhirup/slam_platform/slam_ws/install/robot_bringup/share/robot_bringup/package.bash'
[1.689s] INFO:colcon.colcon_core.shell:Creating package script '/home/abhirup/slam_platform/slam_ws/install/robot_bringup/share/robot_bringup/package.zsh'
[1.689s] Level 1:colcon.colcon_core.environment:create_file_with_runtime_dependencies(/home/abhirup/slam_platform/slam_ws/install/robot_bringup/share/colcon-core/packages/robot_bringup)
[1.691s] Level 1:colcon.colcon_core.environment:checking '/home/abhirup/slam_platform/slam_ws/install/evaluator_ros' for CMake module files
[1.692s] DEBUG:colcon.colcon_core.event_handler.log_command:Invoked command in '/home/abhirup/slam_platform/slam_ws/src/evaluator_ros' returned '0': DEBUGINFOD_URLS=https://debuginfod.ubuntu.com PYTHONPATH=/home/abhirup/slam_platform/slam_ws/build/evaluator_ros/prefix_override:/usr/lib/python3/dist-packages/colcon_core/task/python/colcon_distutils_commands:/home/abhirup/slam_platform/slam_ws/install/evaluator_ros/lib/python3.12/site-packages:${PYTHONPATH} /usr/bin/python3 -W ignore:setup.py install is deprecated -W ignore:easy_install command is deprecated setup.py egg_info --egg-base ../../build/evaluator_ros build --build-base /home/abhirup/slam_platform/slam_ws/build/evaluator_ros/build install --record /home/abhirup/slam_platform/slam_ws/build/evaluator_ros/install.log --single-version-externally-managed install_data --force
[1.692s] Level 1:colcon.colcon_core.environment:checking '/home/abhirup/slam_platform/slam_ws/install/evaluator_ros' for CMake config files
[1.693s] Level 1:colcon.colcon_core.environment:checking '/home/abhirup/slam_platform/slam_ws/install/evaluator_ros/lib'
[1.693s] Level 1:colcon.colcon_core.environment:checking '/home/abhirup/slam_platform/slam_ws/install/evaluator_ros/bin'
[1.693s] Level 1:colcon.colcon_core.environment:checking '/home/abhirup/slam_platform/slam_ws/install/evaluator_ros/lib/pkgconfig/evaluator_ros.pc'
[1.693s] Level 1:colcon.colcon_core.environment:checking '/home/abhirup/slam_platform/slam_ws/install/evaluator_ros/lib/python3.12/site-packages'
[1.693s] Level 1:colcon.colcon_core.shell:create_environment_hook('evaluator_ros', 'pythonpath')
[1.693s] INFO:colcon.colcon_core.shell:Creating environment hook '/home/abhirup/slam_platform/slam_ws/install/evaluator_ros/share/evaluator_ros/hook/pythonpath.ps1'
[1.693s] INFO:colcon.colcon_core.shell:Creating environment descriptor '/home/abhirup/slam_platform/slam_ws/install/evaluator_ros/share/evaluator_ros/hook/pythonpath.dsv'
[1.694s] INFO:colcon.colcon_core.shell:Creating environment hook '/home/abhirup/slam_platform/slam_ws/install/evaluator_ros/share/evaluator_ros/hook/pythonpath.sh'
[1.694s] Level 1:colcon.colcon_core.environment:checking '/home/abhirup/slam_platform/slam_ws/install/evaluator_ros/bin'
[1.694s] Level 1:colcon.colcon_core.environment:create_environment_scripts_only(evaluator_ros)
[1.694s] INFO:colcon.colcon_core.shell:Creating package script '/home/abhirup/slam_platform/slam_ws/install/evaluator_ros/share/evaluator_ros/package.ps1'
[1.694s] INFO:colcon.colcon_core.shell:Creating package descriptor '/home/abhirup/slam_platform/slam_ws/install/evaluator_ros/share/evaluator_ros/package.dsv'
[1.695s] INFO:colcon.colcon_core.shell:Creating package script '/home/abhirup/slam_platform/slam_ws/install/evaluator_ros/share/evaluator_ros/package.sh'
[1.695s] INFO:colcon.colcon_core.shell:Creating package script '/home/abhirup/slam_platform/slam_ws/install/evaluator_ros/share/evaluator_ros/package.bash'
[1.695s] INFO:colcon.colcon_core.shell:Creating package script '/home/abhirup/slam_platform/slam_ws/install/evaluator_ros/share/evaluator_ros/package.zsh'
[1.695s] Level 1:colcon.colcon_core.environment:create_file_with_runtime_dependencies(/home/abhirup/slam_platform/slam_ws/install/evaluator_ros/share/colcon-core/packages/evaluator_ros)
[1.704s] Level 1:colcon.colcon_core.environment:checking '/home/abhirup/slam_platform/slam_ws/install/world_manager' for CMake module files
[1.704s] DEBUG:colcon.colcon_core.event_handler.log_command:Invoked command in '/home/abhirup/slam_platform/slam_ws/src/world_manager' returned '0': DEBUGINFOD_URLS=https://debuginfod.ubuntu.com PYTHONPATH=/home/abhirup/slam_platform/slam_ws/build/world_manager/prefix_override:/usr/lib/python3/dist-packages/colcon_core/task/python/colcon_distutils_commands:/home/abhirup/slam_platform/slam_ws/install/world_manager/lib/python3.12/site-packages:${PYTHONPATH} /usr/bin/python3 -W ignore:setup.py install is deprecated -W ignore:easy_install command is deprecated setup.py egg_info --egg-base ../../build/world_manager build --build-base /home/abhirup/slam_platform/slam_ws/build/world_manager/build install --record /home/abhirup/slam_platform/slam_ws/build/world_manager/install.log --single-version-externally-managed install_data --force
[1.704s] Level 1:colcon.colcon_core.environment:checking '/home/abhirup/slam_platform/slam_ws/install/world_manager' for CMake config files
[1.704s] Level 1:colcon.colcon_core.environment:checking '/home/abhirup/slam_platform/slam_ws/install/world_manager/lib'
[1.704s] Level 1:colcon.colcon_core.environment:checking '/home/abhirup/slam_platform/slam_ws/install/world_manager/bin'
[1.704s] Level 1:colcon.colcon_core.environment:checking '/home/abhirup/slam_platform/slam_ws/install/world_manager/lib/pkgconfig/world_manager.pc'
[1.705s] Level 1:colcon.colcon_core.environment:checking '/home/abhirup/slam_platform/slam_ws/install/world_manager/lib/python3.12/site-packages'
[1.705s] Level 1:colcon.colcon_core.shell:create_environment_hook('world_manager', 'pythonpath')
[1.705s] INFO:colcon.colcon_core.shell:Creating environment hook '/home/abhirup/slam_platform/slam_ws/install/world_manager/share/world_manager/hook/pythonpath.ps1'
[1.705s] INFO:colcon.colcon_core.shell:Creating environment descriptor '/home/abhirup/slam_platform/slam_ws/install/world_manager/share/world_manager/hook/pythonpath.dsv'
[1.705s] INFO:colcon.colcon_core.shell:Creating environment hook '/home/abhirup/slam_platform/slam_ws/install/world_manager/share/world_manager/hook/pythonpath.sh'
[1.705s] Level 1:colcon.colcon_core.environment:checking '/home/abhirup/slam_platform/slam_ws/install/world_manager/bin'
[1.705s] Level 1:colcon.colcon_core.environment:create_environment_scripts_only(world_manager)
[1.705s] INFO:colcon.colcon_core.shell:Creating package script '/home/abhirup/slam_platform/slam_ws/install/world_manager/share/world_manager/package.ps1'
[1.706s] INFO:colcon.colcon_core.shell:Creating package descriptor '/home/abhirup/slam_platform/slam_ws/install/world_manager/share/world_manager/package.dsv'
[1.706s] INFO:colcon.colcon_core.shell:Creating package script '/home/abhirup/slam_platform/slam_ws/install/world_manager/share/world_manager/package.sh'
[1.706s] INFO:colcon.colcon_core.shell:Creating package script '/home/abhirup/slam_platform/slam_ws/install/world_manager/share/world_manager/package.bash'
[1.706s] INFO:colcon.colcon_core.shell:Creating package script '/home/abhirup/slam_platform/slam_ws/install/world_manager/share/world_manager/package.zsh'
[1.706s] Level 1:colcon.colcon_core.environment:create_file_with_runtime_dependencies(/home/abhirup/slam_platform/slam_ws/install/world_manager/share/colcon-core/packages/world_manager)
[1.707s] Level 1:colcon.colcon_core.environment:checking '/home/abhirup/slam_platform/slam_ws/install/experiment_manager' for CMake module files
[1.707s] DEBUG:colcon.colcon_core.event_handler.log_command:Invoked command in '/home/abhirup/slam_platform/slam_ws/src/experiment_manager' returned '0': DEBUGINFOD_URLS=https://debuginfod.ubuntu.com PYTHONPATH=/home/abhirup/slam_platform/slam_ws/build/experiment_manager/prefix_override:/usr/lib/python3/dist-packages/colcon_core/task/python/colcon_distutils_commands:/home/abhirup/slam_platform/slam_ws/install/experiment_manager/lib/python3.12/site-packages:${PYTHONPATH} /usr/bin/python3 -W ignore:setup.py install is deprecated -W ignore:easy_install command is deprecated setup.py egg_info --egg-base ../../build/experiment_manager build --build-base /home/abhirup/slam_platform/slam_ws/build/experiment_manager/build install --record /home/abhirup/slam_platform/slam_ws/build/experiment_manager/install.log --single-version-externally-managed install_data --force
[1.708s] Level 1:colcon.colcon_core.environment:checking '/home/abhirup/slam_platform/slam_ws/install/experiment_manager' for CMake config files
[1.708s] Level 1:colcon.colcon_core.environment:checking '/home/abhirup/slam_platform/slam_ws/install/experiment_manager/lib'
[1.708s] Level 1:colcon.colcon_core.environment:checking '/home/abhirup/slam_platform/slam_ws/install/experiment_manager/bin'
[1.708s] Level 1:colcon.colcon_core.environment:checking '/home/abhirup/slam_platform/slam_ws/install/experiment_manager/lib/pkgconfig/experiment_manager.pc'
[1.708s] Level 1:colcon.colcon_core.environment:checking '/home/abhirup/slam_platform/slam_ws/install/experiment_manager/lib/python3.12/site-packages'
[1.708s] Level 1:colcon.colcon_core.shell:create_environment_hook('experiment_manager', 'pythonpath')
[1.708s] INFO:colcon.colcon_core.shell:Creating environment hook '/home/abhirup/slam_platform/slam_ws/install/experiment_manager/share/experiment_manager/hook/pythonpath.ps1'
[1.709s] INFO:colcon.colcon_core.shell:Creating environment descriptor '/home/abhirup/slam_platform/slam_ws/install/experiment_manager/share/experiment_manager/hook/pythonpath.dsv'
[1.709s] INFO:colcon.colcon_core.shell:Creating environment hook '/home/abhirup/slam_platform/slam_ws/install/experiment_manager/share/experiment_manager/hook/pythonpath.sh'
[1.710s] Level 1:colcon.colcon_core.environment:checking '/home/abhirup/slam_platform/slam_ws/install/experiment_manager/bin'
[1.710s] Level 1:colcon.colcon_core.environment:create_environment_scripts_only(experiment_manager)
[1.710s] INFO:colcon.colcon_core.shell:Creating package script '/home/abhirup/slam_platform/slam_ws/install/experiment_manager/share/experiment_manager/package.ps1'
[1.710s] INFO:colcon.colcon_core.shell:Creating package descriptor '/home/abhirup/slam_platform/slam_ws/install/experiment_manager/share/experiment_manager/package.dsv'
[1.711s] INFO:colcon.colcon_core.shell:Creating package script '/home/abhirup/slam_platform/slam_ws/install/experiment_manager/share/experiment_manager/package.sh'
[1.711s] INFO:colcon.colcon_core.shell:Creating package script '/home/abhirup/slam_platform/slam_ws/install/experiment_manager/share/experiment_manager/package.bash'
[1.711s] INFO:colcon.colcon_core.shell:Creating package script '/home/abhirup/slam_platform/slam_ws/install/experiment_manager/share/experiment_manager/package.zsh'
[1.711s] Level 1:colcon.colcon_core.environment:create_file_with_runtime_dependencies(/home/abhirup/slam_platform/slam_ws/install/experiment_manager/share/colcon-core/packages/experiment_manager)
[1.713s] Level 1:colcon.colcon_core.environment:checking '/home/abhirup/slam_platform/slam_ws/install/groung_truth_provider' for CMake module files
[1.714s] DEBUG:colcon.colcon_core.event_handler.log_command:Invoked command in '/home/abhirup/slam_platform/slam_ws/src/groung_truth_provider' returned '0': DEBUGINFOD_URLS=https://debuginfod.ubuntu.com PYTHONPATH=/home/abhirup/slam_platform/slam_ws/build/groung_truth_provider/prefix_override:/usr/lib/python3/dist-packages/colcon_core/task/python/colcon_distutils_commands:/home/abhirup/slam_platform/slam_ws/install/groung_truth_provider/lib/python3.12/site-packages:${PYTHONPATH} /usr/bin/python3 -W ignore:setup.py install is deprecated -W ignore:easy_install command is deprecated setup.py egg_info --egg-base ../../build/groung_truth_provider build --build-base /home/abhirup/slam_platform/slam_ws/build/groung_truth_provider/build install --record /home/abhirup/slam_platform/slam_ws/build/groung_truth_provider/install.log --single-version-externally-managed install_data --force
[1.714s] Level 1:colcon.colcon_core.environment:checking '/home/abhirup/slam_platform/slam_ws/install/groung_truth_provider' for CMake config files
[1.714s] Level 1:colcon.colcon_core.environment:checking '/home/abhirup/slam_platform/slam_ws/install/groung_truth_provider/lib'
[1.714s] Level 1:colcon.colcon_core.environment:checking '/home/abhirup/slam_platform/slam_ws/install/groung_truth_provider/bin'
[1.714s] Level 1:colcon.colcon_core.environment:checking '/home/abhirup/slam_platform/slam_ws/install/groung_truth_provider/lib/pkgconfig/groung_truth_provider.pc'
[1.714s] Level 1:colcon.colcon_core.environment:checking '/home/abhirup/slam_platform/slam_ws/install/groung_truth_provider/lib/python3.12/site-packages'
[1.714s] Level 1:colcon.colcon_core.shell:create_environment_hook('groung_truth_provider', 'pythonpath')
[1.715s] INFO:colcon.colcon_core.shell:Creating environment hook '/home/abhirup/slam_platform/slam_ws/install/groung_truth_provider/share/groung_truth_provider/hook/pythonpath.ps1'
[1.715s] INFO:colcon.colcon_core.shell:Creating environment descriptor '/home/abhirup/slam_platform/slam_ws/install/groung_truth_provider/share/groung_truth_provider/hook/pythonpath.dsv'
[1.715s] INFO:colcon.colcon_core.shell:Creating environment hook '/home/abhirup/slam_platform/slam_ws/install/groung_truth_provider/share/groung_truth_provider/hook/pythonpath.sh'
[1.715s] Level 1:colcon.colcon_core.environment:checking '/home/abhirup/slam_platform/slam_ws/install/groung_truth_provider/bin'
[1.715s] Level 1:colcon.colcon_core.environment:create_environment_scripts_only(groung_truth_provider)
[1.715s] INFO:colcon.colcon_core.shell:Creating package script '/home/abhirup/slam_platform/slam_ws/install/groung_truth_provider/share/groung_truth_provider/package.ps1'
[1.716s] INFO:colcon.colcon_core.shell:Creating package descriptor '/home/abhirup/slam_platform/slam_ws/install/groung_truth_provider/share/groung_truth_provider/package.dsv'
[1.716s] INFO:colcon.colcon_core.shell:Creating package script '/home/abhirup/slam_platform/slam_ws/install/groung_truth_provider/share/groung_truth_provider/package.sh'
[1.716s] INFO:colcon.colcon_core.shell:Creating package script '/home/abhirup/slam_platform/slam_ws/install/groung_truth_provider/share/groung_truth_provider/package.bash'
[1.716s] INFO:colcon.colcon_core.shell:Creating package script '/home/abhirup/slam_platform/slam_ws/install/groung_truth_provider/share/groung_truth_provider/package.zsh'
[1.716s] Level 1:colcon.colcon_core.environment:create_file_with_runtime_dependencies(/home/abhirup/slam_platform/slam_ws/install/groung_truth_provider/share/colcon-core/packages/groung_truth_provider)
[1.717s] Level 1:colcon.colcon_core.environment:checking '/home/abhirup/slam_platform/slam_ws/install/sensor_adapter' for CMake module files
[1.717s] DEBUG:colcon.colcon_core.event_handler.log_command:Invoked command in '/home/abhirup/slam_platform/slam_ws/src/sensor_adapter' returned '0': DEBUGINFOD_URLS=https://debuginfod.ubuntu.com PYTHONPATH=/home/abhirup/slam_platform/slam_ws/build/sensor_adapter/prefix_override:/usr/lib/python3/dist-packages/colcon_core/task/python/colcon_distutils_commands:/home/abhirup/slam_platform/slam_ws/install/sensor_adapter/lib/python3.12/site-packages:${PYTHONPATH} /usr/bin/python3 -W ignore:setup.py install is deprecated -W ignore:easy_install command is deprecated setup.py egg_info --egg-base ../../build/sensor_adapter build --build-base /home/abhirup/slam_platform/slam_ws/build/sensor_adapter/build install --record /home/abhirup/slam_platform/slam_ws/build/sensor_adapter/install.log --single-version-externally-managed install_data --force
[1.717s] Level 1:colcon.colcon_core.environment:checking '/home/abhirup/slam_platform/slam_ws/install/sensor_adapter' for CMake config files
[1.717s] Level 1:colcon.colcon_core.environment:checking '/home/abhirup/slam_platform/slam_ws/install/sensor_adapter/lib'
[1.717s] Level 1:colcon.colcon_core.environment:checking '/home/abhirup/slam_platform/slam_ws/install/sensor_adapter/bin'
[1.717s] Level 1:colcon.colcon_core.environment:checking '/home/abhirup/slam_platform/slam_ws/install/sensor_adapter/lib/pkgconfig/sensor_adapter.pc'
[1.718s] Level 1:colcon.colcon_core.environment:checking '/home/abhirup/slam_platform/slam_ws/install/sensor_adapter/lib/python3.12/site-packages'
[1.718s] Level 1:colcon.colcon_core.shell:create_environment_hook('sensor_adapter', 'pythonpath')
[1.718s] INFO:colcon.colcon_core.shell:Creating environment hook '/home/abhirup/slam_platform/slam_ws/install/sensor_adapter/share/sensor_adapter/hook/pythonpath.ps1'
[1.718s] INFO:colcon.colcon_core.shell:Creating environment descriptor '/home/abhirup/slam_platform/slam_ws/install/sensor_adapter/share/sensor_adapter/hook/pythonpath.dsv'
[1.718s] INFO:colcon.colcon_core.shell:Creating environment hook '/home/abhirup/slam_platform/slam_ws/install/sensor_adapter/share/sensor_adapter/hook/pythonpath.sh'
[1.718s] Level 1:colcon.colcon_core.environment:checking '/home/abhirup/slam_platform/slam_ws/install/sensor_adapter/bin'
[1.718s] Level 1:colcon.colcon_core.environment:create_environment_scripts_only(sensor_adapter)
[1.718s] INFO:colcon.colcon_core.shell:Creating package script '/home/abhirup/slam_platform/slam_ws/install/sensor_adapter/share/sensor_adapter/package.ps1'
[1.719s] INFO:colcon.colcon_core.shell:Creating package descriptor '/home/abhirup/slam_platform/slam_ws/install/sensor_adapter/share/sensor_adapter/package.dsv'
[1.719s] INFO:colcon.colcon_core.shell:Creating package script '/home/abhirup/slam_platform/slam_ws/install/sensor_adapter/share/sensor_adapter/package.sh'
[1.719s] INFO:colcon.colcon_core.shell:Creating package script '/home/abhirup/slam_platform/slam_ws/install/sensor_adapter/share/sensor_adapter/package.bash'
[1.719s] INFO:colcon.colcon_core.shell:Creating package script '/home/abhirup/slam_platform/slam_ws/install/sensor_adapter/share/sensor_adapter/package.zsh'
[1.719s] Level 1:colcon.colcon_core.environment:create_file_with_runtime_dependencies(/home/abhirup/slam_platform/slam_ws/install/sensor_adapter/share/colcon-core/packages/sensor_adapter)
[1.744s] Level 1:colcon.colcon_core.environment:checking '/home/abhirup/slam_platform/slam_ws/install/tf_manager' for CMake module files
[1.745s] DEBUG:colcon.colcon_core.event_handler.log_command:Invoked command in '/home/abhirup/slam_platform/slam_ws/src/tf_manager' returned '0': DEBUGINFOD_URLS=https://debuginfod.ubuntu.com PYTHONPATH=/home/abhirup/slam_platform/slam_ws/build/tf_manager/prefix_override:/usr/lib/python3/dist-packages/colcon_core/task/python/colcon_distutils_commands:/home/abhirup/slam_platform/slam_ws/install/tf_manager/lib/python3.12/site-packages:${PYTHONPATH} /usr/bin/python3 -W ignore:setup.py install is deprecated -W ignore:easy_install command is deprecated setup.py egg_info --egg-base ../../build/tf_manager build --build-base /home/abhirup/slam_platform/slam_ws/build/tf_manager/build install --record /home/abhirup/slam_platform/slam_ws/build/tf_manager/install.log --single-version-externally-managed install_data --force
[1.745s] Level 1:colcon.colcon_core.environment:checking '/home/abhirup/slam_platform/slam_ws/install/tf_manager' for CMake config files
[1.745s] Level 1:colcon.colcon_core.environment:checking '/home/abhirup/slam_platform/slam_ws/install/tf_manager/lib'
[1.745s] Level 1:colcon.colcon_core.environment:checking '/home/abhirup/slam_platform/slam_ws/install/tf_manager/bin'
[1.745s] Level 1:colcon.colcon_core.environment:checking '/home/abhirup/slam_platform/slam_ws/install/tf_manager/lib/pkgconfig/tf_manager.pc'
[1.745s] Level 1:colcon.colcon_core.environment:checking '/home/abhirup/slam_platform/slam_ws/install/tf_manager/lib/python3.12/site-packages'
[1.745s] Level 1:colcon.colcon_core.shell:create_environment_hook('tf_manager', 'pythonpath')
[1.745s] INFO:colcon.colcon_core.shell:Creating environment hook '/home/abhirup/slam_platform/slam_ws/install/tf_manager/share/tf_manager/hook/pythonpath.ps1'
[1.746s] INFO:colcon.colcon_core.shell:Creating environment descriptor '/home/abhirup/slam_platform/slam_ws/install/tf_manager/share/tf_manager/hook/pythonpath.dsv'
[1.746s] INFO:colcon.colcon_core.shell:Creating environment hook '/home/abhirup/slam_platform/slam_ws/install/tf_manager/share/tf_manager/hook/pythonpath.sh'
[1.746s] Level 1:colcon.colcon_core.environment:checking '/home/abhirup/slam_platform/slam_ws/install/tf_manager/bin'
[1.746s] Level 1:colcon.colcon_core.environment:create_environment_scripts_only(tf_manager)
[1.746s] INFO:colcon.colcon_core.shell:Creating package script '/home/abhirup/slam_platform/slam_ws/install/tf_manager/share/tf_manager/package.ps1'
[1.747s] INFO:colcon.colcon_core.shell:Creating package descriptor '/home/abhirup/slam_platform/slam_ws/install/tf_manager/share/tf_manager/package.dsv'
[1.747s] INFO:colcon.colcon_core.shell:Creating package script '/home/abhirup/slam_platform/slam_ws/install/tf_manager/share/tf_manager/package.sh'
[1.747s] INFO:colcon.colcon_core.shell:Creating package script '/home/abhirup/slam_platform/slam_ws/install/tf_manager/share/tf_manager/package.bash'
[1.747s] INFO:colcon.colcon_core.shell:Creating package script '/home/abhirup/slam_platform/slam_ws/install/tf_manager/share/tf_manager/package.zsh'
[1.747s] Level 1:colcon.colcon_core.environment:create_file_with_runtime_dependencies(/home/abhirup/slam_platform/slam_ws/install/tf_manager/share/colcon-core/packages/tf_manager)
[1.747s] DEBUG:colcon.colcon_parallel_executor.executor.parallel:closing loop
[1.747s] DEBUG:colcon.colcon_parallel_executor.executor.parallel:loop closed
[1.747s] DEBUG:colcon.colcon_parallel_executor.executor.parallel:run_until_complete finished with '0'
[1.747s] DEBUG:colcon.colcon_core.event_reactor:joining thread
[1.751s] INFO:colcon.colcon_core.plugin_system:Skipping extension 'colcon_notification.desktop_notification.terminal_notifier': Not used on non-Darwin systems
[1.751s] INFO:colcon.colcon_core.plugin_system:Skipping extension 'colcon_notification.desktop_notification.win32': Not used on non-Windows systems
[1.751s] INFO:colcon.colcon_notification.desktop_notification:Sending desktop notification using 'notify2'
[1.761s] DEBUG:colcon.colcon_core.event_reactor:joined thread
[1.761s] INFO:colcon.colcon_core.shell:Creating prefix script '/home/abhirup/slam_platform/slam_ws/install/local_setup.ps1'
[1.761s] INFO:colcon.colcon_core.shell:Creating prefix util module '/home/abhirup/slam_platform/slam_ws/install/_local_setup_util_ps1.py'
[1.761s] INFO:colcon.colcon_core.shell:Creating prefix chain script '/home/abhirup/slam_platform/slam_ws/install/setup.ps1'
[1.762s] INFO:colcon.colcon_core.shell:Creating prefix script '/home/abhirup/slam_platform/slam_ws/install/local_setup.sh'
[1.762s] INFO:colcon.colcon_core.shell:Creating prefix util module '/home/abhirup/slam_platform/slam_ws/install/_local_setup_util_sh.py'
[1.762s] INFO:colcon.colcon_core.shell:Creating prefix chain script '/home/abhirup/slam_platform/slam_ws/install/setup.sh'
[1.763s] INFO:colcon.colcon_core.shell:Creating prefix script '/home/abhirup/slam_platform/slam_ws/install/local_setup.bash'
[1.763s] INFO:colcon.colcon_core.shell:Creating prefix chain script '/home/abhirup/slam_platform/slam_ws/install/setup.bash'
[1.763s] INFO:colcon.colcon_core.shell:Creating prefix script '/home/abhirup/slam_platform/slam_ws/install/local_setup.zsh'
[1.763s] INFO:colcon.colcon_core.shell:Creating prefix chain script '/home/abhirup/slam_platform/slam_ws/install/setup.zsh'
