[0.045s] DEBUG:colcon:Command line arguments: ['/usr/bin/colcon', 'build']
[0.045s] DEBUG:colcon:Parsed command line arguments: Namespace(log_base=None, log_level=None, verb_name='build', build_base='build', install_base='install', merge_install=False, symlink_install=False, test_result_base=None, continue_on_error=False, executor='parallel', parallel_workers=28, event_handlers=None, ignore_user_meta=False, metas=['./colcon.meta'], base_paths=['.'], packages_ignore=None, packages_ignore_regex=None, paths=None, packages_up_to=None, packages_up_to_regex=None, packages_above=None, packages_above_and_dependencies=None, packages_above_depth=None, packages_select_by_dep=None, packages_skip_by_dep=None, packages_skip_up_to=None, packages_select_build_failed=False, packages_skip_build_finished=False, packages_select_test_failures=False, packages_skip_test_passed=False, packages_select=None, packages_skip=None, packages_select_regex=None, packages_skip_regex=None, packages_start=None, packages_end=None, allow_overriding=[], cmake_args=None, cmake_target=None, cmake_target_skip_unavailable=False, cmake_clean_cache=False, cmake_clean_first=False, cmake_force_configure=False, ament_cmake_args=None, catkin_cmake_args=None, catkin_skip_building_tests=False, verb_parser=<colcon_defaults.argument_parser.defaults.DefaultArgumentsDecorator object at 0x7c68aaa4c7d0>, verb_extension=<colcon_core.verb.build.BuildVerb object at 0x7c68aaba5df0>, main=<bound method BuildVerb.main of <colcon_core.verb.build.BuildVerb object at 0x7c68aaba5df0>>)
[0.063s] Level 1:colcon.colcon_core.package_discovery:discover_packages(colcon_meta) check parameters
[0.063s] Level 1:colcon.colcon_core.package_discovery:discover_packages(recursive) check parameters
[0.063s] Level 1:colcon.colcon_core.package_discovery:discover_packages(ignore) check parameters
[0.063s] Level 1:colcon.colcon_core.package_discovery:discover_packages(path) check parameters
[0.063s] Level 1:colcon.colcon_core.package_discovery:discover_packages(colcon_meta) discover
[0.063s] Level 1:colcon.colcon_core.package_discovery:discover_packages(recursive) discover
[0.063s] INFO:colcon.colcon_core.package_discovery:Crawling recursively for packages in '/home/abhirup/slam_platform'
[0.063s] Level 1:colcon.colcon_core.package_identification:_identify(.) by extensions ['ignore', 'ignore_ament_install']
[0.063s] Level 1:colcon.colcon_core.package_identification:_identify(.) by extension 'ignore'
[0.063s] Level 1:colcon.colcon_core.package_identification:_identify(.) by extension 'ignore_ament_install'
[0.063s] Level 1:colcon.colcon_core.package_identification:_identify(.) by extensions ['colcon_pkg']
[0.063s] Level 1:colcon.colcon_core.package_identification:_identify(.) by extension 'colcon_pkg'
[0.063s] Level 1:colcon.colcon_core.package_identification:_identify(.) by extensions ['colcon_meta']
[0.063s] Level 1:colcon.colcon_core.package_identification:_identify(.) by extension 'colcon_meta'
[0.063s] Level 1:colcon.colcon_core.package_identification:_identify(.) by extensions ['ros']
[0.063s] Level 1:colcon.colcon_core.package_identification:_identify(.) by extension 'ros'
[0.077s] Level 1:colcon.colcon_core.package_identification:_identify(.) by extensions ['cmake', 'python']
[0.077s] Level 1:colcon.colcon_core.package_identification:_identify(.) by extension 'cmake'
[0.077s] Level 1:colcon.colcon_core.package_identification:_identify(.) by extension 'python'
[0.077s] Level 1:colcon.colcon_core.package_identification:_identify(.) by extensions ['python_setup_py']
[0.077s] Level 1:colcon.colcon_core.package_identification:_identify(.) by extension 'python_setup_py'
[0.077s] Level 1:colcon.colcon_core.package_identification:_identify(build) by extensions ['ignore', 'ignore_ament_install']
[0.077s] Level 1:colcon.colcon_core.package_identification:_identify(build) by extension 'ignore'
[0.077s] Level 1:colcon.colcon_core.package_identification:_identify(build) ignored
[0.077s] Level 1:colcon.colcon_core.package_identification:_identify(compose) by extensions ['ignore', 'ignore_ament_install']
[0.078s] Level 1:colcon.colcon_core.package_identification:_identify(compose) by extension 'ignore'
[0.078s] Level 1:colcon.colcon_core.package_identification:_identify(compose) by extension 'ignore_ament_install'
[0.078s] Level 1:colcon.colcon_core.package_identification:_identify(compose) by extensions ['colcon_pkg']
[0.078s] Level 1:colcon.colcon_core.package_identification:_identify(compose) by extension 'colcon_pkg'
[0.078s] Level 1:colcon.colcon_core.package_identification:_identify(compose) by extensions ['colcon_meta']
[0.078s] Level 1:colcon.colcon_core.package_identification:_identify(compose) by extension 'colcon_meta'
[0.078s] Level 1:colcon.colcon_core.package_identification:_identify(compose) by extensions ['ros']
[0.078s] Level 1:colcon.colcon_core.package_identification:_identify(compose) by extension 'ros'
[0.078s] Level 1:colcon.colcon_core.package_identification:_identify(compose) by extensions ['cmake', 'python']
[0.078s] Level 1:colcon.colcon_core.package_identification:_identify(compose) by extension 'cmake'
[0.078s] Level 1:colcon.colcon_core.package_identification:_identify(compose) by extension 'python'
[0.078s] Level 1:colcon.colcon_core.package_identification:_identify(compose) by extensions ['python_setup_py']
[0.078s] Level 1:colcon.colcon_core.package_identification:_identify(compose) by extension 'python_setup_py'
[0.078s] Level 1:colcon.colcon_core.package_identification:_identify(data) by extensions ['ignore', 'ignore_ament_install']
[0.078s] Level 1:colcon.colcon_core.package_identification:_identify(data) by extension 'ignore'
[0.078s] Level 1:colcon.colcon_core.package_identification:_identify(data) by extension 'ignore_ament_install'
[0.078s] Level 1:colcon.colcon_core.package_identification:_identify(data) by extensions ['colcon_pkg']
[0.078s] Level 1:colcon.colcon_core.package_identification:_identify(data) by extension 'colcon_pkg'
[0.078s] Level 1:colcon.colcon_core.package_identification:_identify(data) by extensions ['colcon_meta']
[0.078s] Level 1:colcon.colcon_core.package_identification:_identify(data) by extension 'colcon_meta'
[0.078s] Level 1:colcon.colcon_core.package_identification:_identify(data) by extensions ['ros']
[0.078s] Level 1:colcon.colcon_core.package_identification:_identify(data) by extension 'ros'
[0.078s] Level 1:colcon.colcon_core.package_identification:_identify(data) by extensions ['cmake', 'python']
[0.078s] Level 1:colcon.colcon_core.package_identification:_identify(data) by extension 'cmake'
[0.078s] Level 1:colcon.colcon_core.package_identification:_identify(data) by extension 'python'
[0.078s] Level 1:colcon.colcon_core.package_identification:_identify(data) by extensions ['python_setup_py']
[0.078s] Level 1:colcon.colcon_core.package_identification:_identify(data) by extension 'python_setup_py'
[0.078s] Level 1:colcon.colcon_core.package_identification:_identify(data/bags) by extensions ['ignore', 'ignore_ament_install']
[0.079s] Level 1:colcon.colcon_core.package_identification:_identify(data/bags) by extension 'ignore'
[0.079s] Level 1:colcon.colcon_core.package_identification:_identify(data/bags) by extension 'ignore_ament_install'
[0.079s] Level 1:colcon.colcon_core.package_identification:_identify(data/bags) by extensions ['colcon_pkg']
[0.079s] Level 1:colcon.colcon_core.package_identification:_identify(data/bags) by extension 'colcon_pkg'
[0.079s] Level 1:colcon.colcon_core.package_identification:_identify(data/bags) by extensions ['colcon_meta']
[0.079s] Level 1:colcon.colcon_core.package_identification:_identify(data/bags) by extension 'colcon_meta'
[0.079s] Level 1:colcon.colcon_core.package_identification:_identify(data/bags) by extensions ['ros']
[0.079s] Level 1:colcon.colcon_core.package_identification:_identify(data/bags) by extension 'ros'
[0.079s] Level 1:colcon.colcon_core.package_identification:_identify(data/bags) by extensions ['cmake', 'python']
[0.079s] Level 1:colcon.colcon_core.package_identification:_identify(data/bags) by extension 'cmake'
[0.079s] Level 1:colcon.colcon_core.package_identification:_identify(data/bags) by extension 'python'
[0.079s] Level 1:colcon.colcon_core.package_identification:_identify(data/bags) by extensions ['python_setup_py']
[0.079s] Level 1:colcon.colcon_core.package_identification:_identify(data/bags) by extension 'python_setup_py'
[0.079s] Level 1:colcon.colcon_core.package_identification:_identify(data/csv) by extensions ['ignore', 'ignore_ament_install']
[0.079s] Level 1:colcon.colcon_core.package_identification:_identify(data/csv) by extension 'ignore'
[0.079s] Level 1:colcon.colcon_core.package_identification:_identify(data/csv) by extension 'ignore_ament_install'
[0.079s] Level 1:colcon.colcon_core.package_identification:_identify(data/csv) by extensions ['colcon_pkg']
[0.079s] Level 1:colcon.colcon_core.package_identification:_identify(data/csv) by extension 'colcon_pkg'
[0.079s] Level 1:colcon.colcon_core.package_identification:_identify(data/csv) by extensions ['colcon_meta']
[0.079s] Level 1:colcon.colcon_core.package_identification:_identify(data/csv) by extension 'colcon_meta'
[0.079s] Level 1:colcon.colcon_core.package_identification:_identify(data/csv) by extensions ['ros']
[0.079s] Level 1:colcon.colcon_core.package_identification:_identify(data/csv) by extension 'ros'
[0.079s] Level 1:colcon.colcon_core.package_identification:_identify(data/csv) by extensions ['cmake', 'python']
[0.079s] Level 1:colcon.colcon_core.package_identification:_identify(data/csv) by extension 'cmake'
[0.079s] Level 1:colcon.colcon_core.package_identification:_identify(data/csv) by extension 'python'
[0.079s] Level 1:colcon.colcon_core.package_identification:_identify(data/csv) by extensions ['python_setup_py']
[0.079s] Level 1:colcon.colcon_core.package_identification:_identify(data/csv) by extension 'python_setup_py'
[0.079s] Level 1:colcon.colcon_core.package_identification:_identify(data/json) by extensions ['ignore', 'ignore_ament_install']
[0.079s] Level 1:colcon.colcon_core.package_identification:_identify(data/json) by extension 'ignore'
[0.079s] Level 1:colcon.colcon_core.package_identification:_identify(data/json) by extension 'ignore_ament_install'
[0.079s] Level 1:colcon.colcon_core.package_identification:_identify(data/json) by extensions ['colcon_pkg']
[0.079s] Level 1:colcon.colcon_core.package_identification:_identify(data/json) by extension 'colcon_pkg'
[0.079s] Level 1:colcon.colcon_core.package_identification:_identify(data/json) by extensions ['colcon_meta']
[0.079s] Level 1:colcon.colcon_core.package_identification:_identify(data/json) by extension 'colcon_meta'
[0.079s] Level 1:colcon.colcon_core.package_identification:_identify(data/json) by extensions ['ros']
[0.079s] Level 1:colcon.colcon_core.package_identification:_identify(data/json) by extension 'ros'
[0.079s] Level 1:colcon.colcon_core.package_identification:_identify(data/json) by extensions ['cmake', 'python']
[0.079s] Level 1:colcon.colcon_core.package_identification:_identify(data/json) by extension 'cmake'
[0.079s] Level 1:colcon.colcon_core.package_identification:_identify(data/json) by extension 'python'
[0.079s] Level 1:colcon.colcon_core.package_identification:_identify(data/json) by extensions ['python_setup_py']
[0.079s] Level 1:colcon.colcon_core.package_identification:_identify(data/json) by extension 'python_setup_py'
[0.079s] Level 1:colcon.colcon_core.package_identification:_identify(data/plots) by extensions ['ignore', 'ignore_ament_install']
[0.079s] Level 1:colcon.colcon_core.package_identification:_identify(data/plots) by extension 'ignore'
[0.079s] Level 1:colcon.colcon_core.package_identification:_identify(data/plots) by extension 'ignore_ament_install'
[0.079s] Level 1:colcon.colcon_core.package_identification:_identify(data/plots) by extensions ['colcon_pkg']
[0.079s] Level 1:colcon.colcon_core.package_identification:_identify(data/plots) by extension 'colcon_pkg'
[0.079s] Level 1:colcon.colcon_core.package_identification:_identify(data/plots) by extensions ['colcon_meta']
[0.079s] Level 1:colcon.colcon_core.package_identification:_identify(data/plots) by extension 'colcon_meta'
[0.079s] Level 1:colcon.colcon_core.package_identification:_identify(data/plots) by extensions ['ros']
[0.079s] Level 1:colcon.colcon_core.package_identification:_identify(data/plots) by extension 'ros'
[0.079s] Level 1:colcon.colcon_core.package_identification:_identify(data/plots) by extensions ['cmake', 'python']
[0.079s] Level 1:colcon.colcon_core.package_identification:_identify(data/plots) by extension 'cmake'
[0.079s] Level 1:colcon.colcon_core.package_identification:_identify(data/plots) by extension 'python'
[0.079s] Level 1:colcon.colcon_core.package_identification:_identify(data/plots) by extensions ['python_setup_py']
[0.080s] Level 1:colcon.colcon_core.package_identification:_identify(data/plots) by extension 'python_setup_py'
[0.080s] Level 1:colcon.colcon_core.package_identification:_identify(data/reports) by extensions ['ignore', 'ignore_ament_install']
[0.080s] Level 1:colcon.colcon_core.package_identification:_identify(data/reports) by extension 'ignore'
[0.080s] Level 1:colcon.colcon_core.package_identification:_identify(data/reports) by extension 'ignore_ament_install'
[0.080s] Level 1:colcon.colcon_core.package_identification:_identify(data/reports) by extensions ['colcon_pkg']
[0.080s] Level 1:colcon.colcon_core.package_identification:_identify(data/reports) by extension 'colcon_pkg'
[0.080s] Level 1:colcon.colcon_core.package_identification:_identify(data/reports) by extensions ['colcon_meta']
[0.080s] Level 1:colcon.colcon_core.package_identification:_identify(data/reports) by extension 'colcon_meta'
[0.080s] Level 1:colcon.colcon_core.package_identification:_identify(data/reports) by extensions ['ros']
[0.080s] Level 1:colcon.colcon_core.package_identification:_identify(data/reports) by extension 'ros'
[0.080s] Level 1:colcon.colcon_core.package_identification:_identify(data/reports) by extensions ['cmake', 'python']
[0.080s] Level 1:colcon.colcon_core.package_identification:_identify(data/reports) by extension 'cmake'
[0.080s] Level 1:colcon.colcon_core.package_identification:_identify(data/reports) by extension 'python'
[0.080s] Level 1:colcon.colcon_core.package_identification:_identify(data/reports) by extensions ['python_setup_py']
[0.080s] Level 1:colcon.colcon_core.package_identification:_identify(data/reports) by extension 'python_setup_py'
[0.080s] Level 1:colcon.colcon_core.package_identification:_identify(docker) by extensions ['ignore', 'ignore_ament_install']
[0.080s] Level 1:colcon.colcon_core.package_identification:_identify(docker) by extension 'ignore'
[0.080s] Level 1:colcon.colcon_core.package_identification:_identify(docker) by extension 'ignore_ament_install'
[0.080s] Level 1:colcon.colcon_core.package_identification:_identify(docker) by extensions ['colcon_pkg']
[0.080s] Level 1:colcon.colcon_core.package_identification:_identify(docker) by extension 'colcon_pkg'
[0.080s] Level 1:colcon.colcon_core.package_identification:_identify(docker) by extensions ['colcon_meta']
[0.080s] Level 1:colcon.colcon_core.package_identification:_identify(docker) by extension 'colcon_meta'
[0.080s] Level 1:colcon.colcon_core.package_identification:_identify(docker) by extensions ['ros']
[0.080s] Level 1:colcon.colcon_core.package_identification:_identify(docker) by extension 'ros'
[0.080s] Level 1:colcon.colcon_core.package_identification:_identify(docker) by extensions ['cmake', 'python']
[0.080s] Level 1:colcon.colcon_core.package_identification:_identify(docker) by extension 'cmake'
[0.080s] Level 1:colcon.colcon_core.package_identification:_identify(docker) by extension 'python'
[0.080s] Level 1:colcon.colcon_core.package_identification:_identify(docker) by extensions ['python_setup_py']
[0.080s] Level 1:colcon.colcon_core.package_identification:_identify(docker) by extension 'python_setup_py'
[0.080s] Level 1:colcon.colcon_core.package_identification:_identify(docker/base) by extensions ['ignore', 'ignore_ament_install']
[0.080s] Level 1:colcon.colcon_core.package_identification:_identify(docker/base) by extension 'ignore'
[0.080s] Level 1:colcon.colcon_core.package_identification:_identify(docker/base) by extension 'ignore_ament_install'
[0.080s] Level 1:colcon.colcon_core.package_identification:_identify(docker/base) by extensions ['colcon_pkg']
[0.080s] Level 1:colcon.colcon_core.package_identification:_identify(docker/base) by extension 'colcon_pkg'
[0.080s] Level 1:colcon.colcon_core.package_identification:_identify(docker/base) by extensions ['colcon_meta']
[0.080s] Level 1:colcon.colcon_core.package_identification:_identify(docker/base) by extension 'colcon_meta'
[0.080s] Level 1:colcon.colcon_core.package_identification:_identify(docker/base) by extensions ['ros']
[0.080s] Level 1:colcon.colcon_core.package_identification:_identify(docker/base) by extension 'ros'
[0.080s] Level 1:colcon.colcon_core.package_identification:_identify(docker/base) by extensions ['cmake', 'python']
[0.080s] Level 1:colcon.colcon_core.package_identification:_identify(docker/base) by extension 'cmake'
[0.080s] Level 1:colcon.colcon_core.package_identification:_identify(docker/base) by extension 'python'
[0.080s] Level 1:colcon.colcon_core.package_identification:_identify(docker/base) by extensions ['python_setup_py']
[0.080s] Level 1:colcon.colcon_core.package_identification:_identify(docker/base) by extension 'python_setup_py'
[0.080s] Level 1:colcon.colcon_core.package_identification:_identify(docker/evaluator) by extensions ['ignore', 'ignore_ament_install']
[0.080s] Level 1:colcon.colcon_core.package_identification:_identify(docker/evaluator) by extension 'ignore'
[0.080s] Level 1:colcon.colcon_core.package_identification:_identify(docker/evaluator) by extension 'ignore_ament_install'
[0.080s] Level 1:colcon.colcon_core.package_identification:_identify(docker/evaluator) by extensions ['colcon_pkg']
[0.080s] Level 1:colcon.colcon_core.package_identification:_identify(docker/evaluator) by extension 'colcon_pkg'
[0.080s] Level 1:colcon.colcon_core.package_identification:_identify(docker/evaluator) by extensions ['colcon_meta']
[0.080s] Level 1:colcon.colcon_core.package_identification:_identify(docker/evaluator) by extension 'colcon_meta'
[0.080s] Level 1:colcon.colcon_core.package_identification:_identify(docker/evaluator) by extensions ['ros']
[0.080s] Level 1:colcon.colcon_core.package_identification:_identify(docker/evaluator) by extension 'ros'
[0.080s] Level 1:colcon.colcon_core.package_identification:_identify(docker/evaluator) by extensions ['cmake', 'python']
[0.081s] Level 1:colcon.colcon_core.package_identification:_identify(docker/evaluator) by extension 'cmake'
[0.081s] Level 1:colcon.colcon_core.package_identification:_identify(docker/evaluator) by extension 'python'
[0.081s] Level 1:colcon.colcon_core.package_identification:_identify(docker/evaluator) by extensions ['python_setup_py']
[0.081s] Level 1:colcon.colcon_core.package_identification:_identify(docker/evaluator) by extension 'python_setup_py'
[0.081s] Level 1:colcon.colcon_core.package_identification:_identify(docker/gazebo) by extensions ['ignore', 'ignore_ament_install']
[0.081s] Level 1:colcon.colcon_core.package_identification:_identify(docker/gazebo) by extension 'ignore'
[0.081s] Level 1:colcon.colcon_core.package_identification:_identify(docker/gazebo) by extension 'ignore_ament_install'
[0.081s] Level 1:colcon.colcon_core.package_identification:_identify(docker/gazebo) by extensions ['colcon_pkg']
[0.081s] Level 1:colcon.colcon_core.package_identification:_identify(docker/gazebo) by extension 'colcon_pkg'
[0.081s] Level 1:colcon.colcon_core.package_identification:_identify(docker/gazebo) by extensions ['colcon_meta']
[0.081s] Level 1:colcon.colcon_core.package_identification:_identify(docker/gazebo) by extension 'colcon_meta'
[0.081s] Level 1:colcon.colcon_core.package_identification:_identify(docker/gazebo) by extensions ['ros']
[0.081s] Level 1:colcon.colcon_core.package_identification:_identify(docker/gazebo) by extension 'ros'
[0.081s] Level 1:colcon.colcon_core.package_identification:_identify(docker/gazebo) by extensions ['cmake', 'python']
[0.081s] Level 1:colcon.colcon_core.package_identification:_identify(docker/gazebo) by extension 'cmake'
[0.081s] Level 1:colcon.colcon_core.package_identification:_identify(docker/gazebo) by extension 'python'
[0.081s] Level 1:colcon.colcon_core.package_identification:_identify(docker/gazebo) by extensions ['python_setup_py']
[0.081s] Level 1:colcon.colcon_core.package_identification:_identify(docker/gazebo) by extension 'python_setup_py'
[0.081s] Level 1:colcon.colcon_core.package_identification:_identify(docker/orchestrator) by extensions ['ignore', 'ignore_ament_install']
[0.081s] Level 1:colcon.colcon_core.package_identification:_identify(docker/orchestrator) by extension 'ignore'
[0.081s] Level 1:colcon.colcon_core.package_identification:_identify(docker/orchestrator) by extension 'ignore_ament_install'
[0.081s] Level 1:colcon.colcon_core.package_identification:_identify(docker/orchestrator) by extensions ['colcon_pkg']
[0.081s] Level 1:colcon.colcon_core.package_identification:_identify(docker/orchestrator) by extension 'colcon_pkg'
[0.081s] Level 1:colcon.colcon_core.package_identification:_identify(docker/orchestrator) by extensions ['colcon_meta']
[0.081s] Level 1:colcon.colcon_core.package_identification:_identify(docker/orchestrator) by extension 'colcon_meta'
[0.081s] Level 1:colcon.colcon_core.package_identification:_identify(docker/orchestrator) by extensions ['ros']
[0.081s] Level 1:colcon.colcon_core.package_identification:_identify(docker/orchestrator) by extension 'ros'
[0.081s] Level 1:colcon.colcon_core.package_identification:_identify(docker/orchestrator) by extensions ['cmake', 'python']
[0.081s] Level 1:colcon.colcon_core.package_identification:_identify(docker/orchestrator) by extension 'cmake'
[0.081s] Level 1:colcon.colcon_core.package_identification:_identify(docker/orchestrator) by extension 'python'
[0.081s] Level 1:colcon.colcon_core.package_identification:_identify(docker/orchestrator) by extensions ['python_setup_py']
[0.081s] Level 1:colcon.colcon_core.package_identification:_identify(docker/orchestrator) by extension 'python_setup_py'
[0.081s] Level 1:colcon.colcon_core.package_identification:_identify(docker/plugins) by extensions ['ignore', 'ignore_ament_install']
[0.081s] Level 1:colcon.colcon_core.package_identification:_identify(docker/plugins) by extension 'ignore'
[0.081s] Level 1:colcon.colcon_core.package_identification:_identify(docker/plugins) by extension 'ignore_ament_install'
[0.081s] Level 1:colcon.colcon_core.package_identification:_identify(docker/plugins) by extensions ['colcon_pkg']
[0.081s] Level 1:colcon.colcon_core.package_identification:_identify(docker/plugins) by extension 'colcon_pkg'
[0.081s] Level 1:colcon.colcon_core.package_identification:_identify(docker/plugins) by extensions ['colcon_meta']
[0.081s] Level 1:colcon.colcon_core.package_identification:_identify(docker/plugins) by extension 'colcon_meta'
[0.081s] Level 1:colcon.colcon_core.package_identification:_identify(docker/plugins) by extensions ['ros']
[0.081s] Level 1:colcon.colcon_core.package_identification:_identify(docker/plugins) by extension 'ros'
[0.081s] Level 1:colcon.colcon_core.package_identification:_identify(docker/plugins) by extensions ['cmake', 'python']
[0.081s] Level 1:colcon.colcon_core.package_identification:_identify(docker/plugins) by extension 'cmake'
[0.081s] Level 1:colcon.colcon_core.package_identification:_identify(docker/plugins) by extension 'python'
[0.081s] Level 1:colcon.colcon_core.package_identification:_identify(docker/plugins) by extensions ['python_setup_py']
[0.081s] Level 1:colcon.colcon_core.package_identification:_identify(docker/plugins) by extension 'python_setup_py'
[0.081s] Level 1:colcon.colcon_core.package_identification:_identify(docker/visualization) by extensions ['ignore', 'ignore_ament_install']
[0.081s] Level 1:colcon.colcon_core.package_identification:_identify(docker/visualization) by extension 'ignore'
[0.081s] Level 1:colcon.colcon_core.package_identification:_identify(docker/visualization) by extension 'ignore_ament_install'
[0.081s] Level 1:colcon.colcon_core.package_identification:_identify(docker/visualization) by extensions ['colcon_pkg']
[0.081s] Level 1:colcon.colcon_core.package_identification:_identify(docker/visualization) by extension 'colcon_pkg'
[0.081s] Level 1:colcon.colcon_core.package_identification:_identify(docker/visualization) by extensions ['colcon_meta']
[0.081s] Level 1:colcon.colcon_core.package_identification:_identify(docker/visualization) by extension 'colcon_meta'
[0.081s] Level 1:colcon.colcon_core.package_identification:_identify(docker/visualization) by extensions ['ros']
[0.081s] Level 1:colcon.colcon_core.package_identification:_identify(docker/visualization) by extension 'ros'
[0.082s] Level 1:colcon.colcon_core.package_identification:_identify(docker/visualization) by extensions ['cmake', 'python']
[0.082s] Level 1:colcon.colcon_core.package_identification:_identify(docker/visualization) by extension 'cmake'
[0.082s] Level 1:colcon.colcon_core.package_identification:_identify(docker/visualization) by extension 'python'
[0.082s] Level 1:colcon.colcon_core.package_identification:_identify(docker/visualization) by extensions ['python_setup_py']
[0.082s] Level 1:colcon.colcon_core.package_identification:_identify(docker/visualization) by extension 'python_setup_py'
[0.082s] Level 1:colcon.colcon_core.package_identification:_identify(docs) by extensions ['ignore', 'ignore_ament_install']
[0.082s] Level 1:colcon.colcon_core.package_identification:_identify(docs) by extension 'ignore'
[0.082s] Level 1:colcon.colcon_core.package_identification:_identify(docs) by extension 'ignore_ament_install'
[0.082s] Level 1:colcon.colcon_core.package_identification:_identify(docs) by extensions ['colcon_pkg']
[0.082s] Level 1:colcon.colcon_core.package_identification:_identify(docs) by extension 'colcon_pkg'
[0.082s] Level 1:colcon.colcon_core.package_identification:_identify(docs) by extensions ['colcon_meta']
[0.082s] Level 1:colcon.colcon_core.package_identification:_identify(docs) by extension 'colcon_meta'
[0.082s] Level 1:colcon.colcon_core.package_identification:_identify(docs) by extensions ['ros']
[0.082s] Level 1:colcon.colcon_core.package_identification:_identify(docs) by extension 'ros'
[0.082s] Level 1:colcon.colcon_core.package_identification:_identify(docs) by extensions ['cmake', 'python']
[0.082s] Level 1:colcon.colcon_core.package_identification:_identify(docs) by extension 'cmake'
[0.082s] Level 1:colcon.colcon_core.package_identification:_identify(docs) by extension 'python'
[0.082s] Level 1:colcon.colcon_core.package_identification:_identify(docs) by extensions ['python_setup_py']
[0.082s] Level 1:colcon.colcon_core.package_identification:_identify(docs) by extension 'python_setup_py'
[0.082s] Level 1:colcon.colcon_core.package_identification:_identify(install) by extensions ['ignore', 'ignore_ament_install']
[0.082s] Level 1:colcon.colcon_core.package_identification:_identify(install) by extension 'ignore'
[0.082s] Level 1:colcon.colcon_core.package_identification:_identify(install) ignored
[0.082s] Level 1:colcon.colcon_core.package_identification:_identify(log) by extensions ['ignore', 'ignore_ament_install']
[0.082s] Level 1:colcon.colcon_core.package_identification:_identify(log) by extension 'ignore'
[0.082s] Level 1:colcon.colcon_core.package_identification:_identify(log) ignored
[0.082s] Level 1:colcon.colcon_core.package_identification:_identify(plugins) by extensions ['ignore', 'ignore_ament_install']
[0.082s] Level 1:colcon.colcon_core.package_identification:_identify(plugins) by extension 'ignore'
[0.082s] Level 1:colcon.colcon_core.package_identification:_identify(plugins) by extension 'ignore_ament_install'
[0.082s] Level 1:colcon.colcon_core.package_identification:_identify(plugins) by extensions ['colcon_pkg']
[0.082s] Level 1:colcon.colcon_core.package_identification:_identify(plugins) by extension 'colcon_pkg'
[0.082s] Level 1:colcon.colcon_core.package_identification:_identify(plugins) by extensions ['colcon_meta']
[0.082s] Level 1:colcon.colcon_core.package_identification:_identify(plugins) by extension 'colcon_meta'
[0.082s] Level 1:colcon.colcon_core.package_identification:_identify(plugins) by extensions ['ros']
[0.082s] Level 1:colcon.colcon_core.package_identification:_identify(plugins) by extension 'ros'
[0.082s] Level 1:colcon.colcon_core.package_identification:_identify(plugins) by extensions ['cmake', 'python']
[0.082s] Level 1:colcon.colcon_core.package_identification:_identify(plugins) by extension 'cmake'
[0.082s] Level 1:colcon.colcon_core.package_identification:_identify(plugins) by extension 'python'
[0.082s] Level 1:colcon.colcon_core.package_identification:_identify(plugins) by extensions ['python_setup_py']
[0.082s] Level 1:colcon.colcon_core.package_identification:_identify(plugins) by extension 'python_setup_py'
[0.082s] Level 1:colcon.colcon_core.package_identification:_identify(plugins/cnn-slam) by extensions ['ignore', 'ignore_ament_install']
[0.082s] Level 1:colcon.colcon_core.package_identification:_identify(plugins/cnn-slam) by extension 'ignore'
[0.082s] Level 1:colcon.colcon_core.package_identification:_identify(plugins/cnn-slam) by extension 'ignore_ament_install'
[0.082s] Level 1:colcon.colcon_core.package_identification:_identify(plugins/cnn-slam) by extensions ['colcon_pkg']
[0.082s] Level 1:colcon.colcon_core.package_identification:_identify(plugins/cnn-slam) by extension 'colcon_pkg'
[0.082s] Level 1:colcon.colcon_core.package_identification:_identify(plugins/cnn-slam) by extensions ['colcon_meta']
[0.082s] Level 1:colcon.colcon_core.package_identification:_identify(plugins/cnn-slam) by extension 'colcon_meta'
[0.082s] Level 1:colcon.colcon_core.package_identification:_identify(plugins/cnn-slam) by extensions ['ros']
[0.082s] Level 1:colcon.colcon_core.package_identification:_identify(plugins/cnn-slam) by extension 'ros'
[0.082s] Level 1:colcon.colcon_core.package_identification:_identify(plugins/cnn-slam) by extensions ['cmake', 'python']
[0.083s] Level 1:colcon.colcon_core.package_identification:_identify(plugins/cnn-slam) by extension 'cmake'
[0.083s] Level 1:colcon.colcon_core.package_identification:_identify(plugins/cnn-slam) by extension 'python'
[0.083s] Level 1:colcon.colcon_core.package_identification:_identify(plugins/cnn-slam) by extensions ['python_setup_py']
[0.083s] Level 1:colcon.colcon_core.package_identification:_identify(plugins/cnn-slam) by extension 'python_setup_py'
[0.083s] Level 1:colcon.colcon_core.package_identification:_identify(plugins/orb-slam3) by extensions ['ignore', 'ignore_ament_install']
[0.083s] Level 1:colcon.colcon_core.package_identification:_identify(plugins/orb-slam3) by extension 'ignore'
[0.083s] Level 1:colcon.colcon_core.package_identification:_identify(plugins/orb-slam3) by extension 'ignore_ament_install'
[0.083s] Level 1:colcon.colcon_core.package_identification:_identify(plugins/orb-slam3) by extensions ['colcon_pkg']
[0.083s] Level 1:colcon.colcon_core.package_identification:_identify(plugins/orb-slam3) by extension 'colcon_pkg'
[0.083s] Level 1:colcon.colcon_core.package_identification:_identify(plugins/orb-slam3) by extensions ['colcon_meta']
[0.083s] Level 1:colcon.colcon_core.package_identification:_identify(plugins/orb-slam3) by extension 'colcon_meta'
[0.083s] Level 1:colcon.colcon_core.package_identification:_identify(plugins/orb-slam3) by extensions ['ros']
[0.083s] Level 1:colcon.colcon_core.package_identification:_identify(plugins/orb-slam3) by extension 'ros'
[0.083s] Level 1:colcon.colcon_core.package_identification:_identify(plugins/orb-slam3) by extensions ['cmake', 'python']
[0.083s] Level 1:colcon.colcon_core.package_identification:_identify(plugins/orb-slam3) by extension 'cmake'
[0.083s] Level 1:colcon.colcon_core.package_identification:_identify(plugins/orb-slam3) by extension 'python'
[0.083s] Level 1:colcon.colcon_core.package_identification:_identify(plugins/orb-slam3) by extensions ['python_setup_py']
[0.083s] Level 1:colcon.colcon_core.package_identification:_identify(plugins/orb-slam3) by extension 'python_setup_py'
[0.083s] Level 1:colcon.colcon_core.package_identification:_identify(plugins/rl-slam) by extensions ['ignore', 'ignore_ament_install']
[0.083s] Level 1:colcon.colcon_core.package_identification:_identify(plugins/rl-slam) by extension 'ignore'
[0.083s] Level 1:colcon.colcon_core.package_identification:_identify(plugins/rl-slam) by extension 'ignore_ament_install'
[0.083s] Level 1:colcon.colcon_core.package_identification:_identify(plugins/rl-slam) by extensions ['colcon_pkg']
[0.083s] Level 1:colcon.colcon_core.package_identification:_identify(plugins/rl-slam) by extension 'colcon_pkg'
[0.083s] Level 1:colcon.colcon_core.package_identification:_identify(plugins/rl-slam) by extensions ['colcon_meta']
[0.083s] Level 1:colcon.colcon_core.package_identification:_identify(plugins/rl-slam) by extension 'colcon_meta'
[0.083s] Level 1:colcon.colcon_core.package_identification:_identify(plugins/rl-slam) by extensions ['ros']
[0.083s] Level 1:colcon.colcon_core.package_identification:_identify(plugins/rl-slam) by extension 'ros'
[0.083s] Level 1:colcon.colcon_core.package_identification:_identify(plugins/rl-slam) by extensions ['cmake', 'python']
[0.083s] Level 1:colcon.colcon_core.package_identification:_identify(plugins/rl-slam) by extension 'cmake'
[0.083s] Level 1:colcon.colcon_core.package_identification:_identify(plugins/rl-slam) by extension 'python'
[0.083s] Level 1:colcon.colcon_core.package_identification:_identify(plugins/rl-slam) by extensions ['python_setup_py']
[0.083s] Level 1:colcon.colcon_core.package_identification:_identify(plugins/rl-slam) by extension 'python_setup_py'
[0.083s] Level 1:colcon.colcon_core.package_identification:_identify(slam_ws) by extensions ['ignore', 'ignore_ament_install']
[0.083s] Level 1:colcon.colcon_core.package_identification:_identify(slam_ws) by extension 'ignore'
[0.083s] Level 1:colcon.colcon_core.package_identification:_identify(slam_ws) by extension 'ignore_ament_install'
[0.083s] Level 1:colcon.colcon_core.package_identification:_identify(slam_ws) by extensions ['colcon_pkg']
[0.083s] Level 1:colcon.colcon_core.package_identification:_identify(slam_ws) by extension 'colcon_pkg'
[0.083s] Level 1:colcon.colcon_core.package_identification:_identify(slam_ws) by extensions ['colcon_meta']
[0.083s] Level 1:colcon.colcon_core.package_identification:_identify(slam_ws) by extension 'colcon_meta'
[0.083s] Level 1:colcon.colcon_core.package_identification:_identify(slam_ws) by extensions ['ros']
[0.083s] Level 1:colcon.colcon_core.package_identification:_identify(slam_ws) by extension 'ros'
[0.083s] Level 1:colcon.colcon_core.package_identification:_identify(slam_ws) by extensions ['cmake', 'python']
[0.083s] Level 1:colcon.colcon_core.package_identification:_identify(slam_ws) by extension 'cmake'
[0.083s] Level 1:colcon.colcon_core.package_identification:_identify(slam_ws) by extension 'python'
[0.083s] Level 1:colcon.colcon_core.package_identification:_identify(slam_ws) by extensions ['python_setup_py']
[0.083s] Level 1:colcon.colcon_core.package_identification:_identify(slam_ws) by extension 'python_setup_py'
[0.083s] Level 1:colcon.colcon_core.package_identification:_identify(slam_ws/build) by extensions ['ignore', 'ignore_ament_install']
[0.084s] Level 1:colcon.colcon_core.package_identification:_identify(slam_ws/build) by extension 'ignore'
[0.084s] Level 1:colcon.colcon_core.package_identification:_identify(slam_ws/build) ignored
[0.084s] Level 1:colcon.colcon_core.package_identification:_identify(slam_ws/install) by extensions ['ignore', 'ignore_ament_install']
[0.084s] Level 1:colcon.colcon_core.package_identification:_identify(slam_ws/install) by extension 'ignore'
[0.084s] Level 1:colcon.colcon_core.package_identification:_identify(slam_ws/install) ignored
[0.084s] Level 1:colcon.colcon_core.package_identification:_identify(slam_ws/log) by extensions ['ignore', 'ignore_ament_install']
[0.084s] Level 1:colcon.colcon_core.package_identification:_identify(slam_ws/log) by extension 'ignore'
[0.084s] Level 1:colcon.colcon_core.package_identification:_identify(slam_ws/log) ignored
[0.084s] Level 1:colcon.colcon_core.package_identification:_identify(slam_ws/robots) by extensions ['ignore', 'ignore_ament_install']
[0.084s] Level 1:colcon.colcon_core.package_identification:_identify(slam_ws/robots) by extension 'ignore'
[0.084s] Level 1:colcon.colcon_core.package_identification:_identify(slam_ws/robots) by extension 'ignore_ament_install'
[0.084s] Level 1:colcon.colcon_core.package_identification:_identify(slam_ws/robots) by extensions ['colcon_pkg']
[0.084s] Level 1:colcon.colcon_core.package_identification:_identify(slam_ws/robots) by extension 'colcon_pkg'
[0.084s] Level 1:colcon.colcon_core.package_identification:_identify(slam_ws/robots) by extensions ['colcon_meta']
[0.084s] Level 1:colcon.colcon_core.package_identification:_identify(slam_ws/robots) by extension 'colcon_meta'
[0.084s] Level 1:colcon.colcon_core.package_identification:_identify(slam_ws/robots) by extensions ['ros']
[0.084s] Level 1:colcon.colcon_core.package_identification:_identify(slam_ws/robots) by extension 'ros'
[0.084s] Level 1:colcon.colcon_core.package_identification:_identify(slam_ws/robots) by extensions ['cmake', 'python']
[0.084s] Level 1:colcon.colcon_core.package_identification:_identify(slam_ws/robots) by extension 'cmake'
[0.084s] Level 1:colcon.colcon_core.package_identification:_identify(slam_ws/robots) by extension 'python'
[0.084s] Level 1:colcon.colcon_core.package_identification:_identify(slam_ws/robots) by extensions ['python_setup_py']
[0.084s] Level 1:colcon.colcon_core.package_identification:_identify(slam_ws/robots) by extension 'python_setup_py'
[0.084s] Level 1:colcon.colcon_core.package_identification:_identify(slam_ws/robots/ackerman_robot) by extensions ['ignore', 'ignore_ament_install']
[0.084s] Level 1:colcon.colcon_core.package_identification:_identify(slam_ws/robots/ackerman_robot) by extension 'ignore'
[0.084s] Level 1:colcon.colcon_core.package_identification:_identify(slam_ws/robots/ackerman_robot) by extension 'ignore_ament_install'
[0.084s] Level 1:colcon.colcon_core.package_identification:_identify(slam_ws/robots/ackerman_robot) by extensions ['colcon_pkg']
[0.084s] Level 1:colcon.colcon_core.package_identification:_identify(slam_ws/robots/ackerman_robot) by extension 'colcon_pkg'
[0.084s] Level 1:colcon.colcon_core.package_identification:_identify(slam_ws/robots/ackerman_robot) by extensions ['colcon_meta']
[0.084s] Level 1:colcon.colcon_core.package_identification:_identify(slam_ws/robots/ackerman_robot) by extension 'colcon_meta'
[0.084s] Level 1:colcon.colcon_core.package_identification:_identify(slam_ws/robots/ackerman_robot) by extensions ['ros']
[0.084s] Level 1:colcon.colcon_core.package_identification:_identify(slam_ws/robots/ackerman_robot) by extension 'ros'
[0.084s] Level 1:colcon.colcon_core.package_identification:_identify(slam_ws/robots/ackerman_robot) by extensions ['cmake', 'python']
[0.084s] Level 1:colcon.colcon_core.package_identification:_identify(slam_ws/robots/ackerman_robot) by extension 'cmake'
[0.084s] Level 1:colcon.colcon_core.package_identification:_identify(slam_ws/robots/ackerman_robot) by extension 'python'
[0.084s] Level 1:colcon.colcon_core.package_identification:_identify(slam_ws/robots/ackerman_robot) by extensions ['python_setup_py']
[0.084s] Level 1:colcon.colcon_core.package_identification:_identify(slam_ws/robots/ackerman_robot) by extension 'python_setup_py'
[0.084s] Level 1:colcon.colcon_core.package_identification:_identify(slam_ws/robots/differential_robot) by extensions ['ignore', 'ignore_ament_install']
[0.084s] Level 1:colcon.colcon_core.package_identification:_identify(slam_ws/robots/differential_robot) by extension 'ignore'
[0.084s] Level 1:colcon.colcon_core.package_identification:_identify(slam_ws/robots/differential_robot) by extension 'ignore_ament_install'
[0.084s] Level 1:colcon.colcon_core.package_identification:_identify(slam_ws/robots/differential_robot) by extensions ['colcon_pkg']
[0.084s] Level 1:colcon.colcon_core.package_identification:_identify(slam_ws/robots/differential_robot) by extension 'colcon_pkg'
[0.084s] Level 1:colcon.colcon_core.package_identification:_identify(slam_ws/robots/differential_robot) by extensions ['colcon_meta']
[0.084s] Level 1:colcon.colcon_core.package_identification:_identify(slam_ws/robots/differential_robot) by extension 'colcon_meta'
[0.084s] Level 1:colcon.colcon_core.package_identification:_identify(slam_ws/robots/differential_robot) by extensions ['ros']
[0.084s] Level 1:colcon.colcon_core.package_identification:_identify(slam_ws/robots/differential_robot) by extension 'ros'
[0.084s] Level 1:colcon.colcon_core.package_identification:_identify(slam_ws/robots/differential_robot) by extensions ['cmake', 'python']
[0.084s] Level 1:colcon.colcon_core.package_identification:_identify(slam_ws/robots/differential_robot) by extension 'cmake'
[0.084s] Level 1:colcon.colcon_core.package_identification:_identify(slam_ws/robots/differential_robot) by extension 'python'
[0.084s] Level 1:colcon.colcon_core.package_identification:_identify(slam_ws/robots/differential_robot) by extensions ['python_setup_py']
[0.084s] Level 1:colcon.colcon_core.package_identification:_identify(slam_ws/robots/differential_robot) by extension 'python_setup_py'
[0.085s] Level 1:colcon.colcon_core.package_identification:_identify(slam_ws/robots/differential_robot/config) by extensions ['ignore', 'ignore_ament_install']
[0.085s] Level 1:colcon.colcon_core.package_identification:_identify(slam_ws/robots/differential_robot/config) by extension 'ignore'
[0.085s] Level 1:colcon.colcon_core.package_identification:_identify(slam_ws/robots/differential_robot/config) by extension 'ignore_ament_install'
[0.085s] Level 1:colcon.colcon_core.package_identification:_identify(slam_ws/robots/differential_robot/config) by extensions ['colcon_pkg']
[0.085s] Level 1:colcon.colcon_core.package_identification:_identify(slam_ws/robots/differential_robot/config) by extension 'colcon_pkg'
[0.085s] Level 1:colcon.colcon_core.package_identification:_identify(slam_ws/robots/differential_robot/config) by extensions ['colcon_meta']
[0.085s] Level 1:colcon.colcon_core.package_identification:_identify(slam_ws/robots/differential_robot/config) by extension 'colcon_meta'
[0.085s] Level 1:colcon.colcon_core.package_identification:_identify(slam_ws/robots/differential_robot/config) by extensions ['ros']
[0.085s] Level 1:colcon.colcon_core.package_identification:_identify(slam_ws/robots/differential_robot/config) by extension 'ros'
[0.085s] Level 1:colcon.colcon_core.package_identification:_identify(slam_ws/robots/differential_robot/config) by extensions ['cmake', 'python']
[0.085s] Level 1:colcon.colcon_core.package_identification:_identify(slam_ws/robots/differential_robot/config) by extension 'cmake'
[0.085s] Level 1:colcon.colcon_core.package_identification:_identify(slam_ws/robots/differential_robot/config) by extension 'python'
[0.085s] Level 1:colcon.colcon_core.package_identification:_identify(slam_ws/robots/differential_robot/config) by extensions ['python_setup_py']
[0.085s] Level 1:colcon.colcon_core.package_identification:_identify(slam_ws/robots/differential_robot/config) by extension 'python_setup_py'
[0.085s] Level 1:colcon.colcon_core.package_identification:_identify(slam_ws/robots/differential_robot/meshes) by extensions ['ignore', 'ignore_ament_install']
[0.085s] Level 1:colcon.colcon_core.package_identification:_identify(slam_ws/robots/differential_robot/meshes) by extension 'ignore'
[0.085s] Level 1:colcon.colcon_core.package_identification:_identify(slam_ws/robots/differential_robot/meshes) by extension 'ignore_ament_install'
[0.085s] Level 1:colcon.colcon_core.package_identification:_identify(slam_ws/robots/differential_robot/meshes) by extensions ['colcon_pkg']
[0.085s] Level 1:colcon.colcon_core.package_identification:_identify(slam_ws/robots/differential_robot/meshes) by extension 'colcon_pkg'
[0.085s] Level 1:colcon.colcon_core.package_identification:_identify(slam_ws/robots/differential_robot/meshes) by extensions ['colcon_meta']
[0.085s] Level 1:colcon.colcon_core.package_identification:_identify(slam_ws/robots/differential_robot/meshes) by extension 'colcon_meta'
[0.085s] Level 1:colcon.colcon_core.package_identification:_identify(slam_ws/robots/differential_robot/meshes) by extensions ['ros']
[0.085s] Level 1:colcon.colcon_core.package_identification:_identify(slam_ws/robots/differential_robot/meshes) by extension 'ros'
[0.085s] Level 1:colcon.colcon_core.package_identification:_identify(slam_ws/robots/differential_robot/meshes) by extensions ['cmake', 'python']
[0.085s] Level 1:colcon.colcon_core.package_identification:_identify(slam_ws/robots/differential_robot/meshes) by extension 'cmake'
[0.085s] Level 1:colcon.colcon_core.package_identification:_identify(slam_ws/robots/differential_robot/meshes) by extension 'python'
[0.085s] Level 1:colcon.colcon_core.package_identification:_identify(slam_ws/robots/differential_robot/meshes) by extensions ['python_setup_py']
[0.085s] Level 1:colcon.colcon_core.package_identification:_identify(slam_ws/robots/differential_robot/meshes) by extension 'python_setup_py'
[0.085s] Level 1:colcon.colcon_core.package_identification:_identify(slam_ws/robots/differential_robot/urdf) by extensions ['ignore', 'ignore_ament_install']
[0.085s] Level 1:colcon.colcon_core.package_identification:_identify(slam_ws/robots/differential_robot/urdf) by extension 'ignore'
[0.085s] Level 1:colcon.colcon_core.package_identification:_identify(slam_ws/robots/differential_robot/urdf) by extension 'ignore_ament_install'
[0.085s] Level 1:colcon.colcon_core.package_identification:_identify(slam_ws/robots/differential_robot/urdf) by extensions ['colcon_pkg']
[0.085s] Level 1:colcon.colcon_core.package_identification:_identify(slam_ws/robots/differential_robot/urdf) by extension 'colcon_pkg'
[0.085s] Level 1:colcon.colcon_core.package_identification:_identify(slam_ws/robots/differential_robot/urdf) by extensions ['colcon_meta']
[0.085s] Level 1:colcon.colcon_core.package_identification:_identify(slam_ws/robots/differential_robot/urdf) by extension 'colcon_meta'
[0.085s] Level 1:colcon.colcon_core.package_identification:_identify(slam_ws/robots/differential_robot/urdf) by extensions ['ros']
[0.085s] Level 1:colcon.colcon_core.package_identification:_identify(slam_ws/robots/differential_robot/urdf) by extension 'ros'
[0.085s] Level 1:colcon.colcon_core.package_identification:_identify(slam_ws/robots/differential_robot/urdf) by extensions ['cmake', 'python']
[0.085s] Level 1:colcon.colcon_core.package_identification:_identify(slam_ws/robots/differential_robot/urdf) by extension 'cmake'
[0.085s] Level 1:colcon.colcon_core.package_identification:_identify(slam_ws/robots/differential_robot/urdf) by extension 'python'
[0.085s] Level 1:colcon.colcon_core.package_identification:_identify(slam_ws/robots/differential_robot/urdf) by extensions ['python_setup_py']
[0.085s] Level 1:colcon.colcon_core.package_identification:_identify(slam_ws/robots/differential_robot/urdf) by extension 'python_setup_py'
[0.085s] Level 1:colcon.colcon_core.package_identification:_identify(slam_ws/robots/differential_robot/urdf/build) by extensions ['ignore', 'ignore_ament_install']
[0.085s] Level 1:colcon.colcon_core.package_identification:_identify(slam_ws/robots/differential_robot/urdf/build) by extension 'ignore'
[0.085s] Level 1:colcon.colcon_core.package_identification:_identify(slam_ws/robots/differential_robot/urdf/build) ignored
[0.085s] Level 1:colcon.colcon_core.package_identification:_identify(slam_ws/robots/differential_robot/urdf/install) by extensions ['ignore', 'ignore_ament_install']
[0.085s] Level 1:colcon.colcon_core.package_identification:_identify(slam_ws/robots/differential_robot/urdf/install) by extension 'ignore'
[0.085s] Level 1:colcon.colcon_core.package_identification:_identify(slam_ws/robots/differential_robot/urdf/install) ignored
[0.085s] Level 1:colcon.colcon_core.package_identification:_identify(slam_ws/robots/differential_robot/urdf/log) by extensions ['ignore', 'ignore_ament_install']
[0.086s] Level 1:colcon.colcon_core.package_identification:_identify(slam_ws/robots/differential_robot/urdf/log) by extension 'ignore'
[0.086s] Level 1:colcon.colcon_core.package_identification:_identify(slam_ws/robots/differential_robot/urdf/log) ignored
[0.086s] Level 1:colcon.colcon_core.package_identification:_identify(slam_ws/src) by extensions ['ignore', 'ignore_ament_install']
[0.086s] Level 1:colcon.colcon_core.package_identification:_identify(slam_ws/src) by extension 'ignore'
[0.086s] Level 1:colcon.colcon_core.package_identification:_identify(slam_ws/src) by extension 'ignore_ament_install'
[0.086s] Level 1:colcon.colcon_core.package_identification:_identify(slam_ws/src) by extensions ['colcon_pkg']
[0.086s] Level 1:colcon.colcon_core.package_identification:_identify(slam_ws/src) by extension 'colcon_pkg'
[0.086s] Level 1:colcon.colcon_core.package_identification:_identify(slam_ws/src) by extensions ['colcon_meta']
[0.086s] Level 1:colcon.colcon_core.package_identification:_identify(slam_ws/src) by extension 'colcon_meta'
[0.086s] Level 1:colcon.colcon_core.package_identification:_identify(slam_ws/src) by extensions ['ros']
[0.086s] Level 1:colcon.colcon_core.package_identification:_identify(slam_ws/src) by extension 'ros'
[0.086s] Level 1:colcon.colcon_core.package_identification:_identify(slam_ws/src) by extensions ['cmake', 'python']
[0.086s] Level 1:colcon.colcon_core.package_identification:_identify(slam_ws/src) by extension 'cmake'
[0.086s] Level 1:colcon.colcon_core.package_identification:_identify(slam_ws/src) by extension 'python'
[0.086s] Level 1:colcon.colcon_core.package_identification:_identify(slam_ws/src) by extensions ['python_setup_py']
[0.086s] Level 1:colcon.colcon_core.package_identification:_identify(slam_ws/src) by extension 'python_setup_py'
[0.086s] Level 1:colcon.colcon_core.package_identification:_identify(slam_ws/src/evaluator_ros) by extensions ['ignore', 'ignore_ament_install']
[0.086s] Level 1:colcon.colcon_core.package_identification:_identify(slam_ws/src/evaluator_ros) by extension 'ignore'
[0.086s] Level 1:colcon.colcon_core.package_identification:_identify(slam_ws/src/evaluator_ros) by extension 'ignore_ament_install'
[0.086s] Level 1:colcon.colcon_core.package_identification:_identify(slam_ws/src/evaluator_ros) by extensions ['colcon_pkg']
[0.086s] Level 1:colcon.colcon_core.package_identification:_identify(slam_ws/src/evaluator_ros) by extension 'colcon_pkg'
[0.086s] Level 1:colcon.colcon_core.package_identification:_identify(slam_ws/src/evaluator_ros) by extensions ['colcon_meta']
[0.086s] Level 1:colcon.colcon_core.package_identification:_identify(slam_ws/src/evaluator_ros) by extension 'colcon_meta'
[0.086s] Level 1:colcon.colcon_core.package_identification:_identify(slam_ws/src/evaluator_ros) by extensions ['ros']
[0.086s] Level 1:colcon.colcon_core.package_identification:_identify(slam_ws/src/evaluator_ros) by extension 'ros'
[0.087s] DEBUG:colcon.colcon_core.package_identification:Package 'slam_ws/src/evaluator_ros' with type 'ros.ament_python' and name 'evaluator_ros'
[0.087s] Level 1:colcon.colcon_core.package_identification:_identify(slam_ws/src/experiment_manager) by extensions ['ignore', 'ignore_ament_install']
[0.087s] Level 1:colcon.colcon_core.package_identification:_identify(slam_ws/src/experiment_manager) by extension 'ignore'
[0.087s] Level 1:colcon.colcon_core.package_identification:_identify(slam_ws/src/experiment_manager) by extension 'ignore_ament_install'
[0.087s] Level 1:colcon.colcon_core.package_identification:_identify(slam_ws/src/experiment_manager) by extensions ['colcon_pkg']
[0.087s] Level 1:colcon.colcon_core.package_identification:_identify(slam_ws/src/experiment_manager) by extension 'colcon_pkg'
[0.087s] Level 1:colcon.colcon_core.package_identification:_identify(slam_ws/src/experiment_manager) by extensions ['colcon_meta']
[0.087s] Level 1:colcon.colcon_core.package_identification:_identify(slam_ws/src/experiment_manager) by extension 'colcon_meta'
[0.087s] Level 1:colcon.colcon_core.package_identification:_identify(slam_ws/src/experiment_manager) by extensions ['ros']
[0.087s] Level 1:colcon.colcon_core.package_identification:_identify(slam_ws/src/experiment_manager) by extension 'ros'
[0.088s] DEBUG:colcon.colcon_core.package_identification:Package 'slam_ws/src/experiment_manager' with type 'ros.ament_python' and name 'experiment_manager'
[0.088s] Level 1:colcon.colcon_core.package_identification:_identify(slam_ws/src/ground_truth_provider) by extensions ['ignore', 'ignore_ament_install']
[0.088s] Level 1:colcon.colcon_core.package_identification:_identify(slam_ws/src/ground_truth_provider) by extension 'ignore'
[0.088s] Level 1:colcon.colcon_core.package_identification:_identify(slam_ws/src/ground_truth_provider) by extension 'ignore_ament_install'
[0.088s] Level 1:colcon.colcon_core.package_identification:_identify(slam_ws/src/ground_truth_provider) by extensions ['colcon_pkg']
[0.088s] Level 1:colcon.colcon_core.package_identification:_identify(slam_ws/src/ground_truth_provider) by extension 'colcon_pkg'
[0.088s] Level 1:colcon.colcon_core.package_identification:_identify(slam_ws/src/ground_truth_provider) by extensions ['colcon_meta']
[0.088s] Level 1:colcon.colcon_core.package_identification:_identify(slam_ws/src/ground_truth_provider) by extension 'colcon_meta'
[0.088s] Level 1:colcon.colcon_core.package_identification:_identify(slam_ws/src/ground_truth_provider) by extensions ['ros']
[0.088s] Level 1:colcon.colcon_core.package_identification:_identify(slam_ws/src/ground_truth_provider) by extension 'ros'
[0.088s] DEBUG:colcon.colcon_core.package_identification:Package 'slam_ws/src/ground_truth_provider' with type 'ros.ament_python' and name 'ground_truth_provider'
[0.088s] Level 1:colcon.colcon_core.package_identification:_identify(slam_ws/src/robot_bringup) by extensions ['ignore', 'ignore_ament_install']
[0.088s] Level 1:colcon.colcon_core.package_identification:_identify(slam_ws/src/robot_bringup) by extension 'ignore'
[0.088s] Level 1:colcon.colcon_core.package_identification:_identify(slam_ws/src/robot_bringup) by extension 'ignore_ament_install'
[0.088s] Level 1:colcon.colcon_core.package_identification:_identify(slam_ws/src/robot_bringup) by extensions ['colcon_pkg']
[0.088s] Level 1:colcon.colcon_core.package_identification:_identify(slam_ws/src/robot_bringup) by extension 'colcon_pkg'
[0.088s] Level 1:colcon.colcon_core.package_identification:_identify(slam_ws/src/robot_bringup) by extensions ['colcon_meta']
[0.088s] Level 1:colcon.colcon_core.package_identification:_identify(slam_ws/src/robot_bringup) by extension 'colcon_meta'
[0.088s] Level 1:colcon.colcon_core.package_identification:_identify(slam_ws/src/robot_bringup) by extensions ['ros']
[0.088s] Level 1:colcon.colcon_core.package_identification:_identify(slam_ws/src/robot_bringup) by extension 'ros'
[0.088s] DEBUG:colcon.colcon_core.package_identification:Package 'slam_ws/src/robot_bringup' with type 'ros.ament_python' and name 'robot_bringup'
[0.089s] Level 1:colcon.colcon_core.package_identification:_identify(slam_ws/src/ros_gz_bridge_manager) by extensions ['ignore', 'ignore_ament_install']
[0.089s] Level 1:colcon.colcon_core.package_identification:_identify(slam_ws/src/ros_gz_bridge_manager) by extension 'ignore'
[0.089s] Level 1:colcon.colcon_core.package_identification:_identify(slam_ws/src/ros_gz_bridge_manager) by extension 'ignore_ament_install'
[0.089s] Level 1:colcon.colcon_core.package_identification:_identify(slam_ws/src/ros_gz_bridge_manager) by extensions ['colcon_pkg']
[0.089s] Level 1:colcon.colcon_core.package_identification:_identify(slam_ws/src/ros_gz_bridge_manager) by extension 'colcon_pkg'
[0.089s] Level 1:colcon.colcon_core.package_identification:_identify(slam_ws/src/ros_gz_bridge_manager) by extensions ['colcon_meta']
[0.089s] Level 1:colcon.colcon_core.package_identification:_identify(slam_ws/src/ros_gz_bridge_manager) by extension 'colcon_meta'
[0.089s] Level 1:colcon.colcon_core.package_identification:_identify(slam_ws/src/ros_gz_bridge_manager) by extensions ['ros']
[0.089s] Level 1:colcon.colcon_core.package_identification:_identify(slam_ws/src/ros_gz_bridge_manager) by extension 'ros'
[0.089s] DEBUG:colcon.colcon_core.package_identification:Package 'slam_ws/src/ros_gz_bridge_manager' with type 'ros.ament_python' and name 'ros_gz_bridge_manager'
[0.089s] Level 1:colcon.colcon_core.package_identification:_identify(slam_ws/src/sensor_adapter) by extensions ['ignore', 'ignore_ament_install']
[0.089s] Level 1:colcon.colcon_core.package_identification:_identify(slam_ws/src/sensor_adapter) by extension 'ignore'
[0.089s] Level 1:colcon.colcon_core.package_identification:_identify(slam_ws/src/sensor_adapter) by extension 'ignore_ament_install'
[0.089s] Level 1:colcon.colcon_core.package_identification:_identify(slam_ws/src/sensor_adapter) by extensions ['colcon_pkg']
[0.089s] Level 1:colcon.colcon_core.package_identification:_identify(slam_ws/src/sensor_adapter) by extension 'colcon_pkg'
[0.089s] Level 1:colcon.colcon_core.package_identification:_identify(slam_ws/src/sensor_adapter) by extensions ['colcon_meta']
[0.089s] Level 1:colcon.colcon_core.package_identification:_identify(slam_ws/src/sensor_adapter) by extension 'colcon_meta'
[0.089s] Level 1:colcon.colcon_core.package_identification:_identify(slam_ws/src/sensor_adapter) by extensions ['ros']
[0.089s] Level 1:colcon.colcon_core.package_identification:_identify(slam_ws/src/sensor_adapter) by extension 'ros'
[0.089s] DEBUG:colcon.colcon_core.package_identification:Package 'slam_ws/src/sensor_adapter' with type 'ros.ament_python' and name 'sensor_adapter'
[0.089s] Level 1:colcon.colcon_core.package_identification:_identify(slam_ws/src/slam_interfaces) by extensions ['ignore', 'ignore_ament_install']
[0.089s] Level 1:colcon.colcon_core.package_identification:_identify(slam_ws/src/slam_interfaces) by extension 'ignore'
[0.089s] Level 1:colcon.colcon_core.package_identification:_identify(slam_ws/src/slam_interfaces) by extension 'ignore_ament_install'
[0.089s] Level 1:colcon.colcon_core.package_identification:_identify(slam_ws/src/slam_interfaces) by extensions ['colcon_pkg']
[0.089s] Level 1:colcon.colcon_core.package_identification:_identify(slam_ws/src/slam_interfaces) by extension 'colcon_pkg'
[0.089s] Level 1:colcon.colcon_core.package_identification:_identify(slam_ws/src/slam_interfaces) by extensions ['colcon_meta']
[0.089s] Level 1:colcon.colcon_core.package_identification:_identify(slam_ws/src/slam_interfaces) by extension 'colcon_meta'
[0.089s] Level 1:colcon.colcon_core.package_identification:_identify(slam_ws/src/slam_interfaces) by extensions ['ros']
[0.089s] Level 1:colcon.colcon_core.package_identification:_identify(slam_ws/src/slam_interfaces) by extension 'ros'
[0.090s] DEBUG:colcon.colcon_core.package_identification:Package 'slam_ws/src/slam_interfaces' with type 'ros.ament_cmake' and name 'slam_interfaces'
[0.090s] Level 1:colcon.colcon_core.package_identification:_identify(slam_ws/src/tf_manager) by extensions ['ignore', 'ignore_ament_install']
[0.090s] Level 1:colcon.colcon_core.package_identification:_identify(slam_ws/src/tf_manager) by extension 'ignore'
[0.090s] Level 1:colcon.colcon_core.package_identification:_identify(slam_ws/src/tf_manager) by extension 'ignore_ament_install'
[0.090s] Level 1:colcon.colcon_core.package_identification:_identify(slam_ws/src/tf_manager) by extensions ['colcon_pkg']
[0.090s] Level 1:colcon.colcon_core.package_identification:_identify(slam_ws/src/tf_manager) by extension 'colcon_pkg'
[0.090s] Level 1:colcon.colcon_core.package_identification:_identify(slam_ws/src/tf_manager) by extensions ['colcon_meta']
[0.090s] Level 1:colcon.colcon_core.package_identification:_identify(slam_ws/src/tf_manager) by extension 'colcon_meta'
[0.090s] Level 1:colcon.colcon_core.package_identification:_identify(slam_ws/src/tf_manager) by extensions ['ros']
[0.090s] Level 1:colcon.colcon_core.package_identification:_identify(slam_ws/src/tf_manager) by extension 'ros'
[0.090s] DEBUG:colcon.colcon_core.package_identification:Package 'slam_ws/src/tf_manager' with type 'ros.ament_python' and name 'tf_manager'
[0.090s] Level 1:colcon.colcon_core.package_identification:_identify(slam_ws/src/world_manager) by extensions ['ignore', 'ignore_ament_install']
[0.090s] Level 1:colcon.colcon_core.package_identification:_identify(slam_ws/src/world_manager) by extension 'ignore'
[0.090s] Level 1:colcon.colcon_core.package_identification:_identify(slam_ws/src/world_manager) by extension 'ignore_ament_install'
[0.090s] Level 1:colcon.colcon_core.package_identification:_identify(slam_ws/src/world_manager) by extensions ['colcon_pkg']
[0.090s] Level 1:colcon.colcon_core.package_identification:_identify(slam_ws/src/world_manager) by extension 'colcon_pkg'
[0.090s] Level 1:colcon.colcon_core.package_identification:_identify(slam_ws/src/world_manager) by extensions ['colcon_meta']
[0.090s] Level 1:colcon.colcon_core.package_identification:_identify(slam_ws/src/world_manager) by extension 'colcon_meta'
[0.090s] Level 1:colcon.colcon_core.package_identification:_identify(slam_ws/src/world_manager) by extensions ['ros']
[0.090s] Level 1:colcon.colcon_core.package_identification:_identify(slam_ws/src/world_manager) by extension 'ros'
[0.091s] DEBUG:colcon.colcon_core.package_identification:Package 'slam_ws/src/world_manager' with type 'ros.ament_python' and name 'world_manager'
[0.091s] Level 1:colcon.colcon_core.package_identification:_identify(slam_ws/worlds) by extensions ['ignore', 'ignore_ament_install']
[0.091s] Level 1:colcon.colcon_core.package_identification:_identify(slam_ws/worlds) by extension 'ignore'
[0.091s] Level 1:colcon.colcon_core.package_identification:_identify(slam_ws/worlds) by extension 'ignore_ament_install'
[0.091s] Level 1:colcon.colcon_core.package_identification:_identify(slam_ws/worlds) by extensions ['colcon_pkg']
[0.091s] Level 1:colcon.colcon_core.package_identification:_identify(slam_ws/worlds) by extension 'colcon_pkg'
[0.091s] Level 1:colcon.colcon_core.package_identification:_identify(slam_ws/worlds) by extensions ['colcon_meta']
[0.091s] Level 1:colcon.colcon_core.package_identification:_identify(slam_ws/worlds) by extension 'colcon_meta'
[0.091s] Level 1:colcon.colcon_core.package_identification:_identify(slam_ws/worlds) by extensions ['ros']
[0.091s] Level 1:colcon.colcon_core.package_identification:_identify(slam_ws/worlds) by extension 'ros'
[0.091s] Level 1:colcon.colcon_core.package_identification:_identify(slam_ws/worlds) by extensions ['cmake', 'python']
[0.091s] Level 1:colcon.colcon_core.package_identification:_identify(slam_ws/worlds) by extension 'cmake'
[0.091s] Level 1:colcon.colcon_core.package_identification:_identify(slam_ws/worlds) by extension 'python'
[0.091s] Level 1:colcon.colcon_core.package_identification:_identify(slam_ws/worlds) by extensions ['python_setup_py']
[0.091s] Level 1:colcon.colcon_core.package_identification:_identify(slam_ws/worlds) by extension 'python_setup_py'
[0.091s] Level 1:colcon.colcon_core.package_identification:_identify(slam_ws/worlds/corridor) by extensions ['ignore', 'ignore_ament_install']
[0.091s] Level 1:colcon.colcon_core.package_identification:_identify(slam_ws/worlds/corridor) by extension 'ignore'
[0.091s] Level 1:colcon.colcon_core.package_identification:_identify(slam_ws/worlds/corridor) by extension 'ignore_ament_install'
[0.091s] Level 1:colcon.colcon_core.package_identification:_identify(slam_ws/worlds/corridor) by extensions ['colcon_pkg']
[0.091s] Level 1:colcon.colcon_core.package_identification:_identify(slam_ws/worlds/corridor) by extension 'colcon_pkg'
[0.091s] Level 1:colcon.colcon_core.package_identification:_identify(slam_ws/worlds/corridor) by extensions ['colcon_meta']
[0.091s] Level 1:colcon.colcon_core.package_identification:_identify(slam_ws/worlds/corridor) by extension 'colcon_meta'
[0.091s] Level 1:colcon.colcon_core.package_identification:_identify(slam_ws/worlds/corridor) by extensions ['ros']
[0.091s] Level 1:colcon.colcon_core.package_identification:_identify(slam_ws/worlds/corridor) by extension 'ros'
[0.091s] Level 1:colcon.colcon_core.package_identification:_identify(slam_ws/worlds/corridor) by extensions ['cmake', 'python']
[0.091s] Level 1:colcon.colcon_core.package_identification:_identify(slam_ws/worlds/corridor) by extension 'cmake'
[0.091s] Level 1:colcon.colcon_core.package_identification:_identify(slam_ws/worlds/corridor) by extension 'python'
[0.091s] Level 1:colcon.colcon_core.package_identification:_identify(slam_ws/worlds/corridor) by extensions ['python_setup_py']
[0.091s] Level 1:colcon.colcon_core.package_identification:_identify(slam_ws/worlds/corridor) by extension 'python_setup_py'
[0.091s] Level 1:colcon.colcon_core.package_identification:_identify(slam_ws/worlds/multiroom) by extensions ['ignore', 'ignore_ament_install']
[0.091s] Level 1:colcon.colcon_core.package_identification:_identify(slam_ws/worlds/multiroom) by extension 'ignore'
[0.091s] Level 1:colcon.colcon_core.package_identification:_identify(slam_ws/worlds/multiroom) by extension 'ignore_ament_install'
[0.091s] Level 1:colcon.colcon_core.package_identification:_identify(slam_ws/worlds/multiroom) by extensions ['colcon_pkg']
[0.091s] Level 1:colcon.colcon_core.package_identification:_identify(slam_ws/worlds/multiroom) by extension 'colcon_pkg'
[0.091s] Level 1:colcon.colcon_core.package_identification:_identify(slam_ws/worlds/multiroom) by extensions ['colcon_meta']
[0.091s] Level 1:colcon.colcon_core.package_identification:_identify(slam_ws/worlds/multiroom) by extension 'colcon_meta'
[0.091s] Level 1:colcon.colcon_core.package_identification:_identify(slam_ws/worlds/multiroom) by extensions ['ros']
[0.091s] Level 1:colcon.colcon_core.package_identification:_identify(slam_ws/worlds/multiroom) by extension 'ros'
[0.091s] Level 1:colcon.colcon_core.package_identification:_identify(slam_ws/worlds/multiroom) by extensions ['cmake', 'python']
[0.091s] Level 1:colcon.colcon_core.package_identification:_identify(slam_ws/worlds/multiroom) by extension 'cmake'
[0.091s] Level 1:colcon.colcon_core.package_identification:_identify(slam_ws/worlds/multiroom) by extension 'python'
[0.091s] Level 1:colcon.colcon_core.package_identification:_identify(slam_ws/worlds/multiroom) by extensions ['python_setup_py']
[0.091s] Level 1:colcon.colcon_core.package_identification:_identify(slam_ws/worlds/multiroom) by extension 'python_setup_py'
[0.091s] Level 1:colcon.colcon_core.package_identification:_identify(slam_ws/worlds/office) by extensions ['ignore', 'ignore_ament_install']
[0.091s] Level 1:colcon.colcon_core.package_identification:_identify(slam_ws/worlds/office) by extension 'ignore'
[0.091s] Level 1:colcon.colcon_core.package_identification:_identify(slam_ws/worlds/office) by extension 'ignore_ament_install'
[0.091s] Level 1:colcon.colcon_core.package_identification:_identify(slam_ws/worlds/office) by extensions ['colcon_pkg']
[0.091s] Level 1:colcon.colcon_core.package_identification:_identify(slam_ws/worlds/office) by extension 'colcon_pkg'
[0.091s] Level 1:colcon.colcon_core.package_identification:_identify(slam_ws/worlds/office) by extensions ['colcon_meta']
[0.091s] Level 1:colcon.colcon_core.package_identification:_identify(slam_ws/worlds/office) by extension 'colcon_meta'
[0.091s] Level 1:colcon.colcon_core.package_identification:_identify(slam_ws/worlds/office) by extensions ['ros']
[0.091s] Level 1:colcon.colcon_core.package_identification:_identify(slam_ws/worlds/office) by extension 'ros'
[0.091s] Level 1:colcon.colcon_core.package_identification:_identify(slam_ws/worlds/office) by extensions ['cmake', 'python']
[0.092s] Level 1:colcon.colcon_core.package_identification:_identify(slam_ws/worlds/office) by extension 'cmake'
[0.092s] Level 1:colcon.colcon_core.package_identification:_identify(slam_ws/worlds/office) by extension 'python'
[0.092s] Level 1:colcon.colcon_core.package_identification:_identify(slam_ws/worlds/office) by extensions ['python_setup_py']
[0.092s] Level 1:colcon.colcon_core.package_identification:_identify(slam_ws/worlds/office) by extension 'python_setup_py'
[0.092s] Level 1:colcon.colcon_core.package_identification:_identify(slam_ws/worlds/test_world) by extensions ['ignore', 'ignore_ament_install']
[0.092s] Level 1:colcon.colcon_core.package_identification:_identify(slam_ws/worlds/test_world) by extension 'ignore'
[0.092s] Level 1:colcon.colcon_core.package_identification:_identify(slam_ws/worlds/test_world) by extension 'ignore_ament_install'
[0.092s] Level 1:colcon.colcon_core.package_identification:_identify(slam_ws/worlds/test_world) by extensions ['colcon_pkg']
[0.092s] Level 1:colcon.colcon_core.package_identification:_identify(slam_ws/worlds/test_world) by extension 'colcon_pkg'
[0.092s] Level 1:colcon.colcon_core.package_identification:_identify(slam_ws/worlds/test_world) by extensions ['colcon_meta']
[0.092s] Level 1:colcon.colcon_core.package_identification:_identify(slam_ws/worlds/test_world) by extension 'colcon_meta'
[0.092s] Level 1:colcon.colcon_core.package_identification:_identify(slam_ws/worlds/test_world) by extensions ['ros']
[0.092s] Level 1:colcon.colcon_core.package_identification:_identify(slam_ws/worlds/test_world) by extension 'ros'
[0.092s] Level 1:colcon.colcon_core.package_identification:_identify(slam_ws/worlds/test_world) by extensions ['cmake', 'python']
[0.092s] Level 1:colcon.colcon_core.package_identification:_identify(slam_ws/worlds/test_world) by extension 'cmake'
[0.092s] Level 1:colcon.colcon_core.package_identification:_identify(slam_ws/worlds/test_world) by extension 'python'
[0.092s] Level 1:colcon.colcon_core.package_identification:_identify(slam_ws/worlds/test_world) by extensions ['python_setup_py']
[0.092s] Level 1:colcon.colcon_core.package_identification:_identify(slam_ws/worlds/test_world) by extension 'python_setup_py'
[0.092s] Level 1:colcon.colcon_core.package_identification:_identify(slam_ws/worlds/warehouse) by extensions ['ignore', 'ignore_ament_install']
[0.092s] Level 1:colcon.colcon_core.package_identification:_identify(slam_ws/worlds/warehouse) by extension 'ignore'
[0.092s] Level 1:colcon.colcon_core.package_identification:_identify(slam_ws/worlds/warehouse) by extension 'ignore_ament_install'
[0.092s] Level 1:colcon.colcon_core.package_identification:_identify(slam_ws/worlds/warehouse) by extensions ['colcon_pkg']
[0.092s] Level 1:colcon.colcon_core.package_identification:_identify(slam_ws/worlds/warehouse) by extension 'colcon_pkg'
[0.092s] Level 1:colcon.colcon_core.package_identification:_identify(slam_ws/worlds/warehouse) by extensions ['colcon_meta']
[0.092s] Level 1:colcon.colcon_core.package_identification:_identify(slam_ws/worlds/warehouse) by extension 'colcon_meta'
[0.092s] Level 1:colcon.colcon_core.package_identification:_identify(slam_ws/worlds/warehouse) by extensions ['ros']
[0.092s] Level 1:colcon.colcon_core.package_identification:_identify(slam_ws/worlds/warehouse) by extension 'ros'
[0.092s] Level 1:colcon.colcon_core.package_identification:_identify(slam_ws/worlds/warehouse) by extensions ['cmake', 'python']
[0.092s] Level 1:colcon.colcon_core.package_identification:_identify(slam_ws/worlds/warehouse) by extension 'cmake'
[0.092s] Level 1:colcon.colcon_core.package_identification:_identify(slam_ws/worlds/warehouse) by extension 'python'
[0.092s] Level 1:colcon.colcon_core.package_identification:_identify(slam_ws/worlds/warehouse) by extensions ['python_setup_py']
[0.092s] Level 1:colcon.colcon_core.package_identification:_identify(slam_ws/worlds/warehouse) by extension 'python_setup_py'
[0.092s] Level 1:colcon.colcon_core.package_discovery:discover_packages(recursive) using defaults
[0.092s] Level 1:colcon.colcon_core.package_discovery:discover_packages(ignore) discover
[0.092s] Level 1:colcon.colcon_core.package_discovery:discover_packages(ignore) using defaults
[0.092s] Level 1:colcon.colcon_core.package_discovery:discover_packages(path) discover
[0.092s] Level 1:colcon.colcon_core.package_discovery:discover_packages(path) using defaults
[0.101s] Level 1:colcon.colcon_core.package_discovery:discover_packages(prefix_path) check parameters
[0.101s] Level 1:colcon.colcon_core.package_discovery:discover_packages(prefix_path) discover
[0.102s] DEBUG:colcon.colcon_installed_package_information.package_discovery:Found 198 installed packages in /opt/ros/jazzy
[0.103s] Level 1:colcon.colcon_core.package_discovery:discover_packages(prefix_path) using defaults
[0.113s] Level 5:colcon.colcon_core.verb:set package 'evaluator_ros' build argument 'cmake_args' from command line to 'None'
[0.113s] Level 5:colcon.colcon_core.verb:set package 'evaluator_ros' build argument 'cmake_target' from command line to 'None'
[0.113s] Level 5:colcon.colcon_core.verb:set package 'evaluator_ros' build argument 'cmake_target_skip_unavailable' from command line to 'False'
[0.113s] Level 5:colcon.colcon_core.verb:set package 'evaluator_ros' build argument 'cmake_clean_cache' from command line to 'False'
[0.113s] Level 5:colcon.colcon_core.verb:set package 'evaluator_ros' build argument 'cmake_clean_first' from command line to 'False'
[0.113s] Level 5:colcon.colcon_core.verb:set package 'evaluator_ros' build argument 'cmake_force_configure' from command line to 'False'
[0.113s] Level 5:colcon.colcon_core.verb:set package 'evaluator_ros' build argument 'ament_cmake_args' from command line to 'None'
[0.113s] Level 5:colcon.colcon_core.verb:set package 'evaluator_ros' build argument 'catkin_cmake_args' from command line to 'None'
[0.113s] Level 5:colcon.colcon_core.verb:set package 'evaluator_ros' build argument 'catkin_skip_building_tests' from command line to 'False'
[0.113s] DEBUG:colcon.colcon_core.verb:Building package 'evaluator_ros' with the following arguments: {'ament_cmake_args': None, 'build_base': '/home/abhirup/slam_platform/build/evaluator_ros', 'catkin_cmake_args': None, 'catkin_skip_building_tests': False, 'cmake_args': None, 'cmake_clean_cache': False, 'cmake_clean_first': False, 'cmake_force_configure': False, 'cmake_target': None, 'cmake_target_skip_unavailable': False, 'install_base': '/home/abhirup/slam_platform/install/evaluator_ros', 'merge_install': False, 'path': '/home/abhirup/slam_platform/slam_ws/src/evaluator_ros', 'symlink_install': False, 'test_result_base': None}
[0.113s] Level 5:colcon.colcon_core.verb:set package 'experiment_manager' build argument 'cmake_args' from command line to 'None'
[0.113s] Level 5:colcon.colcon_core.verb:set package 'experiment_manager' build argument 'cmake_target' from command line to 'None'
[0.114s] Level 5:colcon.colcon_core.verb:set package 'experiment_manager' build argument 'cmake_target_skip_unavailable' from command line to 'False'
[0.114s] Level 5:colcon.colcon_core.verb:set package 'experiment_manager' build argument 'cmake_clean_cache' from command line to 'False'
[0.114s] Level 5:colcon.colcon_core.verb:set package 'experiment_manager' build argument 'cmake_clean_first' from command line to 'False'
[0.114s] Level 5:colcon.colcon_core.verb:set package 'experiment_manager' build argument 'cmake_force_configure' from command line to 'False'
[0.114s] Level 5:colcon.colcon_core.verb:set package 'experiment_manager' build argument 'ament_cmake_args' from command line to 'None'
[0.114s] Level 5:colcon.colcon_core.verb:set package 'experiment_manager' build argument 'catkin_cmake_args' from command line to 'None'
[0.114s] Level 5:colcon.colcon_core.verb:set package 'experiment_manager' build argument 'catkin_skip_building_tests' from command line to 'False'
[0.114s] DEBUG:colcon.colcon_core.verb:Building package 'experiment_manager' with the following arguments: {'ament_cmake_args': None, 'build_base': '/home/abhirup/slam_platform/build/experiment_manager', 'catkin_cmake_args': None, 'catkin_skip_building_tests': False, 'cmake_args': None, 'cmake_clean_cache': False, 'cmake_clean_first': False, 'cmake_force_configure': False, 'cmake_target': None, 'cmake_target_skip_unavailable': False, 'install_base': '/home/abhirup/slam_platform/install/experiment_manager', 'merge_install': False, 'path': '/home/abhirup/slam_platform/slam_ws/src/experiment_manager', 'symlink_install': False, 'test_result_base': None}
[0.114s] Level 5:colcon.colcon_core.verb:set package 'ground_truth_provider' build argument 'cmake_args' from command line to 'None'
[0.114s] Level 5:colcon.colcon_core.verb:set package 'ground_truth_provider' build argument 'cmake_target' from command line to 'None'
[0.114s] Level 5:colcon.colcon_core.verb:set package 'ground_truth_provider' build argument 'cmake_target_skip_unavailable' from command line to 'False'
[0.114s] Level 5:colcon.colcon_core.verb:set package 'ground_truth_provider' build argument 'cmake_clean_cache' from command line to 'False'
[0.114s] Level 5:colcon.colcon_core.verb:set package 'ground_truth_provider' build argument 'cmake_clean_first' from command line to 'False'
[0.114s] Level 5:colcon.colcon_core.verb:set package 'ground_truth_provider' build argument 'cmake_force_configure' from command line to 'False'
[0.114s] Level 5:colcon.colcon_core.verb:set package 'ground_truth_provider' build argument 'ament_cmake_args' from command line to 'None'
[0.114s] Level 5:colcon.colcon_core.verb:set package 'ground_truth_provider' build argument 'catkin_cmake_args' from command line to 'None'
[0.114s] Level 5:colcon.colcon_core.verb:set package 'ground_truth_provider' build argument 'catkin_skip_building_tests' from command line to 'False'
[0.114s] DEBUG:colcon.colcon_core.verb:Building package 'ground_truth_provider' with the following arguments: {'ament_cmake_args': None, 'build_base': '/home/abhirup/slam_platform/build/ground_truth_provider', 'catkin_cmake_args': None, 'catkin_skip_building_tests': False, 'cmake_args': None, 'cmake_clean_cache': False, 'cmake_clean_first': False, 'cmake_force_configure': False, 'cmake_target': None, 'cmake_target_skip_unavailable': False, 'install_base': '/home/abhirup/slam_platform/install/ground_truth_provider', 'merge_install': False, 'path': '/home/abhirup/slam_platform/slam_ws/src/ground_truth_provider', 'symlink_install': False, 'test_result_base': None}
[0.114s] Level 5:colcon.colcon_core.verb:set package 'robot_bringup' build argument 'cmake_args' from command line to 'None'
[0.114s] Level 5:colcon.colcon_core.verb:set package 'robot_bringup' build argument 'cmake_target' from command line to 'None'
[0.114s] Level 5:colcon.colcon_core.verb:set package 'robot_bringup' build argument 'cmake_target_skip_unavailable' from command line to 'False'
[0.114s] Level 5:colcon.colcon_core.verb:set package 'robot_bringup' build argument 'cmake_clean_cache' from command line to 'False'
[0.114s] Level 5:colcon.colcon_core.verb:set package 'robot_bringup' build argument 'cmake_clean_first' from command line to 'False'
[0.114s] Level 5:colcon.colcon_core.verb:set package 'robot_bringup' build argument 'cmake_force_configure' from command line to 'False'
[0.114s] Level 5:colcon.colcon_core.verb:set package 'robot_bringup' build argument 'ament_cmake_args' from command line to 'None'
[0.114s] Level 5:colcon.colcon_core.verb:set package 'robot_bringup' build argument 'catkin_cmake_args' from command line to 'None'
[0.114s] Level 5:colcon.colcon_core.verb:set package 'robot_bringup' build argument 'catkin_skip_building_tests' from command line to 'False'
[0.114s] DEBUG:colcon.colcon_core.verb:Building package 'robot_bringup' with the following arguments: {'ament_cmake_args': None, 'build_base': '/home/abhirup/slam_platform/build/robot_bringup', 'catkin_cmake_args': None, 'catkin_skip_building_tests': False, 'cmake_args': None, 'cmake_clean_cache': False, 'cmake_clean_first': False, 'cmake_force_configure': False, 'cmake_target': None, 'cmake_target_skip_unavailable': False, 'install_base': '/home/abhirup/slam_platform/install/robot_bringup', 'merge_install': False, 'path': '/home/abhirup/slam_platform/slam_ws/src/robot_bringup', 'symlink_install': False, 'test_result_base': None}
[0.114s] Level 5:colcon.colcon_core.verb:set package 'ros_gz_bridge_manager' build argument 'cmake_args' from command line to 'None'
[0.114s] Level 5:colcon.colcon_core.verb:set package 'ros_gz_bridge_manager' build argument 'cmake_target' from command line to 'None'
[0.114s] Level 5:colcon.colcon_core.verb:set package 'ros_gz_bridge_manager' build argument 'cmake_target_skip_unavailable' from command line to 'False'
[0.114s] Level 5:colcon.colcon_core.verb:set package 'ros_gz_bridge_manager' build argument 'cmake_clean_cache' from command line to 'False'
[0.114s] Level 5:colcon.colcon_core.verb:set package 'ros_gz_bridge_manager' build argument 'cmake_clean_first' from command line to 'False'
[0.114s] Level 5:colcon.colcon_core.verb:set package 'ros_gz_bridge_manager' build argument 'cmake_force_configure' from command line to 'False'
[0.114s] Level 5:colcon.colcon_core.verb:set package 'ros_gz_bridge_manager' build argument 'ament_cmake_args' from command line to 'None'
[0.114s] Level 5:colcon.colcon_core.verb:set package 'ros_gz_bridge_manager' build argument 'catkin_cmake_args' from command line to 'None'
[0.114s] Level 5:colcon.colcon_core.verb:set package 'ros_gz_bridge_manager' build argument 'catkin_skip_building_tests' from command line to 'False'
[0.114s] DEBUG:colcon.colcon_core.verb:Building package 'ros_gz_bridge_manager' with the following arguments: {'ament_cmake_args': None, 'build_base': '/home/abhirup/slam_platform/build/ros_gz_bridge_manager', 'catkin_cmake_args': None, 'catkin_skip_building_tests': False, 'cmake_args': None, 'cmake_clean_cache': False, 'cmake_clean_first': False, 'cmake_force_configure': False, 'cmake_target': None, 'cmake_target_skip_unavailable': False, 'install_base': '/home/abhirup/slam_platform/install/ros_gz_bridge_manager', 'merge_install': False, 'path': '/home/abhirup/slam_platform/slam_ws/src/ros_gz_bridge_manager', 'symlink_install': False, 'test_result_base': None}
[0.114s] Level 5:colcon.colcon_core.verb:set package 'sensor_adapter' build argument 'cmake_args' from command line to 'None'
[0.114s] Level 5:colcon.colcon_core.verb:set package 'sensor_adapter' build argument 'cmake_target' from command line to 'None'
[0.114s] Level 5:colcon.colcon_core.verb:set package 'sensor_adapter' build argument 'cmake_target_skip_unavailable' from command line to 'False'
[0.114s] Level 5:colcon.colcon_core.verb:set package 'sensor_adapter' build argument 'cmake_clean_cache' from command line to 'False'
[0.114s] Level 5:colcon.colcon_core.verb:set package 'sensor_adapter' build argument 'cmake_clean_first' from command line to 'False'
[0.114s] Level 5:colcon.colcon_core.verb:set package 'sensor_adapter' build argument 'cmake_force_configure' from command line to 'False'
[0.114s] Level 5:colcon.colcon_core.verb:set package 'sensor_adapter' build argument 'ament_cmake_args' from command line to 'None'
[0.114s] Level 5:colcon.colcon_core.verb:set package 'sensor_adapter' build argument 'catkin_cmake_args' from command line to 'None'
[0.114s] Level 5:colcon.colcon_core.verb:set package 'sensor_adapter' build argument 'catkin_skip_building_tests' from command line to 'False'
[0.114s] DEBUG:colcon.colcon_core.verb:Building package 'sensor_adapter' with the following arguments: {'ament_cmake_args': None, 'build_base': '/home/abhirup/slam_platform/build/sensor_adapter', 'catkin_cmake_args': None, 'catkin_skip_building_tests': False, 'cmake_args': None, 'cmake_clean_cache': False, 'cmake_clean_first': False, 'cmake_force_configure': False, 'cmake_target': None, 'cmake_target_skip_unavailable': False, 'install_base': '/home/abhirup/slam_platform/install/sensor_adapter', 'merge_install': False, 'path': '/home/abhirup/slam_platform/slam_ws/src/sensor_adapter', 'symlink_install': False, 'test_result_base': None}
[0.114s] Level 5:colcon.colcon_core.verb:set package 'slam_interfaces' build argument 'cmake_args' from command line to 'None'
[0.114s] Level 5:colcon.colcon_core.verb:set package 'slam_interfaces' build argument 'cmake_target' from command line to 'None'
[0.114s] Level 5:colcon.colcon_core.verb:set package 'slam_interfaces' build argument 'cmake_target_skip_unavailable' from command line to 'False'
[0.114s] Level 5:colcon.colcon_core.verb:set package 'slam_interfaces' build argument 'cmake_clean_cache' from command line to 'False'
[0.114s] Level 5:colcon.colcon_core.verb:set package 'slam_interfaces' build argument 'cmake_clean_first' from command line to 'False'
[0.114s] Level 5:colcon.colcon_core.verb:set package 'slam_interfaces' build argument 'cmake_force_configure' from command line to 'False'
[0.114s] Level 5:colcon.colcon_core.verb:set package 'slam_interfaces' build argument 'ament_cmake_args' from command line to 'None'
[0.114s] Level 5:colcon.colcon_core.verb:set package 'slam_interfaces' build argument 'catkin_cmake_args' from command line to 'None'
[0.114s] Level 5:colcon.colcon_core.verb:set package 'slam_interfaces' build argument 'catkin_skip_building_tests' from command line to 'False'
[0.114s] DEBUG:colcon.colcon_core.verb:Building package 'slam_interfaces' with the following arguments: {'ament_cmake_args': None, 'build_base': '/home/abhirup/slam_platform/build/slam_interfaces', 'catkin_cmake_args': None, 'catkin_skip_building_tests': False, 'cmake_args': None, 'cmake_clean_cache': False, 'cmake_clean_first': False, 'cmake_force_configure': False, 'cmake_target': None, 'cmake_target_skip_unavailable': False, 'install_base': '/home/abhirup/slam_platform/install/slam_interfaces', 'merge_install': False, 'path': '/home/abhirup/slam_platform/slam_ws/src/slam_interfaces', 'symlink_install': False, 'test_result_base': None}
[0.115s] Level 5:colcon.colcon_core.verb:set package 'tf_manager' build argument 'cmake_args' from command line to 'None'
[0.115s] Level 5:colcon.colcon_core.verb:set package 'tf_manager' build argument 'cmake_target' from command line to 'None'
[0.115s] Level 5:colcon.colcon_core.verb:set package 'tf_manager' build argument 'cmake_target_skip_unavailable' from command line to 'False'
[0.115s] Level 5:colcon.colcon_core.verb:set package 'tf_manager' build argument 'cmake_clean_cache' from command line to 'False'
[0.115s] Level 5:colcon.colcon_core.verb:set package 'tf_manager' build argument 'cmake_clean_first' from command line to 'False'
[0.115s] Level 5:colcon.colcon_core.verb:set package 'tf_manager' build argument 'cmake_force_configure' from command line to 'False'
[0.115s] Level 5:colcon.colcon_core.verb:set package 'tf_manager' build argument 'ament_cmake_args' from command line to 'None'
[0.115s] Level 5:colcon.colcon_core.verb:set package 'tf_manager' build argument 'catkin_cmake_args' from command line to 'None'
[0.115s] Level 5:colcon.colcon_core.verb:set package 'tf_manager' build argument 'catkin_skip_building_tests' from command line to 'False'
[0.115s] DEBUG:colcon.colcon_core.verb:Building package 'tf_manager' with the following arguments: {'ament_cmake_args': None, 'build_base': '/home/abhirup/slam_platform/build/tf_manager', 'catkin_cmake_args': None, 'catkin_skip_building_tests': False, 'cmake_args': None, 'cmake_clean_cache': False, 'cmake_clean_first': False, 'cmake_force_configure': False, 'cmake_target': None, 'cmake_target_skip_unavailable': False, 'install_base': '/home/abhirup/slam_platform/install/tf_manager', 'merge_install': False, 'path': '/home/abhirup/slam_platform/slam_ws/src/tf_manager', 'symlink_install': False, 'test_result_base': None}
[0.115s] Level 5:colcon.colcon_core.verb:set package 'world_manager' build argument 'cmake_args' from command line to 'None'
[0.115s] Level 5:colcon.colcon_core.verb:set package 'world_manager' build argument 'cmake_target' from command line to 'None'
[0.115s] Level 5:colcon.colcon_core.verb:set package 'world_manager' build argument 'cmake_target_skip_unavailable' from command line to 'False'
[0.115s] Level 5:colcon.colcon_core.verb:set package 'world_manager' build argument 'cmake_clean_cache' from command line to 'False'
[0.115s] Level 5:colcon.colcon_core.verb:set package 'world_manager' build argument 'cmake_clean_first' from command line to 'False'
[0.115s] Level 5:colcon.colcon_core.verb:set package 'world_manager' build argument 'cmake_force_configure' from command line to 'False'
[0.115s] Level 5:colcon.colcon_core.verb:set package 'world_manager' build argument 'ament_cmake_args' from command line to 'None'
[0.115s] Level 5:colcon.colcon_core.verb:set package 'world_manager' build argument 'catkin_cmake_args' from command line to 'None'
[0.115s] Level 5:colcon.colcon_core.verb:set package 'world_manager' build argument 'catkin_skip_building_tests' from command line to 'False'
[0.115s] DEBUG:colcon.colcon_core.verb:Building package 'world_manager' with the following arguments: {'ament_cmake_args': None, 'build_base': '/home/abhirup/slam_platform/build/world_manager', 'catkin_cmake_args': None, 'catkin_skip_building_tests': False, 'cmake_args': None, 'cmake_clean_cache': False, 'cmake_clean_first': False, 'cmake_force_configure': False, 'cmake_target': None, 'cmake_target_skip_unavailable': False, 'install_base': '/home/abhirup/slam_platform/install/world_manager', 'merge_install': False, 'path': '/home/abhirup/slam_platform/slam_ws/src/world_manager', 'symlink_install': False, 'test_result_base': None}
[0.115s] INFO:colcon.colcon_core.executor:Executing jobs using 'parallel' executor
[0.115s] DEBUG:colcon.colcon_parallel_executor.executor.parallel:run_until_complete
[0.115s] INFO:colcon.colcon_ros.task.ament_python.build:Building ROS package in '/home/abhirup/slam_platform/slam_ws/src/evaluator_ros' with build type 'ament_python'
[0.115s] Level 1:colcon.colcon_core.shell:create_environment_hook('evaluator_ros', 'ament_prefix_path')
[0.116s] INFO:colcon.colcon_core.plugin_system:Skipping extension 'colcon_core.shell.bat': Not used on non-Windows systems
[0.116s] INFO:colcon.colcon_core.shell:Creating environment hook '/home/abhirup/slam_platform/install/evaluator_ros/share/evaluator_ros/hook/ament_prefix_path.ps1'
[0.117s] INFO:colcon.colcon_core.shell:Creating environment descriptor '/home/abhirup/slam_platform/install/evaluator_ros/share/evaluator_ros/hook/ament_prefix_path.dsv'
[0.117s] INFO:colcon.colcon_core.shell:Creating environment hook '/home/abhirup/slam_platform/install/evaluator_ros/share/evaluator_ros/hook/ament_prefix_path.sh'
[0.117s] INFO:colcon.colcon_core.shell:Skip shell extension 'powershell' for command environment: Not usable outside of PowerShell
[0.117s] DEBUG:colcon.colcon_core.shell:Skip shell extension 'dsv' for command environment
[0.118s] INFO:colcon.colcon_ros.task.ament_python.build:Building ROS package in '/home/abhirup/slam_platform/slam_ws/src/experiment_manager' with build type 'ament_python'
[0.119s] Level 1:colcon.colcon_core.shell:create_environment_hook('experiment_manager', 'ament_prefix_path')
[0.119s] INFO:colcon.colcon_core.shell:Creating environment hook '/home/abhirup/slam_platform/install/experiment_manager/share/experiment_manager/hook/ament_prefix_path.ps1'
[0.119s] INFO:colcon.colcon_core.shell:Creating environment descriptor '/home/abhirup/slam_platform/install/experiment_manager/share/experiment_manager/hook/ament_prefix_path.dsv'
[0.119s] INFO:colcon.colcon_core.shell:Creating environment hook '/home/abhirup/slam_platform/install/experiment_manager/share/experiment_manager/hook/ament_prefix_path.sh'
[0.119s] INFO:colcon.colcon_core.shell:Skip shell extension 'powershell' for command environment: Not usable outside of PowerShell
[0.119s] DEBUG:colcon.colcon_core.shell:Skip shell extension 'dsv' for command environment
[0.120s] INFO:colcon.colcon_ros.task.ament_python.build:Building ROS package in '/home/abhirup/slam_platform/slam_ws/src/ground_truth_provider' with build type 'ament_python'
[0.120s] Level 1:colcon.colcon_core.shell:create_environment_hook('ground_truth_provider', 'ament_prefix_path')
[0.120s] INFO:colcon.colcon_core.shell:Creating environment hook '/home/abhirup/slam_platform/install/ground_truth_provider/share/ground_truth_provider/hook/ament_prefix_path.ps1'
[0.120s] INFO:colcon.colcon_core.shell:Creating environment descriptor '/home/abhirup/slam_platform/install/ground_truth_provider/share/ground_truth_provider/hook/ament_prefix_path.dsv'
[0.121s] INFO:colcon.colcon_core.shell:Creating environment hook '/home/abhirup/slam_platform/install/ground_truth_provider/share/ground_truth_provider/hook/ament_prefix_path.sh'
[0.121s] INFO:colcon.colcon_core.shell:Skip shell extension 'powershell' for command environment: Not usable outside of PowerShell
[0.121s] DEBUG:colcon.colcon_core.shell:Skip shell extension 'dsv' for command environment
[0.122s] INFO:colcon.colcon_ros.task.ament_python.build:Building ROS package in '/home/abhirup/slam_platform/slam_ws/src/robot_bringup' with build type 'ament_python'
[0.122s] Level 1:colcon.colcon_core.shell:create_environment_hook('robot_bringup', 'ament_prefix_path')
[0.122s] INFO:colcon.colcon_core.shell:Creating environment hook '/home/abhirup/slam_platform/install/robot_bringup/share/robot_bringup/hook/ament_prefix_path.ps1'
[0.122s] INFO:colcon.colcon_core.shell:Creating environment descriptor '/home/abhirup/slam_platform/install/robot_bringup/share/robot_bringup/hook/ament_prefix_path.dsv'
[0.122s] INFO:colcon.colcon_core.shell:Creating environment hook '/home/abhirup/slam_platform/install/robot_bringup/share/robot_bringup/hook/ament_prefix_path.sh'
[0.122s] INFO:colcon.colcon_core.shell:Skip shell extension 'powershell' for command environment: Not usable outside of PowerShell
[0.122s] DEBUG:colcon.colcon_core.shell:Skip shell extension 'dsv' for command environment
[0.123s] INFO:colcon.colcon_ros.task.ament_python.build:Building ROS package in '/home/abhirup/slam_platform/slam_ws/src/ros_gz_bridge_manager' with build type 'ament_python'
[0.123s] Level 1:colcon.colcon_core.shell:create_environment_hook('ros_gz_bridge_manager', 'ament_prefix_path')
[0.123s] INFO:colcon.colcon_core.shell:Creating environment hook '/home/abhirup/slam_platform/install/ros_gz_bridge_manager/share/ros_gz_bridge_manager/hook/ament_prefix_path.ps1'
[0.124s] INFO:colcon.colcon_core.shell:Creating environment descriptor '/home/abhirup/slam_platform/install/ros_gz_bridge_manager/share/ros_gz_bridge_manager/hook/ament_prefix_path.dsv'
[0.124s] INFO:colcon.colcon_core.shell:Creating environment hook '/home/abhirup/slam_platform/install/ros_gz_bridge_manager/share/ros_gz_bridge_manager/hook/ament_prefix_path.sh'
[0.124s] INFO:colcon.colcon_core.shell:Skip shell extension 'powershell' for command environment: Not usable outside of PowerShell
[0.124s] DEBUG:colcon.colcon_core.shell:Skip shell extension 'dsv' for command environment
[0.125s] INFO:colcon.colcon_ros.task.ament_python.build:Building ROS package in '/home/abhirup/slam_platform/slam_ws/src/sensor_adapter' with build type 'ament_python'
[0.125s] Level 1:colcon.colcon_core.shell:create_environment_hook('sensor_adapter', 'ament_prefix_path')
[0.125s] INFO:colcon.colcon_core.shell:Creating environment hook '/home/abhirup/slam_platform/install/sensor_adapter/share/sensor_adapter/hook/ament_prefix_path.ps1'
[0.125s] INFO:colcon.colcon_core.shell:Creating environment descriptor '/home/abhirup/slam_platform/install/sensor_adapter/share/sensor_adapter/hook/ament_prefix_path.dsv'
[0.125s] INFO:colcon.colcon_core.shell:Creating environment hook '/home/abhirup/slam_platform/install/sensor_adapter/share/sensor_adapter/hook/ament_prefix_path.sh'
[0.125s] INFO:colcon.colcon_core.shell:Skip shell extension 'powershell' for command environment: Not usable outside of PowerShell
[0.125s] DEBUG:colcon.colcon_core.shell:Skip shell extension 'dsv' for command environment
[0.126s] INFO:colcon.colcon_ros.task.ament_cmake.build:Building ROS package in '/home/abhirup/slam_platform/slam_ws/src/slam_interfaces' with build type 'ament_cmake'
[0.126s] INFO:colcon.colcon_cmake.task.cmake.build:Building CMake package in '/home/abhirup/slam_platform/slam_ws/src/slam_interfaces'
[0.126s] INFO:colcon.colcon_core.shell:Skip shell extension 'powershell' for command environment: Not usable outside of PowerShell
[0.126s] DEBUG:colcon.colcon_core.shell:Skip shell extension 'dsv' for command environment
[0.127s] INFO:colcon.colcon_ros.task.ament_python.build:Building ROS package in '/home/abhirup/slam_platform/slam_ws/src/tf_manager' with build type 'ament_python'
[0.127s] Level 1:colcon.colcon_core.shell:create_environment_hook('tf_manager', 'ament_prefix_path')
[0.127s] INFO:colcon.colcon_core.shell:Creating environment hook '/home/abhirup/slam_platform/install/tf_manager/share/tf_manager/hook/ament_prefix_path.ps1'
[0.127s] INFO:colcon.colcon_core.shell:Creating environment descriptor '/home/abhirup/slam_platform/install/tf_manager/share/tf_manager/hook/ament_prefix_path.dsv'
[0.127s] INFO:colcon.colcon_core.shell:Creating environment hook '/home/abhirup/slam_platform/install/tf_manager/share/tf_manager/hook/ament_prefix_path.sh'
[0.128s] INFO:colcon.colcon_core.shell:Skip shell extension 'powershell' for command environment: Not usable outside of PowerShell
[0.128s] DEBUG:colcon.colcon_core.shell:Skip shell extension 'dsv' for command environment
[0.129s] INFO:colcon.colcon_ros.task.ament_python.build:Building ROS package in '/home/abhirup/slam_platform/slam_ws/src/world_manager' with build type 'ament_python'
[0.129s] Level 1:colcon.colcon_core.shell:create_environment_hook('world_manager', 'ament_prefix_path')
[0.129s] INFO:colcon.colcon_core.shell:Creating environment hook '/home/abhirup/slam_platform/install/world_manager/share/world_manager/hook/ament_prefix_path.ps1'
[0.129s] INFO:colcon.colcon_core.shell:Creating environment descriptor '/home/abhirup/slam_platform/install/world_manager/share/world_manager/hook/ament_prefix_path.dsv'
[0.129s] INFO:colcon.colcon_core.shell:Creating environment hook '/home/abhirup/slam_platform/install/world_manager/share/world_manager/hook/ament_prefix_path.sh'
[0.129s] INFO:colcon.colcon_core.shell:Skip shell extension 'powershell' for command environment: Not usable outside of PowerShell
[0.129s] DEBUG:colcon.colcon_core.shell:Skip shell extension 'dsv' for command environment
[0.220s] INFO:colcon.colcon_core.task.python.build:Building Python package in '/home/abhirup/slam_platform/slam_ws/src/evaluator_ros'
[0.220s] INFO:colcon.colcon_core.shell:Skip shell extension 'powershell' for command environment: Not usable outside of PowerShell
[0.220s] DEBUG:colcon.colcon_core.shell:Skip shell extension 'dsv' for command environment
[0.310s] INFO:colcon.colcon_core.task.python.build:Building Python package in '/home/abhirup/slam_platform/slam_ws/src/experiment_manager'
[0.310s] INFO:colcon.colcon_core.shell:Skip shell extension 'powershell' for command environment: Not usable outside of PowerShell
[0.310s] DEBUG:colcon.colcon_core.shell:Skip shell extension 'dsv' for command environment
[0.403s] INFO:colcon.colcon_core.task.python.build:Building Python package in '/home/abhirup/slam_platform/slam_ws/src/ground_truth_provider'
[0.404s] INFO:colcon.colcon_core.shell:Skip shell extension 'powershell' for command environment: Not usable outside of PowerShell
[0.404s] DEBUG:colcon.colcon_core.shell:Skip shell extension 'dsv' for command environment
[0.495s] INFO:colcon.colcon_core.task.python.build:Building Python package in '/home/abhirup/slam_platform/slam_ws/src/robot_bringup'
[0.495s] INFO:colcon.colcon_core.shell:Skip shell extension 'powershell' for command environment: Not usable outside of PowerShell
[0.495s] DEBUG:colcon.colcon_core.shell:Skip shell extension 'dsv' for command environment
[0.586s] INFO:colcon.colcon_core.task.python.build:Building Python package in '/home/abhirup/slam_platform/slam_ws/src/ros_gz_bridge_manager'
[0.586s] INFO:colcon.colcon_core.shell:Skip shell extension 'powershell' for command environment: Not usable outside of PowerShell
[0.586s] DEBUG:colcon.colcon_core.shell:Skip shell extension 'dsv' for command environment
[0.680s] INFO:colcon.colcon_core.task.python.build:Building Python package in '/home/abhirup/slam_platform/slam_ws/src/sensor_adapter'
[0.680s] INFO:colcon.colcon_core.shell:Skip shell extension 'powershell' for command environment: Not usable outside of PowerShell
[0.680s] DEBUG:colcon.colcon_core.shell:Skip shell extension 'dsv' for command environment
[0.683s] DEBUG:colcon.colcon_core.event_handler.log_command:Invoking command in '/home/abhirup/slam_platform/build/slam_interfaces': CMAKE_PREFIX_PATH=${CMAKE_PREFIX_PATH}:/opt/ros/jazzy DEBUGINFOD_URLS=https://debuginfod.ubuntu.com /usr/bin/cmake --build /home/abhirup/slam_platform/build/slam_interfaces -- -j28 -l28
[0.798s] INFO:colcon.colcon_core.task.python.build:Building Python package in '/home/abhirup/slam_platform/slam_ws/src/tf_manager'
[0.798s] INFO:colcon.colcon_core.shell:Skip shell extension 'powershell' for command environment: Not usable outside of PowerShell
[0.798s] DEBUG:colcon.colcon_core.shell:Skip shell extension 'dsv' for command environment
[0.893s] INFO:colcon.colcon_core.task.python.build:Building Python package in '/home/abhirup/slam_platform/slam_ws/src/world_manager'
[0.893s] INFO:colcon.colcon_core.shell:Skip shell extension 'powershell' for command environment: Not usable outside of PowerShell
[0.893s] DEBUG:colcon.colcon_core.shell:Skip shell extension 'dsv' for command environment
[1.119s] DEBUG:colcon.colcon_core.event_handler.log_command:Invoking command in '/home/abhirup/slam_platform/slam_ws/src/evaluator_ros': DEBUGINFOD_URLS=https://debuginfod.ubuntu.com PYTHONPATH=/home/abhirup/slam_platform/build/evaluator_ros/prefix_override:/usr/lib/python3/dist-packages/colcon_core/task/python/colcon_distutils_commands:/home/abhirup/slam_platform/install/evaluator_ros/lib/python3.12/site-packages:${PYTHONPATH} /usr/bin/python3 -W ignore:setup.py install is deprecated -W ignore:easy_install command is deprecated setup.py egg_info --egg-base ../../../build/evaluator_ros build --build-base /home/abhirup/slam_platform/build/evaluator_ros/build install --record /home/abhirup/slam_platform/build/evaluator_ros/install.log --single-version-externally-managed install_data
[1.121s] DEBUG:colcon.colcon_core.event_handler.log_command:Invoking command in '/home/abhirup/slam_platform/slam_ws/src/tf_manager': DEBUGINFOD_URLS=https://debuginfod.ubuntu.com PYTHONPATH=/home/abhirup/slam_platform/build/tf_manager/prefix_override:/usr/lib/python3/dist-packages/colcon_core/task/python/colcon_distutils_commands:/home/abhirup/slam_platform/install/tf_manager/lib/python3.12/site-packages:${PYTHONPATH} /usr/bin/python3 -W ignore:setup.py install is deprecated -W ignore:easy_install command is deprecated setup.py egg_info --egg-base ../../../build/tf_manager build --build-base /home/abhirup/slam_platform/build/tf_manager/build install --record /home/abhirup/slam_platform/build/tf_manager/install.log --single-version-externally-managed install_data
[1.129s] DEBUG:colcon.colcon_core.event_handler.log_command:Invoking command in '/home/abhirup/slam_platform/slam_ws/src/world_manager': DEBUGINFOD_URLS=https://debuginfod.ubuntu.com PYTHONPATH=/home/abhirup/slam_platform/build/world_manager/prefix_override:/usr/lib/python3/dist-packages/colcon_core/task/python/colcon_distutils_commands:/home/abhirup/slam_platform/install/world_manager/lib/python3.12/site-packages:${PYTHONPATH} /usr/bin/python3 -W ignore:setup.py install is deprecated -W ignore:easy_install command is deprecated setup.py egg_info --egg-base ../../../build/world_manager build --build-base /home/abhirup/slam_platform/build/world_manager/build install --record /home/abhirup/slam_platform/build/world_manager/install.log --single-version-externally-managed install_data
[1.133s] DEBUG:colcon.colcon_core.event_handler.log_command:Invoking command in '/home/abhirup/slam_platform/slam_ws/src/ground_truth_provider': DEBUGINFOD_URLS=https://debuginfod.ubuntu.com PYTHONPATH=/home/abhirup/slam_platform/build/ground_truth_provider/prefix_override:/usr/lib/python3/dist-packages/colcon_core/task/python/colcon_distutils_commands:/home/abhirup/slam_platform/install/ground_truth_provider/lib/python3.12/site-packages:${PYTHONPATH} /usr/bin/python3 -W ignore:setup.py install is deprecated -W ignore:easy_install command is deprecated setup.py egg_info --egg-base ../../../build/ground_truth_provider build --build-base /home/abhirup/slam_platform/build/ground_truth_provider/build install --record /home/abhirup/slam_platform/build/ground_truth_provider/install.log --single-version-externally-managed install_data
[1.136s] DEBUG:colcon.colcon_core.event_handler.log_command:Invoking command in '/home/abhirup/slam_platform/slam_ws/src/robot_bringup': DEBUGINFOD_URLS=https://debuginfod.ubuntu.com PYTHONPATH=/home/abhirup/slam_platform/build/robot_bringup/prefix_override:/usr/lib/python3/dist-packages/colcon_core/task/python/colcon_distutils_commands:/home/abhirup/slam_platform/install/robot_bringup/lib/python3.12/site-packages:${PYTHONPATH} /usr/bin/python3 -W ignore:setup.py install is deprecated -W ignore:easy_install command is deprecated setup.py egg_info --egg-base ../../../build/robot_bringup build --build-base /home/abhirup/slam_platform/build/robot_bringup/build install --record /home/abhirup/slam_platform/build/robot_bringup/install.log --single-version-externally-managed install_data
[1.137s] DEBUG:colcon.colcon_core.event_handler.log_command:Invoking command in '/home/abhirup/slam_platform/slam_ws/src/sensor_adapter': DEBUGINFOD_URLS=https://debuginfod.ubuntu.com PYTHONPATH=/home/abhirup/slam_platform/build/sensor_adapter/prefix_override:/usr/lib/python3/dist-packages/colcon_core/task/python/colcon_distutils_commands:/home/abhirup/slam_platform/install/sensor_adapter/lib/python3.12/site-packages:${PYTHONPATH} /usr/bin/python3 -W ignore:setup.py install is deprecated -W ignore:easy_install command is deprecated setup.py egg_info --egg-base ../../../build/sensor_adapter build --build-base /home/abhirup/slam_platform/build/sensor_adapter/build install --record /home/abhirup/slam_platform/build/sensor_adapter/install.log --single-version-externally-managed install_data
[1.138s] DEBUG:colcon.colcon_core.event_handler.log_command:Invoking command in '/home/abhirup/slam_platform/slam_ws/src/experiment_manager': DEBUGINFOD_URLS=https://debuginfod.ubuntu.com PYTHONPATH=/home/abhirup/slam_platform/build/experiment_manager/prefix_override:/usr/lib/python3/dist-packages/colcon_core/task/python/colcon_distutils_commands:/home/abhirup/slam_platform/install/experiment_manager/lib/python3.12/site-packages:${PYTHONPATH} /usr/bin/python3 -W ignore:setup.py install is deprecated -W ignore:easy_install command is deprecated setup.py egg_info --egg-base ../../../build/experiment_manager build --build-base /home/abhirup/slam_platform/build/experiment_manager/build install --record /home/abhirup/slam_platform/build/experiment_manager/install.log --single-version-externally-managed install_data
[1.294s] DEBUG:colcon.colcon_core.event_handler.log_command:Invoking command in '/home/abhirup/slam_platform/slam_ws/src/ros_gz_bridge_manager': DEBUGINFOD_URLS=https://debuginfod.ubuntu.com PYTHONPATH=/home/abhirup/slam_platform/build/ros_gz_bridge_manager/prefix_override:/usr/lib/python3/dist-packages/colcon_core/task/python/colcon_distutils_commands:/home/abhirup/slam_platform/install/ros_gz_bridge_manager/lib/python3.12/site-packages:${PYTHONPATH} /usr/bin/python3 -W ignore:setup.py install is deprecated -W ignore:easy_install command is deprecated setup.py egg_info --egg-base ../../../build/ros_gz_bridge_manager build --build-base /home/abhirup/slam_platform/build/ros_gz_bridge_manager/build install --record /home/abhirup/slam_platform/build/ros_gz_bridge_manager/install.log --single-version-externally-managed install_data
[1.295s] DEBUG:colcon.colcon_core.event_handler.log_command:Invoked command in '/home/abhirup/slam_platform/build/slam_interfaces' returned '0': CMAKE_PREFIX_PATH=${CMAKE_PREFIX_PATH}:/opt/ros/jazzy DEBUGINFOD_URLS=https://debuginfod.ubuntu.com /usr/bin/cmake --build /home/abhirup/slam_platform/build/slam_interfaces -- -j28 -l28
[1.302s] DEBUG:colcon.colcon_core.event_handler.log_command:Invoking command in '/home/abhirup/slam_platform/build/slam_interfaces': CMAKE_PREFIX_PATH=${CMAKE_PREFIX_PATH}:/opt/ros/jazzy DEBUGINFOD_URLS=https://debuginfod.ubuntu.com /usr/bin/cmake --install /home/abhirup/slam_platform/build/slam_interfaces
[1.331s] DEBUG:colcon.colcon_core.event_handler.log_command:Invoked command in '/home/abhirup/slam_platform/slam_ws/src/tf_manager' returned '0': DEBUGINFOD_URLS=https://debuginfod.ubuntu.com PYTHONPATH=/home/abhirup/slam_platform/build/tf_manager/prefix_override:/usr/lib/python3/dist-packages/colcon_core/task/python/colcon_distutils_commands:/home/abhirup/slam_platform/install/tf_manager/lib/python3.12/site-packages:${PYTHONPATH} /usr/bin/python3 -W ignore:setup.py install is deprecated -W ignore:easy_install command is deprecated setup.py egg_info --egg-base ../../../build/tf_manager build --build-base /home/abhirup/slam_platform/build/tf_manager/build install --record /home/abhirup/slam_platform/build/tf_manager/install.log --single-version-externally-managed install_data
[1.332s] Level 1:colcon.colcon_core.environment:checking '/home/abhirup/slam_platform/install/tf_manager' for CMake module files
[1.332s] Level 1:colcon.colcon_core.environment:checking '/home/abhirup/slam_platform/install/tf_manager' for CMake config files
[1.333s] Level 1:colcon.colcon_core.environment:checking '/home/abhirup/slam_platform/install/tf_manager/lib'
[1.333s] Level 1:colcon.colcon_core.environment:checking '/home/abhirup/slam_platform/install/tf_manager/bin'
[1.333s] Level 1:colcon.colcon_core.environment:checking '/home/abhirup/slam_platform/install/tf_manager/lib/pkgconfig/tf_manager.pc'
[1.333s] Level 1:colcon.colcon_core.environment:checking '/home/abhirup/slam_platform/install/tf_manager/lib/python3.12/site-packages'
[1.334s] Level 1:colcon.colcon_core.shell:create_environment_hook('tf_manager', 'pythonpath')
[1.334s] INFO:colcon.colcon_core.shell:Creating environment hook '/home/abhirup/slam_platform/install/tf_manager/share/tf_manager/hook/pythonpath.ps1'
[1.334s] INFO:colcon.colcon_core.shell:Creating environment descriptor '/home/abhirup/slam_platform/install/tf_manager/share/tf_manager/hook/pythonpath.dsv'
[1.334s] INFO:colcon.colcon_core.shell:Creating environment hook '/home/abhirup/slam_platform/install/tf_manager/share/tf_manager/hook/pythonpath.sh'
[1.334s] Level 1:colcon.colcon_core.environment:checking '/home/abhirup/slam_platform/install/tf_manager/bin'
[1.334s] Level 1:colcon.colcon_core.environment:create_environment_scripts_only(tf_manager)
[1.334s] INFO:colcon.colcon_core.shell:Creating package script '/home/abhirup/slam_platform/install/tf_manager/share/tf_manager/package.ps1'
[1.335s] INFO:colcon.colcon_core.shell:Creating package descriptor '/home/abhirup/slam_platform/install/tf_manager/share/tf_manager/package.dsv'
[1.335s] INFO:colcon.colcon_core.shell:Creating package script '/home/abhirup/slam_platform/install/tf_manager/share/tf_manager/package.sh'
[1.335s] INFO:colcon.colcon_core.shell:Creating package script '/home/abhirup/slam_platform/install/tf_manager/share/tf_manager/package.bash'
[1.336s] INFO:colcon.colcon_core.shell:Creating package script '/home/abhirup/slam_platform/install/tf_manager/share/tf_manager/package.zsh'
[1.336s] Level 1:colcon.colcon_core.environment:create_file_with_runtime_dependencies(/home/abhirup/slam_platform/install/tf_manager/share/colcon-core/packages/tf_manager)
[1.337s] Level 1:colcon.colcon_core.environment:checking '/home/abhirup/slam_platform/install/evaluator_ros' for CMake module files
[1.337s] Level 1:colcon.colcon_core.environment:checking '/home/abhirup/slam_platform/install/evaluator_ros' for CMake config files
[1.338s] DEBUG:colcon.colcon_core.event_handler.log_command:Invoked command in '/home/abhirup/slam_platform/slam_ws/src/evaluator_ros' returned '0': DEBUGINFOD_URLS=https://debuginfod.ubuntu.com PYTHONPATH=/home/abhirup/slam_platform/build/evaluator_ros/prefix_override:/usr/lib/python3/dist-packages/colcon_core/task/python/colcon_distutils_commands:/home/abhirup/slam_platform/install/evaluator_ros/lib/python3.12/site-packages:${PYTHONPATH} /usr/bin/python3 -W ignore:setup.py install is deprecated -W ignore:easy_install command is deprecated setup.py egg_info --egg-base ../../../build/evaluator_ros build --build-base /home/abhirup/slam_platform/build/evaluator_ros/build install --record /home/abhirup/slam_platform/build/evaluator_ros/install.log --single-version-externally-managed install_data
[1.338s] Level 1:colcon.colcon_core.environment:checking '/home/abhirup/slam_platform/install/evaluator_ros/lib'
[1.338s] Level 1:colcon.colcon_core.environment:checking '/home/abhirup/slam_platform/install/evaluator_ros/bin'
[1.338s] Level 1:colcon.colcon_core.environment:checking '/home/abhirup/slam_platform/install/evaluator_ros/lib/pkgconfig/evaluator_ros.pc'
[1.338s] Level 1:colcon.colcon_core.environment:checking '/home/abhirup/slam_platform/install/evaluator_ros/lib/python3.12/site-packages'
[1.339s] Level 1:colcon.colcon_core.shell:create_environment_hook('evaluator_ros', 'pythonpath')
[1.339s] INFO:colcon.colcon_core.shell:Creating environment hook '/home/abhirup/slam_platform/install/evaluator_ros/share/evaluator_ros/hook/pythonpath.ps1'
[1.339s] INFO:colcon.colcon_core.shell:Creating environment descriptor '/home/abhirup/slam_platform/install/evaluator_ros/share/evaluator_ros/hook/pythonpath.dsv'
[1.339s] INFO:colcon.colcon_core.shell:Creating environment hook '/home/abhirup/slam_platform/install/evaluator_ros/share/evaluator_ros/hook/pythonpath.sh'
[1.339s] Level 1:colcon.colcon_core.environment:checking '/home/abhirup/slam_platform/install/evaluator_ros/bin'
[1.339s] Level 1:colcon.colcon_core.environment:create_environment_scripts_only(evaluator_ros)
[1.339s] INFO:colcon.colcon_core.shell:Creating package script '/home/abhirup/slam_platform/install/evaluator_ros/share/evaluator_ros/package.ps1'
[1.340s] INFO:colcon.colcon_core.shell:Creating package descriptor '/home/abhirup/slam_platform/install/evaluator_ros/share/evaluator_ros/package.dsv'
[1.340s] INFO:colcon.colcon_core.shell:Creating package script '/home/abhirup/slam_platform/install/evaluator_ros/share/evaluator_ros/package.sh'
[1.340s] INFO:colcon.colcon_core.shell:Creating package script '/home/abhirup/slam_platform/install/evaluator_ros/share/evaluator_ros/package.bash'
[1.341s] INFO:colcon.colcon_core.shell:Creating package script '/home/abhirup/slam_platform/install/evaluator_ros/share/evaluator_ros/package.zsh'
[1.341s] Level 1:colcon.colcon_core.environment:create_file_with_runtime_dependencies(/home/abhirup/slam_platform/install/evaluator_ros/share/colcon-core/packages/evaluator_ros)
[1.341s] Level 1:colcon.colcon_core.environment:checking '/home/abhirup/slam_platform/install/world_manager' for CMake module files
[1.342s] DEBUG:colcon.colcon_core.event_handler.log_command:Invoked command in '/home/abhirup/slam_platform/slam_ws/src/world_manager' returned '0': DEBUGINFOD_URLS=https://debuginfod.ubuntu.com PYTHONPATH=/home/abhirup/slam_platform/build/world_manager/prefix_override:/usr/lib/python3/dist-packages/colcon_core/task/python/colcon_distutils_commands:/home/abhirup/slam_platform/install/world_manager/lib/python3.12/site-packages:${PYTHONPATH} /usr/bin/python3 -W ignore:setup.py install is deprecated -W ignore:easy_install command is deprecated setup.py egg_info --egg-base ../../../build/world_manager build --build-base /home/abhirup/slam_platform/build/world_manager/build install --record /home/abhirup/slam_platform/build/world_manager/install.log --single-version-externally-managed install_data
[1.342s] Level 1:colcon.colcon_core.environment:checking '/home/abhirup/slam_platform/install/world_manager' for CMake config files
[1.342s] Level 1:colcon.colcon_core.environment:checking '/home/abhirup/slam_platform/install/world_manager/lib'
[1.342s] Level 1:colcon.colcon_core.environment:checking '/home/abhirup/slam_platform/install/world_manager/bin'
[1.342s] Level 1:colcon.colcon_core.environment:checking '/home/abhirup/slam_platform/install/world_manager/lib/pkgconfig/world_manager.pc'
[1.343s] Level 1:colcon.colcon_core.environment:checking '/home/abhirup/slam_platform/install/world_manager/lib/python3.12/site-packages'
[1.343s] Level 1:colcon.colcon_core.shell:create_environment_hook('world_manager', 'pythonpath')
[1.343s] INFO:colcon.colcon_core.shell:Creating environment hook '/home/abhirup/slam_platform/install/world_manager/share/world_manager/hook/pythonpath.ps1'
[1.344s] INFO:colcon.colcon_core.shell:Creating environment descriptor '/home/abhirup/slam_platform/install/world_manager/share/world_manager/hook/pythonpath.dsv'
[1.344s] INFO:colcon.colcon_core.shell:Creating environment hook '/home/abhirup/slam_platform/install/world_manager/share/world_manager/hook/pythonpath.sh'
[1.345s] Level 1:colcon.colcon_core.environment:checking '/home/abhirup/slam_platform/install/world_manager/bin'
[1.345s] Level 1:colcon.colcon_core.environment:create_environment_scripts_only(world_manager)
[1.346s] INFO:colcon.colcon_core.shell:Creating package script '/home/abhirup/slam_platform/install/world_manager/share/world_manager/package.ps1'
[1.346s] INFO:colcon.colcon_core.shell:Creating package descriptor '/home/abhirup/slam_platform/install/world_manager/share/world_manager/package.dsv'
[1.347s] INFO:colcon.colcon_core.shell:Creating package script '/home/abhirup/slam_platform/install/world_manager/share/world_manager/package.sh'
[1.347s] INFO:colcon.colcon_core.shell:Creating package script '/home/abhirup/slam_platform/install/world_manager/share/world_manager/package.bash'
[1.348s] INFO:colcon.colcon_core.shell:Creating package script '/home/abhirup/slam_platform/install/world_manager/share/world_manager/package.zsh'
[1.348s] Level 1:colcon.colcon_core.environment:create_file_with_runtime_dependencies(/home/abhirup/slam_platform/install/world_manager/share/colcon-core/packages/world_manager)
[1.349s] Level 1:colcon.colcon_core.environment:create_environment_scripts_only(slam_interfaces)
[1.349s] Level 1:colcon.colcon_core.environment:checking '/home/abhirup/slam_platform/install/slam_interfaces' for CMake module files
[1.350s] Level 1:colcon.colcon_core.environment:checking '/home/abhirup/slam_platform/install/slam_interfaces' for CMake config files
[1.351s] Level 1:colcon.colcon_core.shell:create_environment_hook('slam_interfaces', 'cmake_prefix_path')
[1.351s] INFO:colcon.colcon_core.shell:Creating environment hook '/home/abhirup/slam_platform/install/slam_interfaces/share/slam_interfaces/hook/cmake_prefix_path.ps1'
[1.351s] INFO:colcon.colcon_core.shell:Creating environment descriptor '/home/abhirup/slam_platform/install/slam_interfaces/share/slam_interfaces/hook/cmake_prefix_path.dsv'
[1.351s] INFO:colcon.colcon_core.shell:Creating environment hook '/home/abhirup/slam_platform/install/slam_interfaces/share/slam_interfaces/hook/cmake_prefix_path.sh'
[1.352s] Level 1:colcon.colcon_core.environment:checking '/home/abhirup/slam_platform/install/slam_interfaces/lib'
[1.352s] Level 1:colcon.colcon_core.shell:create_environment_hook('slam_interfaces', 'ld_library_path_lib')
[1.352s] INFO:colcon.colcon_core.shell:Creating environment hook '/home/abhirup/slam_platform/install/slam_interfaces/share/slam_interfaces/hook/ld_library_path_lib.ps1'
[1.352s] INFO:colcon.colcon_core.shell:Creating environment descriptor '/home/abhirup/slam_platform/install/slam_interfaces/share/slam_interfaces/hook/ld_library_path_lib.dsv'
[1.352s] INFO:colcon.colcon_core.shell:Creating environment hook '/home/abhirup/slam_platform/install/slam_interfaces/share/slam_interfaces/hook/ld_library_path_lib.sh'
[1.353s] Level 1:colcon.colcon_core.environment:checking '/home/abhirup/slam_platform/install/slam_interfaces/bin'
[1.353s] Level 1:colcon.colcon_core.environment:checking '/home/abhirup/slam_platform/install/slam_interfaces/lib/pkgconfig/slam_interfaces.pc'
[1.353s] Level 1:colcon.colcon_core.environment:checking '/home/abhirup/slam_platform/install/slam_interfaces/lib/python3.12/site-packages'
[1.353s] Level 1:colcon.colcon_core.shell:create_environment_hook('slam_interfaces', 'pythonpath')
[1.353s] INFO:colcon.colcon_core.shell:Creating environment hook '/home/abhirup/slam_platform/install/slam_interfaces/share/slam_interfaces/hook/pythonpath.ps1'
[1.353s] INFO:colcon.colcon_core.shell:Creating environment descriptor '/home/abhirup/slam_platform/install/slam_interfaces/share/slam_interfaces/hook/pythonpath.dsv'
[1.353s] INFO:colcon.colcon_core.shell:Creating environment hook '/home/abhirup/slam_platform/install/slam_interfaces/share/slam_interfaces/hook/pythonpath.sh'
[1.354s] Level 1:colcon.colcon_core.environment:checking '/home/abhirup/slam_platform/install/slam_interfaces/bin'
[1.354s] INFO:colcon.colcon_core.shell:Creating package script '/home/abhirup/slam_platform/install/slam_interfaces/share/slam_interfaces/package.ps1'
[1.354s] INFO:colcon.colcon_core.shell:Creating package descriptor '/home/abhirup/slam_platform/install/slam_interfaces/share/slam_interfaces/package.dsv'
[1.355s] INFO:colcon.colcon_core.shell:Creating package script '/home/abhirup/slam_platform/install/slam_interfaces/share/slam_interfaces/package.sh'
[1.355s] INFO:colcon.colcon_core.shell:Creating package script '/home/abhirup/slam_platform/install/slam_interfaces/share/slam_interfaces/package.bash'
[1.355s] DEBUG:colcon.colcon_core.event_handler.log_command:Invoked command in '/home/abhirup/slam_platform/build/slam_interfaces' returned '0': CMAKE_PREFIX_PATH=${CMAKE_PREFIX_PATH}:/opt/ros/jazzy DEBUGINFOD_URLS=https://debuginfod.ubuntu.com /usr/bin/cmake --install /home/abhirup/slam_platform/build/slam_interfaces
[1.355s] INFO:colcon.colcon_core.shell:Creating package script '/home/abhirup/slam_platform/install/slam_interfaces/share/slam_interfaces/package.zsh'
[1.355s] Level 1:colcon.colcon_core.environment:create_file_with_runtime_dependencies(/home/abhirup/slam_platform/install/slam_interfaces/share/colcon-core/packages/slam_interfaces)
[1.356s] Level 1:colcon.colcon_core.environment:create_environment_scripts_only(slam_interfaces)
[1.356s] Level 1:colcon.colcon_core.environment:checking '/home/abhirup/slam_platform/install/slam_interfaces' for CMake module files
[1.356s] Level 1:colcon.colcon_core.environment:checking '/home/abhirup/slam_platform/install/slam_interfaces' for CMake config files
[1.356s] Level 1:colcon.colcon_core.shell:create_environment_hook('slam_interfaces', 'cmake_prefix_path')
[1.356s] INFO:colcon.colcon_core.shell:Creating environment hook '/home/abhirup/slam_platform/install/slam_interfaces/share/slam_interfaces/hook/cmake_prefix_path.ps1'
[1.356s] INFO:colcon.colcon_core.shell:Creating environment descriptor '/home/abhirup/slam_platform/install/slam_interfaces/share/slam_interfaces/hook/cmake_prefix_path.dsv'
[1.356s] INFO:colcon.colcon_core.shell:Creating environment hook '/home/abhirup/slam_platform/install/slam_interfaces/share/slam_interfaces/hook/cmake_prefix_path.sh'
[1.357s] Level 1:colcon.colcon_core.environment:checking '/home/abhirup/slam_platform/install/slam_interfaces/lib'
[1.357s] Level 1:colcon.colcon_core.shell:create_environment_hook('slam_interfaces', 'ld_library_path_lib')
[1.357s] INFO:colcon.colcon_core.shell:Creating environment hook '/home/abhirup/slam_platform/install/slam_interfaces/share/slam_interfaces/hook/ld_library_path_lib.ps1'
[1.357s] INFO:colcon.colcon_core.shell:Creating environment descriptor '/home/abhirup/slam_platform/install/slam_interfaces/share/slam_interfaces/hook/ld_library_path_lib.dsv'
[1.357s] INFO:colcon.colcon_core.shell:Creating environment hook '/home/abhirup/slam_platform/install/slam_interfaces/share/slam_interfaces/hook/ld_library_path_lib.sh'
[1.357s] Level 1:colcon.colcon_core.environment:checking '/home/abhirup/slam_platform/install/slam_interfaces/bin'
[1.357s] Level 1:colcon.colcon_core.environment:checking '/home/abhirup/slam_platform/install/slam_interfaces/lib/pkgconfig/slam_interfaces.pc'
[1.357s] Level 1:colcon.colcon_core.environment:checking '/home/abhirup/slam_platform/install/slam_interfaces/lib/python3.12/site-packages'
[1.357s] Level 1:colcon.colcon_core.shell:create_environment_hook('slam_interfaces', 'pythonpath')
[1.357s] INFO:colcon.colcon_core.shell:Creating environment hook '/home/abhirup/slam_platform/install/slam_interfaces/share/slam_interfaces/hook/pythonpath.ps1'
[1.358s] INFO:colcon.colcon_core.shell:Creating environment descriptor '/home/abhirup/slam_platform/install/slam_interfaces/share/slam_interfaces/hook/pythonpath.dsv'
[1.358s] INFO:colcon.colcon_core.shell:Creating environment hook '/home/abhirup/slam_platform/install/slam_interfaces/share/slam_interfaces/hook/pythonpath.sh'
[1.358s] Level 1:colcon.colcon_core.environment:checking '/home/abhirup/slam_platform/install/slam_interfaces/bin'
[1.358s] INFO:colcon.colcon_core.shell:Creating package script '/home/abhirup/slam_platform/install/slam_interfaces/share/slam_interfaces/package.ps1'
[1.358s] INFO:colcon.colcon_core.shell:Creating package descriptor '/home/abhirup/slam_platform/install/slam_interfaces/share/slam_interfaces/package.dsv'
[1.359s] INFO:colcon.colcon_core.shell:Creating package script '/home/abhirup/slam_platform/install/slam_interfaces/share/slam_interfaces/package.sh'
[1.359s] INFO:colcon.colcon_core.shell:Creating package script '/home/abhirup/slam_platform/install/slam_interfaces/share/slam_interfaces/package.bash'
[1.359s] INFO:colcon.colcon_core.shell:Creating package script '/home/abhirup/slam_platform/install/slam_interfaces/share/slam_interfaces/package.zsh'
[1.359s] Level 1:colcon.colcon_core.environment:create_file_with_runtime_dependencies(/home/abhirup/slam_platform/install/slam_interfaces/share/colcon-core/packages/slam_interfaces)
[1.360s] Level 1:colcon.colcon_core.environment:checking '/home/abhirup/slam_platform/install/sensor_adapter' for CMake module files
[1.360s] Level 1:colcon.colcon_core.environment:checking '/home/abhirup/slam_platform/install/sensor_adapter' for CMake config files
[1.360s] DEBUG:colcon.colcon_core.event_handler.log_command:Invoked command in '/home/abhirup/slam_platform/slam_ws/src/sensor_adapter' returned '0': DEBUGINFOD_URLS=https://debuginfod.ubuntu.com PYTHONPATH=/home/abhirup/slam_platform/build/sensor_adapter/prefix_override:/usr/lib/python3/dist-packages/colcon_core/task/python/colcon_distutils_commands:/home/abhirup/slam_platform/install/sensor_adapter/lib/python3.12/site-packages:${PYTHONPATH} /usr/bin/python3 -W ignore:setup.py install is deprecated -W ignore:easy_install command is deprecated setup.py egg_info --egg-base ../../../build/sensor_adapter build --build-base /home/abhirup/slam_platform/build/sensor_adapter/build install --record /home/abhirup/slam_platform/build/sensor_adapter/install.log --single-version-externally-managed install_data
[1.360s] Level 1:colcon.colcon_core.environment:checking '/home/abhirup/slam_platform/install/sensor_adapter/lib'
[1.361s] Level 1:colcon.colcon_core.environment:checking '/home/abhirup/slam_platform/install/sensor_adapter/bin'
[1.361s] Level 1:colcon.colcon_core.environment:checking '/home/abhirup/slam_platform/install/sensor_adapter/lib/pkgconfig/sensor_adapter.pc'
[1.361s] Level 1:colcon.colcon_core.environment:checking '/home/abhirup/slam_platform/install/sensor_adapter/lib/python3.12/site-packages'
[1.361s] Level 1:colcon.colcon_core.shell:create_environment_hook('sensor_adapter', 'pythonpath')
[1.361s] INFO:colcon.colcon_core.shell:Creating environment hook '/home/abhirup/slam_platform/install/sensor_adapter/share/sensor_adapter/hook/pythonpath.ps1'
[1.361s] INFO:colcon.colcon_core.shell:Creating environment descriptor '/home/abhirup/slam_platform/install/sensor_adapter/share/sensor_adapter/hook/pythonpath.dsv'
[1.361s] INFO:colcon.colcon_core.shell:Creating environment hook '/home/abhirup/slam_platform/install/sensor_adapter/share/sensor_adapter/hook/pythonpath.sh'
[1.361s] Level 1:colcon.colcon_core.environment:checking '/home/abhirup/slam_platform/install/sensor_adapter/bin'
[1.361s] Level 1:colcon.colcon_core.environment:create_environment_scripts_only(sensor_adapter)
[1.361s] INFO:colcon.colcon_core.shell:Creating package script '/home/abhirup/slam_platform/install/sensor_adapter/share/sensor_adapter/package.ps1'
[1.362s] INFO:colcon.colcon_core.shell:Creating package descriptor '/home/abhirup/slam_platform/install/sensor_adapter/share/sensor_adapter/package.dsv'
[1.362s] INFO:colcon.colcon_core.shell:Creating package script '/home/abhirup/slam_platform/install/sensor_adapter/share/sensor_adapter/package.sh'
[1.362s] INFO:colcon.colcon_core.shell:Creating package script '/home/abhirup/slam_platform/install/sensor_adapter/share/sensor_adapter/package.bash'
[1.362s] INFO:colcon.colcon_core.shell:Creating package script '/home/abhirup/slam_platform/install/sensor_adapter/share/sensor_adapter/package.zsh'
[1.362s] Level 1:colcon.colcon_core.environment:create_file_with_runtime_dependencies(/home/abhirup/slam_platform/install/sensor_adapter/share/colcon-core/packages/sensor_adapter)
[1.362s] Level 1:colcon.colcon_core.environment:checking '/home/abhirup/slam_platform/install/experiment_manager' for CMake module files
[1.363s] Level 1:colcon.colcon_core.environment:checking '/home/abhirup/slam_platform/install/experiment_manager' for CMake config files
[1.363s] DEBUG:colcon.colcon_core.event_handler.log_command:Invoked command in '/home/abhirup/slam_platform/slam_ws/src/experiment_manager' returned '0': DEBUGINFOD_URLS=https://debuginfod.ubuntu.com PYTHONPATH=/home/abhirup/slam_platform/build/experiment_manager/prefix_override:/usr/lib/python3/dist-packages/colcon_core/task/python/colcon_distutils_commands:/home/abhirup/slam_platform/install/experiment_manager/lib/python3.12/site-packages:${PYTHONPATH} /usr/bin/python3 -W ignore:setup.py install is deprecated -W ignore:easy_install command is deprecated setup.py egg_info --egg-base ../../../build/experiment_manager build --build-base /home/abhirup/slam_platform/build/experiment_manager/build install --record /home/abhirup/slam_platform/build/experiment_manager/install.log --single-version-externally-managed install_data
[1.363s] Level 1:colcon.colcon_core.environment:checking '/home/abhirup/slam_platform/install/experiment_manager/lib'
[1.363s] Level 1:colcon.colcon_core.environment:checking '/home/abhirup/slam_platform/install/experiment_manager/bin'
[1.363s] Level 1:colcon.colcon_core.environment:checking '/home/abhirup/slam_platform/install/experiment_manager/lib/pkgconfig/experiment_manager.pc'
[1.363s] Level 1:colcon.colcon_core.environment:checking '/home/abhirup/slam_platform/install/experiment_manager/lib/python3.12/site-packages'
[1.363s] Level 1:colcon.colcon_core.shell:create_environment_hook('experiment_manager', 'pythonpath')
[1.363s] INFO:colcon.colcon_core.shell:Creating environment hook '/home/abhirup/slam_platform/install/experiment_manager/share/experiment_manager/hook/pythonpath.ps1'
[1.363s] INFO:colcon.colcon_core.shell:Creating environment descriptor '/home/abhirup/slam_platform/install/experiment_manager/share/experiment_manager/hook/pythonpath.dsv'
[1.364s] INFO:colcon.colcon_core.shell:Creating environment hook '/home/abhirup/slam_platform/install/experiment_manager/share/experiment_manager/hook/pythonpath.sh'
[1.364s] Level 1:colcon.colcon_core.environment:checking '/home/abhirup/slam_platform/install/experiment_manager/bin'
[1.364s] Level 1:colcon.colcon_core.environment:create_environment_scripts_only(experiment_manager)
[1.364s] INFO:colcon.colcon_core.shell:Creating package script '/home/abhirup/slam_platform/install/experiment_manager/share/experiment_manager/package.ps1'
[1.364s] INFO:colcon.colcon_core.shell:Creating package descriptor '/home/abhirup/slam_platform/install/experiment_manager/share/experiment_manager/package.dsv'
[1.364s] INFO:colcon.colcon_core.shell:Creating package script '/home/abhirup/slam_platform/install/experiment_manager/share/experiment_manager/package.sh'
[1.365s] INFO:colcon.colcon_core.shell:Creating package script '/home/abhirup/slam_platform/install/experiment_manager/share/experiment_manager/package.bash'
[1.365s] INFO:colcon.colcon_core.shell:Creating package script '/home/abhirup/slam_platform/install/experiment_manager/share/experiment_manager/package.zsh'
[1.365s] Level 1:colcon.colcon_core.environment:create_file_with_runtime_dependencies(/home/abhirup/slam_platform/install/experiment_manager/share/colcon-core/packages/experiment_manager)
[1.365s] Level 1:colcon.colcon_core.environment:checking '/home/abhirup/slam_platform/install/ground_truth_provider' for CMake module files
[1.365s] DEBUG:colcon.colcon_core.event_handler.log_command:Invoked command in '/home/abhirup/slam_platform/slam_ws/src/ground_truth_provider' returned '0': DEBUGINFOD_URLS=https://debuginfod.ubuntu.com PYTHONPATH=/home/abhirup/slam_platform/build/ground_truth_provider/prefix_override:/usr/lib/python3/dist-packages/colcon_core/task/python/colcon_distutils_commands:/home/abhirup/slam_platform/install/ground_truth_provider/lib/python3.12/site-packages:${PYTHONPATH} /usr/bin/python3 -W ignore:setup.py install is deprecated -W ignore:easy_install command is deprecated setup.py egg_info --egg-base ../../../build/ground_truth_provider build --build-base /home/abhirup/slam_platform/build/ground_truth_provider/build install --record /home/abhirup/slam_platform/build/ground_truth_provider/install.log --single-version-externally-managed install_data
[1.365s] Level 1:colcon.colcon_core.environment:checking '/home/abhirup/slam_platform/install/ground_truth_provider' for CMake config files
[1.366s] Level 1:colcon.colcon_core.environment:checking '/home/abhirup/slam_platform/install/ground_truth_provider/lib'
[1.366s] Level 1:colcon.colcon_core.environment:checking '/home/abhirup/slam_platform/install/ground_truth_provider/bin'
[1.366s] Level 1:colcon.colcon_core.environment:checking '/home/abhirup/slam_platform/install/ground_truth_provider/lib/pkgconfig/ground_truth_provider.pc'
[1.366s] Level 1:colcon.colcon_core.environment:checking '/home/abhirup/slam_platform/install/ground_truth_provider/lib/python3.12/site-packages'
[1.366s] Level 1:colcon.colcon_core.shell:create_environment_hook('ground_truth_provider', 'pythonpath')
[1.366s] INFO:colcon.colcon_core.shell:Creating environment hook '/home/abhirup/slam_platform/install/ground_truth_provider/share/ground_truth_provider/hook/pythonpath.ps1'
[1.366s] INFO:colcon.colcon_core.shell:Creating environment descriptor '/home/abhirup/slam_platform/install/ground_truth_provider/share/ground_truth_provider/hook/pythonpath.dsv'
[1.366s] INFO:colcon.colcon_core.shell:Creating environment hook '/home/abhirup/slam_platform/install/ground_truth_provider/share/ground_truth_provider/hook/pythonpath.sh'
[1.366s] Level 1:colcon.colcon_core.environment:checking '/home/abhirup/slam_platform/install/ground_truth_provider/bin'
[1.366s] Level 1:colcon.colcon_core.environment:create_environment_scripts_only(ground_truth_provider)
[1.367s] INFO:colcon.colcon_core.shell:Creating package script '/home/abhirup/slam_platform/install/ground_truth_provider/share/ground_truth_provider/package.ps1'
[1.367s] INFO:colcon.colcon_core.shell:Creating package descriptor '/home/abhirup/slam_platform/install/ground_truth_provider/share/ground_truth_provider/package.dsv'
[1.367s] INFO:colcon.colcon_core.shell:Creating package script '/home/abhirup/slam_platform/install/ground_truth_provider/share/ground_truth_provider/package.sh'
[1.367s] INFO:colcon.colcon_core.shell:Creating package script '/home/abhirup/slam_platform/install/ground_truth_provider/share/ground_truth_provider/package.bash'
[1.367s] INFO:colcon.colcon_core.shell:Creating package script '/home/abhirup/slam_platform/install/ground_truth_provider/share/ground_truth_provider/package.zsh'
[1.367s] Level 1:colcon.colcon_core.environment:create_file_with_runtime_dependencies(/home/abhirup/slam_platform/install/ground_truth_provider/share/colcon-core/packages/ground_truth_provider)
[1.406s] Level 1:colcon.colcon_core.environment:checking '/home/abhirup/slam_platform/install/robot_bringup' for CMake module files
[1.407s] DEBUG:colcon.colcon_core.event_handler.log_command:Invoked command in '/home/abhirup/slam_platform/slam_ws/src/robot_bringup' returned '0': DEBUGINFOD_URLS=https://debuginfod.ubuntu.com PYTHONPATH=/home/abhirup/slam_platform/build/robot_bringup/prefix_override:/usr/lib/python3/dist-packages/colcon_core/task/python/colcon_distutils_commands:/home/abhirup/slam_platform/install/robot_bringup/lib/python3.12/site-packages:${PYTHONPATH} /usr/bin/python3 -W ignore:setup.py install is deprecated -W ignore:easy_install command is deprecated setup.py egg_info --egg-base ../../../build/robot_bringup build --build-base /home/abhirup/slam_platform/build/robot_bringup/build install --record /home/abhirup/slam_platform/build/robot_bringup/install.log --single-version-externally-managed install_data
[1.407s] Level 1:colcon.colcon_core.environment:checking '/home/abhirup/slam_platform/install/robot_bringup' for CMake config files
[1.407s] Level 1:colcon.colcon_core.environment:checking '/home/abhirup/slam_platform/install/robot_bringup/lib'
[1.407s] Level 1:colcon.colcon_core.environment:checking '/home/abhirup/slam_platform/install/robot_bringup/bin'
[1.407s] Level 1:colcon.colcon_core.environment:checking '/home/abhirup/slam_platform/install/robot_bringup/lib/pkgconfig/robot_bringup.pc'
[1.407s] Level 1:colcon.colcon_core.environment:checking '/home/abhirup/slam_platform/install/robot_bringup/lib/python3.12/site-packages'
[1.407s] Level 1:colcon.colcon_core.shell:create_environment_hook('robot_bringup', 'pythonpath')
[1.407s] INFO:colcon.colcon_core.shell:Creating environment hook '/home/abhirup/slam_platform/install/robot_bringup/share/robot_bringup/hook/pythonpath.ps1'
[1.408s] INFO:colcon.colcon_core.shell:Creating environment descriptor '/home/abhirup/slam_platform/install/robot_bringup/share/robot_bringup/hook/pythonpath.dsv'
[1.408s] INFO:colcon.colcon_core.shell:Creating environment hook '/home/abhirup/slam_platform/install/robot_bringup/share/robot_bringup/hook/pythonpath.sh'
[1.408s] Level 1:colcon.colcon_core.environment:checking '/home/abhirup/slam_platform/install/robot_bringup/bin'
[1.408s] Level 1:colcon.colcon_core.environment:create_environment_scripts_only(robot_bringup)
[1.408s] INFO:colcon.colcon_core.shell:Creating package script '/home/abhirup/slam_platform/install/robot_bringup/share/robot_bringup/package.ps1'
[1.408s] INFO:colcon.colcon_core.shell:Creating package descriptor '/home/abhirup/slam_platform/install/robot_bringup/share/robot_bringup/package.dsv'
[1.409s] INFO:colcon.colcon_core.shell:Creating package script '/home/abhirup/slam_platform/install/robot_bringup/share/robot_bringup/package.sh'
[1.409s] INFO:colcon.colcon_core.shell:Creating package script '/home/abhirup/slam_platform/install/robot_bringup/share/robot_bringup/package.bash'
[1.409s] INFO:colcon.colcon_core.shell:Creating package script '/home/abhirup/slam_platform/install/robot_bringup/share/robot_bringup/package.zsh'
[1.409s] Level 1:colcon.colcon_core.environment:create_file_with_runtime_dependencies(/home/abhirup/slam_platform/install/robot_bringup/share/colcon-core/packages/robot_bringup)
[1.521s] Level 1:colcon.colcon_core.environment:checking '/home/abhirup/slam_platform/install/ros_gz_bridge_manager' for CMake module files
[1.521s] Level 1:colcon.colcon_core.environment:checking '/home/abhirup/slam_platform/install/ros_gz_bridge_manager' for CMake config files
[1.521s] DEBUG:colcon.colcon_core.event_handler.log_command:Invoked command in '/home/abhirup/slam_platform/slam_ws/src/ros_gz_bridge_manager' returned '0': DEBUGINFOD_URLS=https://debuginfod.ubuntu.com PYTHONPATH=/home/abhirup/slam_platform/build/ros_gz_bridge_manager/prefix_override:/usr/lib/python3/dist-packages/colcon_core/task/python/colcon_distutils_commands:/home/abhirup/slam_platform/install/ros_gz_bridge_manager/lib/python3.12/site-packages:${PYTHONPATH} /usr/bin/python3 -W ignore:setup.py install is deprecated -W ignore:easy_install command is deprecated setup.py egg_info --egg-base ../../../build/ros_gz_bridge_manager build --build-base /home/abhirup/slam_platform/build/ros_gz_bridge_manager/build install --record /home/abhirup/slam_platform/build/ros_gz_bridge_manager/install.log --single-version-externally-managed install_data
[1.521s] Level 1:colcon.colcon_core.environment:checking '/home/abhirup/slam_platform/install/ros_gz_bridge_manager/lib'
[1.521s] Level 1:colcon.colcon_core.environment:checking '/home/abhirup/slam_platform/install/ros_gz_bridge_manager/bin'
[1.521s] Level 1:colcon.colcon_core.environment:checking '/home/abhirup/slam_platform/install/ros_gz_bridge_manager/lib/pkgconfig/ros_gz_bridge_manager.pc'
[1.521s] Level 1:colcon.colcon_core.environment:checking '/home/abhirup/slam_platform/install/ros_gz_bridge_manager/lib/python3.12/site-packages'
[1.522s] Level 1:colcon.colcon_core.shell:create_environment_hook('ros_gz_bridge_manager', 'pythonpath')
[1.522s] INFO:colcon.colcon_core.shell:Creating environment hook '/home/abhirup/slam_platform/install/ros_gz_bridge_manager/share/ros_gz_bridge_manager/hook/pythonpath.ps1'
[1.522s] INFO:colcon.colcon_core.shell:Creating environment descriptor '/home/abhirup/slam_platform/install/ros_gz_bridge_manager/share/ros_gz_bridge_manager/hook/pythonpath.dsv'
[1.522s] INFO:colcon.colcon_core.shell:Creating environment hook '/home/abhirup/slam_platform/install/ros_gz_bridge_manager/share/ros_gz_bridge_manager/hook/pythonpath.sh'
[1.522s] Level 1:colcon.colcon_core.environment:checking '/home/abhirup/slam_platform/install/ros_gz_bridge_manager/bin'
[1.522s] Level 1:colcon.colcon_core.environment:create_environment_scripts_only(ros_gz_bridge_manager)
[1.522s] INFO:colcon.colcon_core.shell:Creating package script '/home/abhirup/slam_platform/install/ros_gz_bridge_manager/share/ros_gz_bridge_manager/package.ps1'
[1.523s] INFO:colcon.colcon_core.shell:Creating package descriptor '/home/abhirup/slam_platform/install/ros_gz_bridge_manager/share/ros_gz_bridge_manager/package.dsv'
[1.523s] INFO:colcon.colcon_core.shell:Creating package script '/home/abhirup/slam_platform/install/ros_gz_bridge_manager/share/ros_gz_bridge_manager/package.sh'
[1.523s] INFO:colcon.colcon_core.shell:Creating package script '/home/abhirup/slam_platform/install/ros_gz_bridge_manager/share/ros_gz_bridge_manager/package.bash'
[1.523s] INFO:colcon.colcon_core.shell:Creating package script '/home/abhirup/slam_platform/install/ros_gz_bridge_manager/share/ros_gz_bridge_manager/package.zsh'
[1.523s] Level 1:colcon.colcon_core.environment:create_file_with_runtime_dependencies(/home/abhirup/slam_platform/install/ros_gz_bridge_manager/share/colcon-core/packages/ros_gz_bridge_manager)
[1.523s] DEBUG:colcon.colcon_parallel_executor.executor.parallel:closing loop
[1.523s] DEBUG:colcon.colcon_parallel_executor.executor.parallel:loop closed
[1.523s] DEBUG:colcon.colcon_parallel_executor.executor.parallel:run_until_complete finished with '0'
[1.523s] DEBUG:colcon.colcon_core.event_reactor:joining thread
[1.528s] INFO:colcon.colcon_core.plugin_system:Skipping extension 'colcon_notification.desktop_notification.terminal_notifier': Not used on non-Darwin systems
[1.528s] INFO:colcon.colcon_core.plugin_system:Skipping extension 'colcon_notification.desktop_notification.win32': Not used on non-Windows systems
[1.528s] INFO:colcon.colcon_notification.desktop_notification:Sending desktop notification using 'notify2'
[1.535s] DEBUG:colcon.colcon_core.event_reactor:joined thread
[1.535s] INFO:colcon.colcon_core.shell:Creating prefix script '/home/abhirup/slam_platform/install/local_setup.ps1'
[1.535s] INFO:colcon.colcon_core.shell:Creating prefix util module '/home/abhirup/slam_platform/install/_local_setup_util_ps1.py'
[1.535s] INFO:colcon.colcon_core.shell:Creating prefix chain script '/home/abhirup/slam_platform/install/setup.ps1'
[1.536s] INFO:colcon.colcon_core.shell:Creating prefix script '/home/abhirup/slam_platform/install/local_setup.sh'
[1.536s] INFO:colcon.colcon_core.shell:Creating prefix util module '/home/abhirup/slam_platform/install/_local_setup_util_sh.py'
[1.536s] INFO:colcon.colcon_core.shell:Creating prefix chain script '/home/abhirup/slam_platform/install/setup.sh'
[1.536s] INFO:colcon.colcon_core.shell:Creating prefix script '/home/abhirup/slam_platform/install/local_setup.bash'
[1.537s] INFO:colcon.colcon_core.shell:Creating prefix chain script '/home/abhirup/slam_platform/install/setup.bash'
[1.537s] INFO:colcon.colcon_core.shell:Creating prefix script '/home/abhirup/slam_platform/install/local_setup.zsh'
[1.537s] INFO:colcon.colcon_core.shell:Creating prefix chain script '/home/abhirup/slam_platform/install/setup.zsh'
