[0.044s] DEBUG:colcon:Command line arguments: ['/usr/bin/colcon', 'build']
[0.044s] DEBUG:colcon:Parsed command line arguments: Namespace(log_base=None, log_level=None, verb_name='build', build_base='build', install_base='install', merge_install=False, symlink_install=False, test_result_base=None, continue_on_error=False, executor='parallel', parallel_workers=28, event_handlers=None, ignore_user_meta=False, metas=['./colcon.meta'], base_paths=['.'], packages_ignore=None, packages_ignore_regex=None, paths=None, packages_up_to=None, packages_up_to_regex=None, packages_above=None, packages_above_and_dependencies=None, packages_above_depth=None, packages_select_by_dep=None, packages_skip_by_dep=None, packages_skip_up_to=None, packages_select_build_failed=False, packages_skip_build_finished=False, packages_select_test_failures=False, packages_skip_test_passed=False, packages_select=None, packages_skip=None, packages_select_regex=None, packages_skip_regex=None, packages_start=None, packages_end=None, allow_overriding=[], cmake_args=None, cmake_target=None, cmake_target_skip_unavailable=False, cmake_clean_cache=False, cmake_clean_first=False, cmake_force_configure=False, ament_cmake_args=None, catkin_cmake_args=None, catkin_skip_building_tests=False, verb_parser=<colcon_defaults.argument_parser.defaults.DefaultArgumentsDecorator object at 0x7862d9642db0>, verb_extension=<colcon_core.verb.build.BuildVerb object at 0x7862d9767740>, main=<bound method BuildVerb.main of <colcon_core.verb.build.BuildVerb object at 0x7862d9767740>>)
[0.062s] Level 1:colcon.colcon_core.package_discovery:discover_packages(colcon_meta) check parameters
[0.062s] Level 1:colcon.colcon_core.package_discovery:discover_packages(recursive) check parameters
[0.062s] Level 1:colcon.colcon_core.package_discovery:discover_packages(ignore) check parameters
[0.062s] Level 1:colcon.colcon_core.package_discovery:discover_packages(path) check parameters
[0.062s] Level 1:colcon.colcon_core.package_discovery:discover_packages(colcon_meta) discover
[0.062s] Level 1:colcon.colcon_core.package_discovery:discover_packages(recursive) discover
[0.062s] INFO:colcon.colcon_core.package_discovery:Crawling recursively for packages in '/home/abhirup/slam_platform'
[0.062s] Level 1:colcon.colcon_core.package_identification:_identify(.) by extensions ['ignore', 'ignore_ament_install']
[0.062s] Level 1:colcon.colcon_core.package_identification:_identify(.) by extension 'ignore'
[0.062s] Level 1:colcon.colcon_core.package_identification:_identify(.) by extension 'ignore_ament_install'
[0.062s] Level 1:colcon.colcon_core.package_identification:_identify(.) by extensions ['colcon_pkg']
[0.062s] Level 1:colcon.colcon_core.package_identification:_identify(.) by extension 'colcon_pkg'
[0.062s] Level 1:colcon.colcon_core.package_identification:_identify(.) by extensions ['colcon_meta']
[0.062s] Level 1:colcon.colcon_core.package_identification:_identify(.) by extension 'colcon_meta'
[0.062s] Level 1:colcon.colcon_core.package_identification:_identify(.) by extensions ['ros']
[0.062s] Level 1:colcon.colcon_core.package_identification:_identify(.) by extension 'ros'
[0.075s] Level 1:colcon.colcon_core.package_identification:_identify(.) by extensions ['cmake', 'python']
[0.075s] Level 1:colcon.colcon_core.package_identification:_identify(.) by extension 'cmake'
[0.075s] Level 1:colcon.colcon_core.package_identification:_identify(.) by extension 'python'
[0.075s] Level 1:colcon.colcon_core.package_identification:_identify(.) by extensions ['python_setup_py']
[0.075s] Level 1:colcon.colcon_core.package_identification:_identify(.) by extension 'python_setup_py'
[0.075s] Level 1:colcon.colcon_core.package_identification:_identify(build) by extensions ['ignore', 'ignore_ament_install']
[0.075s] Level 1:colcon.colcon_core.package_identification:_identify(build) by extension 'ignore'
[0.075s] Level 1:colcon.colcon_core.package_identification:_identify(build) ignored
[0.075s] Level 1:colcon.colcon_core.package_identification:_identify(compose) by extensions ['ignore', 'ignore_ament_install']
[0.075s] Level 1:colcon.colcon_core.package_identification:_identify(compose) by extension 'ignore'
[0.075s] Level 1:colcon.colcon_core.package_identification:_identify(compose) by extension 'ignore_ament_install'
[0.075s] Level 1:colcon.colcon_core.package_identification:_identify(compose) by extensions ['colcon_pkg']
[0.075s] Level 1:colcon.colcon_core.package_identification:_identify(compose) by extension 'colcon_pkg'
[0.075s] Level 1:colcon.colcon_core.package_identification:_identify(compose) by extensions ['colcon_meta']
[0.075s] Level 1:colcon.colcon_core.package_identification:_identify(compose) by extension 'colcon_meta'
[0.075s] Level 1:colcon.colcon_core.package_identification:_identify(compose) by extensions ['ros']
[0.075s] Level 1:colcon.colcon_core.package_identification:_identify(compose) by extension 'ros'
[0.075s] Level 1:colcon.colcon_core.package_identification:_identify(compose) by extensions ['cmake', 'python']
[0.075s] Level 1:colcon.colcon_core.package_identification:_identify(compose) by extension 'cmake'
[0.075s] Level 1:colcon.colcon_core.package_identification:_identify(compose) by extension 'python'
[0.075s] Level 1:colcon.colcon_core.package_identification:_identify(compose) by extensions ['python_setup_py']
[0.075s] Level 1:colcon.colcon_core.package_identification:_identify(compose) by extension 'python_setup_py'
[0.075s] Level 1:colcon.colcon_core.package_identification:_identify(data) by extensions ['ignore', 'ignore_ament_install']
[0.075s] Level 1:colcon.colcon_core.package_identification:_identify(data) by extension 'ignore'
[0.075s] Level 1:colcon.colcon_core.package_identification:_identify(data) by extension 'ignore_ament_install'
[0.075s] Level 1:colcon.colcon_core.package_identification:_identify(data) by extensions ['colcon_pkg']
[0.075s] Level 1:colcon.colcon_core.package_identification:_identify(data) by extension 'colcon_pkg'
[0.075s] Level 1:colcon.colcon_core.package_identification:_identify(data) by extensions ['colcon_meta']
[0.075s] Level 1:colcon.colcon_core.package_identification:_identify(data) by extension 'colcon_meta'
[0.075s] Level 1:colcon.colcon_core.package_identification:_identify(data) by extensions ['ros']
[0.075s] Level 1:colcon.colcon_core.package_identification:_identify(data) by extension 'ros'
[0.075s] Level 1:colcon.colcon_core.package_identification:_identify(data) by extensions ['cmake', 'python']
[0.075s] Level 1:colcon.colcon_core.package_identification:_identify(data) by extension 'cmake'
[0.075s] Level 1:colcon.colcon_core.package_identification:_identify(data) by extension 'python'
[0.075s] Level 1:colcon.colcon_core.package_identification:_identify(data) by extensions ['python_setup_py']
[0.075s] Level 1:colcon.colcon_core.package_identification:_identify(data) by extension 'python_setup_py'
[0.075s] Level 1:colcon.colcon_core.package_identification:_identify(data/bags) by extensions ['ignore', 'ignore_ament_install']
[0.075s] Level 1:colcon.colcon_core.package_identification:_identify(data/bags) by extension 'ignore'
[0.075s] Level 1:colcon.colcon_core.package_identification:_identify(data/bags) by extension 'ignore_ament_install'
[0.075s] Level 1:colcon.colcon_core.package_identification:_identify(data/bags) by extensions ['colcon_pkg']
[0.075s] Level 1:colcon.colcon_core.package_identification:_identify(data/bags) by extension 'colcon_pkg'
[0.075s] Level 1:colcon.colcon_core.package_identification:_identify(data/bags) by extensions ['colcon_meta']
[0.076s] Level 1:colcon.colcon_core.package_identification:_identify(data/bags) by extension 'colcon_meta'
[0.076s] Level 1:colcon.colcon_core.package_identification:_identify(data/bags) by extensions ['ros']
[0.076s] Level 1:colcon.colcon_core.package_identification:_identify(data/bags) by extension 'ros'
[0.076s] Level 1:colcon.colcon_core.package_identification:_identify(data/bags) by extensions ['cmake', 'python']
[0.076s] Level 1:colcon.colcon_core.package_identification:_identify(data/bags) by extension 'cmake'
[0.076s] Level 1:colcon.colcon_core.package_identification:_identify(data/bags) by extension 'python'
[0.076s] Level 1:colcon.colcon_core.package_identification:_identify(data/bags) by extensions ['python_setup_py']
[0.076s] Level 1:colcon.colcon_core.package_identification:_identify(data/bags) by extension 'python_setup_py'
[0.076s] Level 1:colcon.colcon_core.package_identification:_identify(data/csv) by extensions ['ignore', 'ignore_ament_install']
[0.076s] Level 1:colcon.colcon_core.package_identification:_identify(data/csv) by extension 'ignore'
[0.076s] Level 1:colcon.colcon_core.package_identification:_identify(data/csv) by extension 'ignore_ament_install'
[0.076s] Level 1:colcon.colcon_core.package_identification:_identify(data/csv) by extensions ['colcon_pkg']
[0.076s] Level 1:colcon.colcon_core.package_identification:_identify(data/csv) by extension 'colcon_pkg'
[0.076s] Level 1:colcon.colcon_core.package_identification:_identify(data/csv) by extensions ['colcon_meta']
[0.076s] Level 1:colcon.colcon_core.package_identification:_identify(data/csv) by extension 'colcon_meta'
[0.076s] Level 1:colcon.colcon_core.package_identification:_identify(data/csv) by extensions ['ros']
[0.076s] Level 1:colcon.colcon_core.package_identification:_identify(data/csv) by extension 'ros'
[0.076s] Level 1:colcon.colcon_core.package_identification:_identify(data/csv) by extensions ['cmake', 'python']
[0.076s] Level 1:colcon.colcon_core.package_identification:_identify(data/csv) by extension 'cmake'
[0.076s] Level 1:colcon.colcon_core.package_identification:_identify(data/csv) by extension 'python'
[0.076s] Level 1:colcon.colcon_core.package_identification:_identify(data/csv) by extensions ['python_setup_py']
[0.076s] Level 1:colcon.colcon_core.package_identification:_identify(data/csv) by extension 'python_setup_py'
[0.076s] Level 1:colcon.colcon_core.package_identification:_identify(data/json) by extensions ['ignore', 'ignore_ament_install']
[0.076s] Level 1:colcon.colcon_core.package_identification:_identify(data/json) by extension 'ignore'
[0.076s] Level 1:colcon.colcon_core.package_identification:_identify(data/json) by extension 'ignore_ament_install'
[0.076s] Level 1:colcon.colcon_core.package_identification:_identify(data/json) by extensions ['colcon_pkg']
[0.076s] Level 1:colcon.colcon_core.package_identification:_identify(data/json) by extension 'colcon_pkg'
[0.076s] Level 1:colcon.colcon_core.package_identification:_identify(data/json) by extensions ['colcon_meta']
[0.076s] Level 1:colcon.colcon_core.package_identification:_identify(data/json) by extension 'colcon_meta'
[0.076s] Level 1:colcon.colcon_core.package_identification:_identify(data/json) by extensions ['ros']
[0.076s] Level 1:colcon.colcon_core.package_identification:_identify(data/json) by extension 'ros'
[0.076s] Level 1:colcon.colcon_core.package_identification:_identify(data/json) by extensions ['cmake', 'python']
[0.076s] Level 1:colcon.colcon_core.package_identification:_identify(data/json) by extension 'cmake'
[0.076s] Level 1:colcon.colcon_core.package_identification:_identify(data/json) by extension 'python'
[0.076s] Level 1:colcon.colcon_core.package_identification:_identify(data/json) by extensions ['python_setup_py']
[0.076s] Level 1:colcon.colcon_core.package_identification:_identify(data/json) by extension 'python_setup_py'
[0.076s] Level 1:colcon.colcon_core.package_identification:_identify(data/plots) by extensions ['ignore', 'ignore_ament_install']
[0.076s] Level 1:colcon.colcon_core.package_identification:_identify(data/plots) by extension 'ignore'
[0.076s] Level 1:colcon.colcon_core.package_identification:_identify(data/plots) by extension 'ignore_ament_install'
[0.076s] Level 1:colcon.colcon_core.package_identification:_identify(data/plots) by extensions ['colcon_pkg']
[0.076s] Level 1:colcon.colcon_core.package_identification:_identify(data/plots) by extension 'colcon_pkg'
[0.076s] Level 1:colcon.colcon_core.package_identification:_identify(data/plots) by extensions ['colcon_meta']
[0.076s] Level 1:colcon.colcon_core.package_identification:_identify(data/plots) by extension 'colcon_meta'
[0.076s] Level 1:colcon.colcon_core.package_identification:_identify(data/plots) by extensions ['ros']
[0.076s] Level 1:colcon.colcon_core.package_identification:_identify(data/plots) by extension 'ros'
[0.076s] Level 1:colcon.colcon_core.package_identification:_identify(data/plots) by extensions ['cmake', 'python']
[0.076s] Level 1:colcon.colcon_core.package_identification:_identify(data/plots) by extension 'cmake'
[0.076s] Level 1:colcon.colcon_core.package_identification:_identify(data/plots) by extension 'python'
[0.076s] Level 1:colcon.colcon_core.package_identification:_identify(data/plots) by extensions ['python_setup_py']
[0.076s] Level 1:colcon.colcon_core.package_identification:_identify(data/plots) by extension 'python_setup_py'
[0.076s] Level 1:colcon.colcon_core.package_identification:_identify(data/reports) by extensions ['ignore', 'ignore_ament_install']
[0.076s] Level 1:colcon.colcon_core.package_identification:_identify(data/reports) by extension 'ignore'
[0.076s] Level 1:colcon.colcon_core.package_identification:_identify(data/reports) by extension 'ignore_ament_install'
[0.076s] Level 1:colcon.colcon_core.package_identification:_identify(data/reports) by extensions ['colcon_pkg']
[0.077s] Level 1:colcon.colcon_core.package_identification:_identify(data/reports) by extension 'colcon_pkg'
[0.077s] Level 1:colcon.colcon_core.package_identification:_identify(data/reports) by extensions ['colcon_meta']
[0.077s] Level 1:colcon.colcon_core.package_identification:_identify(data/reports) by extension 'colcon_meta'
[0.077s] Level 1:colcon.colcon_core.package_identification:_identify(data/reports) by extensions ['ros']
[0.077s] Level 1:colcon.colcon_core.package_identification:_identify(data/reports) by extension 'ros'
[0.077s] Level 1:colcon.colcon_core.package_identification:_identify(data/reports) by extensions ['cmake', 'python']
[0.077s] Level 1:colcon.colcon_core.package_identification:_identify(data/reports) by extension 'cmake'
[0.077s] Level 1:colcon.colcon_core.package_identification:_identify(data/reports) by extension 'python'
[0.077s] Level 1:colcon.colcon_core.package_identification:_identify(data/reports) by extensions ['python_setup_py']
[0.077s] Level 1:colcon.colcon_core.package_identification:_identify(data/reports) by extension 'python_setup_py'
[0.077s] Level 1:colcon.colcon_core.package_identification:_identify(docker) by extensions ['ignore', 'ignore_ament_install']
[0.077s] Level 1:colcon.colcon_core.package_identification:_identify(docker) by extension 'ignore'
[0.077s] Level 1:colcon.colcon_core.package_identification:_identify(docker) by extension 'ignore_ament_install'
[0.077s] Level 1:colcon.colcon_core.package_identification:_identify(docker) by extensions ['colcon_pkg']
[0.077s] Level 1:colcon.colcon_core.package_identification:_identify(docker) by extension 'colcon_pkg'
[0.077s] Level 1:colcon.colcon_core.package_identification:_identify(docker) by extensions ['colcon_meta']
[0.077s] Level 1:colcon.colcon_core.package_identification:_identify(docker) by extension 'colcon_meta'
[0.077s] Level 1:colcon.colcon_core.package_identification:_identify(docker) by extensions ['ros']
[0.077s] Level 1:colcon.colcon_core.package_identification:_identify(docker) by extension 'ros'
[0.077s] Level 1:colcon.colcon_core.package_identification:_identify(docker) by extensions ['cmake', 'python']
[0.077s] Level 1:colcon.colcon_core.package_identification:_identify(docker) by extension 'cmake'
[0.077s] Level 1:colcon.colcon_core.package_identification:_identify(docker) by extension 'python'
[0.077s] Level 1:colcon.colcon_core.package_identification:_identify(docker) by extensions ['python_setup_py']
[0.077s] Level 1:colcon.colcon_core.package_identification:_identify(docker) by extension 'python_setup_py'
[0.077s] Level 1:colcon.colcon_core.package_identification:_identify(docker/base) by extensions ['ignore', 'ignore_ament_install']
[0.077s] Level 1:colcon.colcon_core.package_identification:_identify(docker/base) by extension 'ignore'
[0.077s] Level 1:colcon.colcon_core.package_identification:_identify(docker/base) by extension 'ignore_ament_install'
[0.077s] Level 1:colcon.colcon_core.package_identification:_identify(docker/base) by extensions ['colcon_pkg']
[0.077s] Level 1:colcon.colcon_core.package_identification:_identify(docker/base) by extension 'colcon_pkg'
[0.077s] Level 1:colcon.colcon_core.package_identification:_identify(docker/base) by extensions ['colcon_meta']
[0.077s] Level 1:colcon.colcon_core.package_identification:_identify(docker/base) by extension 'colcon_meta'
[0.077s] Level 1:colcon.colcon_core.package_identification:_identify(docker/base) by extensions ['ros']
[0.077s] Level 1:colcon.colcon_core.package_identification:_identify(docker/base) by extension 'ros'
[0.077s] Level 1:colcon.colcon_core.package_identification:_identify(docker/base) by extensions ['cmake', 'python']
[0.077s] Level 1:colcon.colcon_core.package_identification:_identify(docker/base) by extension 'cmake'
[0.077s] Level 1:colcon.colcon_core.package_identification:_identify(docker/base) by extension 'python'
[0.077s] Level 1:colcon.colcon_core.package_identification:_identify(docker/base) by extensions ['python_setup_py']
[0.077s] Level 1:colcon.colcon_core.package_identification:_identify(docker/base) by extension 'python_setup_py'
[0.077s] Level 1:colcon.colcon_core.package_identification:_identify(docker/evaluator) by extensions ['ignore', 'ignore_ament_install']
[0.077s] Level 1:colcon.colcon_core.package_identification:_identify(docker/evaluator) by extension 'ignore'
[0.077s] Level 1:colcon.colcon_core.package_identification:_identify(docker/evaluator) by extension 'ignore_ament_install'
[0.077s] Level 1:colcon.colcon_core.package_identification:_identify(docker/evaluator) by extensions ['colcon_pkg']
[0.077s] Level 1:colcon.colcon_core.package_identification:_identify(docker/evaluator) by extension 'colcon_pkg'
[0.077s] Level 1:colcon.colcon_core.package_identification:_identify(docker/evaluator) by extensions ['colcon_meta']
[0.077s] Level 1:colcon.colcon_core.package_identification:_identify(docker/evaluator) by extension 'colcon_meta'
[0.077s] Level 1:colcon.colcon_core.package_identification:_identify(docker/evaluator) by extensions ['ros']
[0.077s] Level 1:colcon.colcon_core.package_identification:_identify(docker/evaluator) by extension 'ros'
[0.077s] Level 1:colcon.colcon_core.package_identification:_identify(docker/evaluator) by extensions ['cmake', 'python']
[0.077s] Level 1:colcon.colcon_core.package_identification:_identify(docker/evaluator) by extension 'cmake'
[0.077s] Level 1:colcon.colcon_core.package_identification:_identify(docker/evaluator) by extension 'python'
[0.077s] Level 1:colcon.colcon_core.package_identification:_identify(docker/evaluator) by extensions ['python_setup_py']
[0.077s] Level 1:colcon.colcon_core.package_identification:_identify(docker/evaluator) by extension 'python_setup_py'
[0.077s] Level 1:colcon.colcon_core.package_identification:_identify(docker/gazebo) by extensions ['ignore', 'ignore_ament_install']
[0.077s] Level 1:colcon.colcon_core.package_identification:_identify(docker/gazebo) by extension 'ignore'
[0.077s] Level 1:colcon.colcon_core.package_identification:_identify(docker/gazebo) by extension 'ignore_ament_install'
[0.078s] Level 1:colcon.colcon_core.package_identification:_identify(docker/gazebo) by extensions ['colcon_pkg']
[0.078s] Level 1:colcon.colcon_core.package_identification:_identify(docker/gazebo) by extension 'colcon_pkg'
[0.078s] Level 1:colcon.colcon_core.package_identification:_identify(docker/gazebo) by extensions ['colcon_meta']
[0.078s] Level 1:colcon.colcon_core.package_identification:_identify(docker/gazebo) by extension 'colcon_meta'
[0.078s] Level 1:colcon.colcon_core.package_identification:_identify(docker/gazebo) by extensions ['ros']
[0.078s] Level 1:colcon.colcon_core.package_identification:_identify(docker/gazebo) by extension 'ros'
[0.078s] Level 1:colcon.colcon_core.package_identification:_identify(docker/gazebo) by extensions ['cmake', 'python']
[0.078s] Level 1:colcon.colcon_core.package_identification:_identify(docker/gazebo) by extension 'cmake'
[0.078s] Level 1:colcon.colcon_core.package_identification:_identify(docker/gazebo) by extension 'python'
[0.078s] Level 1:colcon.colcon_core.package_identification:_identify(docker/gazebo) by extensions ['python_setup_py']
[0.078s] Level 1:colcon.colcon_core.package_identification:_identify(docker/gazebo) by extension 'python_setup_py'
[0.078s] Level 1:colcon.colcon_core.package_identification:_identify(docker/orchestrator) by extensions ['ignore', 'ignore_ament_install']
[0.078s] Level 1:colcon.colcon_core.package_identification:_identify(docker/orchestrator) by extension 'ignore'
[0.078s] Level 1:colcon.colcon_core.package_identification:_identify(docker/orchestrator) by extension 'ignore_ament_install'
[0.078s] Level 1:colcon.colcon_core.package_identification:_identify(docker/orchestrator) by extensions ['colcon_pkg']
[0.078s] Level 1:colcon.colcon_core.package_identification:_identify(docker/orchestrator) by extension 'colcon_pkg'
[0.078s] Level 1:colcon.colcon_core.package_identification:_identify(docker/orchestrator) by extensions ['colcon_meta']
[0.078s] Level 1:colcon.colcon_core.package_identification:_identify(docker/orchestrator) by extension 'colcon_meta'
[0.078s] Level 1:colcon.colcon_core.package_identification:_identify(docker/orchestrator) by extensions ['ros']
[0.078s] Level 1:colcon.colcon_core.package_identification:_identify(docker/orchestrator) by extension 'ros'
[0.078s] Level 1:colcon.colcon_core.package_identification:_identify(docker/orchestrator) by extensions ['cmake', 'python']
[0.078s] Level 1:colcon.colcon_core.package_identification:_identify(docker/orchestrator) by extension 'cmake'
[0.078s] Level 1:colcon.colcon_core.package_identification:_identify(docker/orchestrator) by extension 'python'
[0.078s] Level 1:colcon.colcon_core.package_identification:_identify(docker/orchestrator) by extensions ['python_setup_py']
[0.078s] Level 1:colcon.colcon_core.package_identification:_identify(docker/orchestrator) by extension 'python_setup_py'
[0.078s] Level 1:colcon.colcon_core.package_identification:_identify(docker/plugins) by extensions ['ignore', 'ignore_ament_install']
[0.078s] Level 1:colcon.colcon_core.package_identification:_identify(docker/plugins) by extension 'ignore'
[0.078s] Level 1:colcon.colcon_core.package_identification:_identify(docker/plugins) by extension 'ignore_ament_install'
[0.078s] Level 1:colcon.colcon_core.package_identification:_identify(docker/plugins) by extensions ['colcon_pkg']
[0.078s] Level 1:colcon.colcon_core.package_identification:_identify(docker/plugins) by extension 'colcon_pkg'
[0.078s] Level 1:colcon.colcon_core.package_identification:_identify(docker/plugins) by extensions ['colcon_meta']
[0.078s] Level 1:colcon.colcon_core.package_identification:_identify(docker/plugins) by extension 'colcon_meta'
[0.078s] Level 1:colcon.colcon_core.package_identification:_identify(docker/plugins) by extensions ['ros']
[0.078s] Level 1:colcon.colcon_core.package_identification:_identify(docker/plugins) by extension 'ros'
[0.078s] Level 1:colcon.colcon_core.package_identification:_identify(docker/plugins) by extensions ['cmake', 'python']
[0.078s] Level 1:colcon.colcon_core.package_identification:_identify(docker/plugins) by extension 'cmake'
[0.078s] Level 1:colcon.colcon_core.package_identification:_identify(docker/plugins) by extension 'python'
[0.078s] Level 1:colcon.colcon_core.package_identification:_identify(docker/plugins) by extensions ['python_setup_py']
[0.078s] Level 1:colcon.colcon_core.package_identification:_identify(docker/plugins) by extension 'python_setup_py'
[0.078s] Level 1:colcon.colcon_core.package_identification:_identify(docker/visualization) by extensions ['ignore', 'ignore_ament_install']
[0.078s] Level 1:colcon.colcon_core.package_identification:_identify(docker/visualization) by extension 'ignore'
[0.078s] Level 1:colcon.colcon_core.package_identification:_identify(docker/visualization) by extension 'ignore_ament_install'
[0.078s] Level 1:colcon.colcon_core.package_identification:_identify(docker/visualization) by extensions ['colcon_pkg']
[0.078s] Level 1:colcon.colcon_core.package_identification:_identify(docker/visualization) by extension 'colcon_pkg'
[0.078s] Level 1:colcon.colcon_core.package_identification:_identify(docker/visualization) by extensions ['colcon_meta']
[0.078s] Level 1:colcon.colcon_core.package_identification:_identify(docker/visualization) by extension 'colcon_meta'
[0.078s] Level 1:colcon.colcon_core.package_identification:_identify(docker/visualization) by extensions ['ros']
[0.078s] Level 1:colcon.colcon_core.package_identification:_identify(docker/visualization) by extension 'ros'
[0.078s] Level 1:colcon.colcon_core.package_identification:_identify(docker/visualization) by extensions ['cmake', 'python']
[0.078s] Level 1:colcon.colcon_core.package_identification:_identify(docker/visualization) by extension 'cmake'
[0.078s] Level 1:colcon.colcon_core.package_identification:_identify(docker/visualization) by extension 'python'
[0.078s] Level 1:colcon.colcon_core.package_identification:_identify(docker/visualization) by extensions ['python_setup_py']
[0.078s] Level 1:colcon.colcon_core.package_identification:_identify(docker/visualization) by extension 'python_setup_py'
[0.078s] Level 1:colcon.colcon_core.package_identification:_identify(docs) by extensions ['ignore', 'ignore_ament_install']
[0.078s] Level 1:colcon.colcon_core.package_identification:_identify(docs) by extension 'ignore'
[0.078s] Level 1:colcon.colcon_core.package_identification:_identify(docs) by extension 'ignore_ament_install'
[0.078s] Level 1:colcon.colcon_core.package_identification:_identify(docs) by extensions ['colcon_pkg']
[0.078s] Level 1:colcon.colcon_core.package_identification:_identify(docs) by extension 'colcon_pkg'
[0.079s] Level 1:colcon.colcon_core.package_identification:_identify(docs) by extensions ['colcon_meta']
[0.079s] Level 1:colcon.colcon_core.package_identification:_identify(docs) by extension 'colcon_meta'
[0.079s] Level 1:colcon.colcon_core.package_identification:_identify(docs) by extensions ['ros']
[0.079s] Level 1:colcon.colcon_core.package_identification:_identify(docs) by extension 'ros'
[0.079s] Level 1:colcon.colcon_core.package_identification:_identify(docs) by extensions ['cmake', 'python']
[0.079s] Level 1:colcon.colcon_core.package_identification:_identify(docs) by extension 'cmake'
[0.079s] Level 1:colcon.colcon_core.package_identification:_identify(docs) by extension 'python'
[0.079s] Level 1:colcon.colcon_core.package_identification:_identify(docs) by extensions ['python_setup_py']
[0.079s] Level 1:colcon.colcon_core.package_identification:_identify(docs) by extension 'python_setup_py'
[0.079s] Level 1:colcon.colcon_core.package_identification:_identify(install) by extensions ['ignore', 'ignore_ament_install']
[0.079s] Level 1:colcon.colcon_core.package_identification:_identify(install) by extension 'ignore'
[0.079s] Level 1:colcon.colcon_core.package_identification:_identify(install) ignored
[0.079s] Level 1:colcon.colcon_core.package_identification:_identify(log) by extensions ['ignore', 'ignore_ament_install']
[0.079s] Level 1:colcon.colcon_core.package_identification:_identify(log) by extension 'ignore'
[0.079s] Level 1:colcon.colcon_core.package_identification:_identify(log) ignored
[0.079s] Level 1:colcon.colcon_core.package_identification:_identify(plugins) by extensions ['ignore', 'ignore_ament_install']
[0.079s] Level 1:colcon.colcon_core.package_identification:_identify(plugins) by extension 'ignore'
[0.079s] Level 1:colcon.colcon_core.package_identification:_identify(plugins) by extension 'ignore_ament_install'
[0.079s] Level 1:colcon.colcon_core.package_identification:_identify(plugins) by extensions ['colcon_pkg']
[0.079s] Level 1:colcon.colcon_core.package_identification:_identify(plugins) by extension 'colcon_pkg'
[0.079s] Level 1:colcon.colcon_core.package_identification:_identify(plugins) by extensions ['colcon_meta']
[0.079s] Level 1:colcon.colcon_core.package_identification:_identify(plugins) by extension 'colcon_meta'
[0.079s] Level 1:colcon.colcon_core.package_identification:_identify(plugins) by extensions ['ros']
[0.079s] Level 1:colcon.colcon_core.package_identification:_identify(plugins) by extension 'ros'
[0.079s] Level 1:colcon.colcon_core.package_identification:_identify(plugins) by extensions ['cmake', 'python']
[0.079s] Level 1:colcon.colcon_core.package_identification:_identify(plugins) by extension 'cmake'
[0.079s] Level 1:colcon.colcon_core.package_identification:_identify(plugins) by extension 'python'
[0.079s] Level 1:colcon.colcon_core.package_identification:_identify(plugins) by extensions ['python_setup_py']
[0.079s] Level 1:colcon.colcon_core.package_identification:_identify(plugins) by extension 'python_setup_py'
[0.079s] Level 1:colcon.colcon_core.package_identification:_identify(plugins/cnn-slam) by extensions ['ignore', 'ignore_ament_install']
[0.079s] Level 1:colcon.colcon_core.package_identification:_identify(plugins/cnn-slam) by extension 'ignore'
[0.079s] Level 1:colcon.colcon_core.package_identification:_identify(plugins/cnn-slam) by extension 'ignore_ament_install'
[0.079s] Level 1:colcon.colcon_core.package_identification:_identify(plugins/cnn-slam) by extensions ['colcon_pkg']
[0.079s] Level 1:colcon.colcon_core.package_identification:_identify(plugins/cnn-slam) by extension 'colcon_pkg'
[0.079s] Level 1:colcon.colcon_core.package_identification:_identify(plugins/cnn-slam) by extensions ['colcon_meta']
[0.079s] Level 1:colcon.colcon_core.package_identification:_identify(plugins/cnn-slam) by extension 'colcon_meta'
[0.079s] Level 1:colcon.colcon_core.package_identification:_identify(plugins/cnn-slam) by extensions ['ros']
[0.079s] Level 1:colcon.colcon_core.package_identification:_identify(plugins/cnn-slam) by extension 'ros'
[0.079s] Level 1:colcon.colcon_core.package_identification:_identify(plugins/cnn-slam) by extensions ['cmake', 'python']
[0.079s] Level 1:colcon.colcon_core.package_identification:_identify(plugins/cnn-slam) by extension 'cmake'
[0.079s] Level 1:colcon.colcon_core.package_identification:_identify(plugins/cnn-slam) by extension 'python'
[0.079s] Level 1:colcon.colcon_core.package_identification:_identify(plugins/cnn-slam) by extensions ['python_setup_py']
[0.079s] Level 1:colcon.colcon_core.package_identification:_identify(plugins/cnn-slam) by extension 'python_setup_py'
[0.079s] Level 1:colcon.colcon_core.package_identification:_identify(plugins/orb-slam3) by extensions ['ignore', 'ignore_ament_install']
[0.079s] Level 1:colcon.colcon_core.package_identification:_identify(plugins/orb-slam3) by extension 'ignore'
[0.079s] Level 1:colcon.colcon_core.package_identification:_identify(plugins/orb-slam3) by extension 'ignore_ament_install'
[0.079s] Level 1:colcon.colcon_core.package_identification:_identify(plugins/orb-slam3) by extensions ['colcon_pkg']
[0.079s] Level 1:colcon.colcon_core.package_identification:_identify(plugins/orb-slam3) by extension 'colcon_pkg'
[0.079s] Level 1:colcon.colcon_core.package_identification:_identify(plugins/orb-slam3) by extensions ['colcon_meta']
[0.079s] Level 1:colcon.colcon_core.package_identification:_identify(plugins/orb-slam3) by extension 'colcon_meta'
[0.079s] Level 1:colcon.colcon_core.package_identification:_identify(plugins/orb-slam3) by extensions ['ros']
[0.079s] Level 1:colcon.colcon_core.package_identification:_identify(plugins/orb-slam3) by extension 'ros'
[0.079s] Level 1:colcon.colcon_core.package_identification:_identify(plugins/orb-slam3) by extensions ['cmake', 'python']
[0.080s] Level 1:colcon.colcon_core.package_identification:_identify(plugins/orb-slam3) by extension 'cmake'
[0.080s] Level 1:colcon.colcon_core.package_identification:_identify(plugins/orb-slam3) by extension 'python'
[0.080s] Level 1:colcon.colcon_core.package_identification:_identify(plugins/orb-slam3) by extensions ['python_setup_py']
[0.080s] Level 1:colcon.colcon_core.package_identification:_identify(plugins/orb-slam3) by extension 'python_setup_py'
[0.080s] Level 1:colcon.colcon_core.package_identification:_identify(plugins/rl-slam) by extensions ['ignore', 'ignore_ament_install']
[0.080s] Level 1:colcon.colcon_core.package_identification:_identify(plugins/rl-slam) by extension 'ignore'
[0.080s] Level 1:colcon.colcon_core.package_identification:_identify(plugins/rl-slam) by extension 'ignore_ament_install'
[0.080s] Level 1:colcon.colcon_core.package_identification:_identify(plugins/rl-slam) by extensions ['colcon_pkg']
[0.080s] Level 1:colcon.colcon_core.package_identification:_identify(plugins/rl-slam) by extension 'colcon_pkg'
[0.080s] Level 1:colcon.colcon_core.package_identification:_identify(plugins/rl-slam) by extensions ['colcon_meta']
[0.080s] Level 1:colcon.colcon_core.package_identification:_identify(plugins/rl-slam) by extension 'colcon_meta'
[0.080s] Level 1:colcon.colcon_core.package_identification:_identify(plugins/rl-slam) by extensions ['ros']
[0.080s] Level 1:colcon.colcon_core.package_identification:_identify(plugins/rl-slam) by extension 'ros'
[0.080s] Level 1:colcon.colcon_core.package_identification:_identify(plugins/rl-slam) by extensions ['cmake', 'python']
[0.080s] Level 1:colcon.colcon_core.package_identification:_identify(plugins/rl-slam) by extension 'cmake'
[0.080s] Level 1:colcon.colcon_core.package_identification:_identify(plugins/rl-slam) by extension 'python'
[0.080s] Level 1:colcon.colcon_core.package_identification:_identify(plugins/rl-slam) by extensions ['python_setup_py']
[0.080s] Level 1:colcon.colcon_core.package_identification:_identify(plugins/rl-slam) by extension 'python_setup_py'
[0.080s] Level 1:colcon.colcon_core.package_identification:_identify(slam_ws) by extensions ['ignore', 'ignore_ament_install']
[0.080s] Level 1:colcon.colcon_core.package_identification:_identify(slam_ws) by extension 'ignore'
[0.080s] Level 1:colcon.colcon_core.package_identification:_identify(slam_ws) by extension 'ignore_ament_install'
[0.080s] Level 1:colcon.colcon_core.package_identification:_identify(slam_ws) by extensions ['colcon_pkg']
[0.080s] Level 1:colcon.colcon_core.package_identification:_identify(slam_ws) by extension 'colcon_pkg'
[0.080s] Level 1:colcon.colcon_core.package_identification:_identify(slam_ws) by extensions ['colcon_meta']
[0.080s] Level 1:colcon.colcon_core.package_identification:_identify(slam_ws) by extension 'colcon_meta'
[0.080s] Level 1:colcon.colcon_core.package_identification:_identify(slam_ws) by extensions ['ros']
[0.080s] Level 1:colcon.colcon_core.package_identification:_identify(slam_ws) by extension 'ros'
[0.080s] Level 1:colcon.colcon_core.package_identification:_identify(slam_ws) by extensions ['cmake', 'python']
[0.080s] Level 1:colcon.colcon_core.package_identification:_identify(slam_ws) by extension 'cmake'
[0.080s] Level 1:colcon.colcon_core.package_identification:_identify(slam_ws) by extension 'python'
[0.080s] Level 1:colcon.colcon_core.package_identification:_identify(slam_ws) by extensions ['python_setup_py']
[0.080s] Level 1:colcon.colcon_core.package_identification:_identify(slam_ws) by extension 'python_setup_py'
[0.080s] Level 1:colcon.colcon_core.package_identification:_identify(slam_ws/build) by extensions ['ignore', 'ignore_ament_install']
[0.080s] Level 1:colcon.colcon_core.package_identification:_identify(slam_ws/build) by extension 'ignore'
[0.080s] Level 1:colcon.colcon_core.package_identification:_identify(slam_ws/build) ignored
[0.080s] Level 1:colcon.colcon_core.package_identification:_identify(slam_ws/install) by extensions ['ignore', 'ignore_ament_install']
[0.080s] Level 1:colcon.colcon_core.package_identification:_identify(slam_ws/install) by extension 'ignore'
[0.080s] Level 1:colcon.colcon_core.package_identification:_identify(slam_ws/install) ignored
[0.080s] Level 1:colcon.colcon_core.package_identification:_identify(slam_ws/log) by extensions ['ignore', 'ignore_ament_install']
[0.080s] Level 1:colcon.colcon_core.package_identification:_identify(slam_ws/log) by extension 'ignore'
[0.080s] Level 1:colcon.colcon_core.package_identification:_identify(slam_ws/log) ignored
[0.080s] Level 1:colcon.colcon_core.package_identification:_identify(slam_ws/robots) by extensions ['ignore', 'ignore_ament_install']
[0.080s] Level 1:colcon.colcon_core.package_identification:_identify(slam_ws/robots) by extension 'ignore'
[0.080s] Level 1:colcon.colcon_core.package_identification:_identify(slam_ws/robots) by extension 'ignore_ament_install'
[0.080s] Level 1:colcon.colcon_core.package_identification:_identify(slam_ws/robots) by extensions ['colcon_pkg']
[0.080s] Level 1:colcon.colcon_core.package_identification:_identify(slam_ws/robots) by extension 'colcon_pkg'
[0.080s] Level 1:colcon.colcon_core.package_identification:_identify(slam_ws/robots) by extensions ['colcon_meta']
[0.080s] Level 1:colcon.colcon_core.package_identification:_identify(slam_ws/robots) by extension 'colcon_meta'
[0.080s] Level 1:colcon.colcon_core.package_identification:_identify(slam_ws/robots) by extensions ['ros']
[0.080s] Level 1:colcon.colcon_core.package_identification:_identify(slam_ws/robots) by extension 'ros'
[0.080s] Level 1:colcon.colcon_core.package_identification:_identify(slam_ws/robots) by extensions ['cmake', 'python']
[0.080s] Level 1:colcon.colcon_core.package_identification:_identify(slam_ws/robots) by extension 'cmake'
[0.081s] Level 1:colcon.colcon_core.package_identification:_identify(slam_ws/robots) by extension 'python'
[0.081s] Level 1:colcon.colcon_core.package_identification:_identify(slam_ws/robots) by extensions ['python_setup_py']
[0.081s] Level 1:colcon.colcon_core.package_identification:_identify(slam_ws/robots) by extension 'python_setup_py'
[0.081s] Level 1:colcon.colcon_core.package_identification:_identify(slam_ws/robots/ackerman_robot) by extensions ['ignore', 'ignore_ament_install']
[0.081s] Level 1:colcon.colcon_core.package_identification:_identify(slam_ws/robots/ackerman_robot) by extension 'ignore'
[0.081s] Level 1:colcon.colcon_core.package_identification:_identify(slam_ws/robots/ackerman_robot) by extension 'ignore_ament_install'
[0.081s] Level 1:colcon.colcon_core.package_identification:_identify(slam_ws/robots/ackerman_robot) by extensions ['colcon_pkg']
[0.081s] Level 1:colcon.colcon_core.package_identification:_identify(slam_ws/robots/ackerman_robot) by extension 'colcon_pkg'
[0.081s] Level 1:colcon.colcon_core.package_identification:_identify(slam_ws/robots/ackerman_robot) by extensions ['colcon_meta']
[0.081s] Level 1:colcon.colcon_core.package_identification:_identify(slam_ws/robots/ackerman_robot) by extension 'colcon_meta'
[0.081s] Level 1:colcon.colcon_core.package_identification:_identify(slam_ws/robots/ackerman_robot) by extensions ['ros']
[0.081s] Level 1:colcon.colcon_core.package_identification:_identify(slam_ws/robots/ackerman_robot) by extension 'ros'
[0.081s] Level 1:colcon.colcon_core.package_identification:_identify(slam_ws/robots/ackerman_robot) by extensions ['cmake', 'python']
[0.081s] Level 1:colcon.colcon_core.package_identification:_identify(slam_ws/robots/ackerman_robot) by extension 'cmake'
[0.081s] Level 1:colcon.colcon_core.package_identification:_identify(slam_ws/robots/ackerman_robot) by extension 'python'
[0.081s] Level 1:colcon.colcon_core.package_identification:_identify(slam_ws/robots/ackerman_robot) by extensions ['python_setup_py']
[0.081s] Level 1:colcon.colcon_core.package_identification:_identify(slam_ws/robots/ackerman_robot) by extension 'python_setup_py'
[0.081s] Level 1:colcon.colcon_core.package_identification:_identify(slam_ws/robots/differential_robot) by extensions ['ignore', 'ignore_ament_install']
[0.081s] Level 1:colcon.colcon_core.package_identification:_identify(slam_ws/robots/differential_robot) by extension 'ignore'
[0.081s] Level 1:colcon.colcon_core.package_identification:_identify(slam_ws/robots/differential_robot) by extension 'ignore_ament_install'
[0.081s] Level 1:colcon.colcon_core.package_identification:_identify(slam_ws/robots/differential_robot) by extensions ['colcon_pkg']
[0.081s] Level 1:colcon.colcon_core.package_identification:_identify(slam_ws/robots/differential_robot) by extension 'colcon_pkg'
[0.081s] Level 1:colcon.colcon_core.package_identification:_identify(slam_ws/robots/differential_robot) by extensions ['colcon_meta']
[0.081s] Level 1:colcon.colcon_core.package_identification:_identify(slam_ws/robots/differential_robot) by extension 'colcon_meta'
[0.081s] Level 1:colcon.colcon_core.package_identification:_identify(slam_ws/robots/differential_robot) by extensions ['ros']
[0.081s] Level 1:colcon.colcon_core.package_identification:_identify(slam_ws/robots/differential_robot) by extension 'ros'
[0.081s] Level 1:colcon.colcon_core.package_identification:_identify(slam_ws/robots/differential_robot) by extensions ['cmake', 'python']
[0.081s] Level 1:colcon.colcon_core.package_identification:_identify(slam_ws/robots/differential_robot) by extension 'cmake'
[0.081s] Level 1:colcon.colcon_core.package_identification:_identify(slam_ws/robots/differential_robot) by extension 'python'
[0.081s] Level 1:colcon.colcon_core.package_identification:_identify(slam_ws/robots/differential_robot) by extensions ['python_setup_py']
[0.081s] Level 1:colcon.colcon_core.package_identification:_identify(slam_ws/robots/differential_robot) by extension 'python_setup_py'
[0.081s] Level 1:colcon.colcon_core.package_identification:_identify(slam_ws/robots/differential_robot/config) by extensions ['ignore', 'ignore_ament_install']
[0.081s] Level 1:colcon.colcon_core.package_identification:_identify(slam_ws/robots/differential_robot/config) by extension 'ignore'
[0.081s] Level 1:colcon.colcon_core.package_identification:_identify(slam_ws/robots/differential_robot/config) by extension 'ignore_ament_install'
[0.081s] Level 1:colcon.colcon_core.package_identification:_identify(slam_ws/robots/differential_robot/config) by extensions ['colcon_pkg']
[0.081s] Level 1:colcon.colcon_core.package_identification:_identify(slam_ws/robots/differential_robot/config) by extension 'colcon_pkg'
[0.081s] Level 1:colcon.colcon_core.package_identification:_identify(slam_ws/robots/differential_robot/config) by extensions ['colcon_meta']
[0.081s] Level 1:colcon.colcon_core.package_identification:_identify(slam_ws/robots/differential_robot/config) by extension 'colcon_meta'
[0.081s] Level 1:colcon.colcon_core.package_identification:_identify(slam_ws/robots/differential_robot/config) by extensions ['ros']
[0.081s] Level 1:colcon.colcon_core.package_identification:_identify(slam_ws/robots/differential_robot/config) by extension 'ros'
[0.081s] Level 1:colcon.colcon_core.package_identification:_identify(slam_ws/robots/differential_robot/config) by extensions ['cmake', 'python']
[0.081s] Level 1:colcon.colcon_core.package_identification:_identify(slam_ws/robots/differential_robot/config) by extension 'cmake'
[0.081s] Level 1:colcon.colcon_core.package_identification:_identify(slam_ws/robots/differential_robot/config) by extension 'python'
[0.081s] Level 1:colcon.colcon_core.package_identification:_identify(slam_ws/robots/differential_robot/config) by extensions ['python_setup_py']
[0.081s] Level 1:colcon.colcon_core.package_identification:_identify(slam_ws/robots/differential_robot/config) by extension 'python_setup_py'
[0.081s] Level 1:colcon.colcon_core.package_identification:_identify(slam_ws/robots/differential_robot/meshes) by extensions ['ignore', 'ignore_ament_install']
[0.081s] Level 1:colcon.colcon_core.package_identification:_identify(slam_ws/robots/differential_robot/meshes) by extension 'ignore'
[0.081s] Level 1:colcon.colcon_core.package_identification:_identify(slam_ws/robots/differential_robot/meshes) by extension 'ignore_ament_install'
[0.081s] Level 1:colcon.colcon_core.package_identification:_identify(slam_ws/robots/differential_robot/meshes) by extensions ['colcon_pkg']
[0.081s] Level 1:colcon.colcon_core.package_identification:_identify(slam_ws/robots/differential_robot/meshes) by extension 'colcon_pkg'
[0.081s] Level 1:colcon.colcon_core.package_identification:_identify(slam_ws/robots/differential_robot/meshes) by extensions ['colcon_meta']
[0.081s] Level 1:colcon.colcon_core.package_identification:_identify(slam_ws/robots/differential_robot/meshes) by extension 'colcon_meta'
[0.081s] Level 1:colcon.colcon_core.package_identification:_identify(slam_ws/robots/differential_robot/meshes) by extensions ['ros']
[0.082s] Level 1:colcon.colcon_core.package_identification:_identify(slam_ws/robots/differential_robot/meshes) by extension 'ros'
[0.082s] Level 1:colcon.colcon_core.package_identification:_identify(slam_ws/robots/differential_robot/meshes) by extensions ['cmake', 'python']
[0.082s] Level 1:colcon.colcon_core.package_identification:_identify(slam_ws/robots/differential_robot/meshes) by extension 'cmake'
[0.082s] Level 1:colcon.colcon_core.package_identification:_identify(slam_ws/robots/differential_robot/meshes) by extension 'python'
[0.082s] Level 1:colcon.colcon_core.package_identification:_identify(slam_ws/robots/differential_robot/meshes) by extensions ['python_setup_py']
[0.082s] Level 1:colcon.colcon_core.package_identification:_identify(slam_ws/robots/differential_robot/meshes) by extension 'python_setup_py'
[0.082s] Level 1:colcon.colcon_core.package_identification:_identify(slam_ws/robots/differential_robot/urdf) by extensions ['ignore', 'ignore_ament_install']
[0.082s] Level 1:colcon.colcon_core.package_identification:_identify(slam_ws/robots/differential_robot/urdf) by extension 'ignore'
[0.082s] Level 1:colcon.colcon_core.package_identification:_identify(slam_ws/robots/differential_robot/urdf) by extension 'ignore_ament_install'
[0.082s] Level 1:colcon.colcon_core.package_identification:_identify(slam_ws/robots/differential_robot/urdf) by extensions ['colcon_pkg']
[0.082s] Level 1:colcon.colcon_core.package_identification:_identify(slam_ws/robots/differential_robot/urdf) by extension 'colcon_pkg'
[0.082s] Level 1:colcon.colcon_core.package_identification:_identify(slam_ws/robots/differential_robot/urdf) by extensions ['colcon_meta']
[0.082s] Level 1:colcon.colcon_core.package_identification:_identify(slam_ws/robots/differential_robot/urdf) by extension 'colcon_meta'
[0.082s] Level 1:colcon.colcon_core.package_identification:_identify(slam_ws/robots/differential_robot/urdf) by extensions ['ros']
[0.082s] Level 1:colcon.colcon_core.package_identification:_identify(slam_ws/robots/differential_robot/urdf) by extension 'ros'
[0.082s] Level 1:colcon.colcon_core.package_identification:_identify(slam_ws/robots/differential_robot/urdf) by extensions ['cmake', 'python']
[0.082s] Level 1:colcon.colcon_core.package_identification:_identify(slam_ws/robots/differential_robot/urdf) by extension 'cmake'
[0.082s] Level 1:colcon.colcon_core.package_identification:_identify(slam_ws/robots/differential_robot/urdf) by extension 'python'
[0.082s] Level 1:colcon.colcon_core.package_identification:_identify(slam_ws/robots/differential_robot/urdf) by extensions ['python_setup_py']
[0.082s] Level 1:colcon.colcon_core.package_identification:_identify(slam_ws/robots/differential_robot/urdf) by extension 'python_setup_py'
[0.082s] Level 1:colcon.colcon_core.package_identification:_identify(slam_ws/robots/differential_robot/urdf/build) by extensions ['ignore', 'ignore_ament_install']
[0.082s] Level 1:colcon.colcon_core.package_identification:_identify(slam_ws/robots/differential_robot/urdf/build) by extension 'ignore'
[0.082s] Level 1:colcon.colcon_core.package_identification:_identify(slam_ws/robots/differential_robot/urdf/build) ignored
[0.082s] Level 1:colcon.colcon_core.package_identification:_identify(slam_ws/robots/differential_robot/urdf/install) by extensions ['ignore', 'ignore_ament_install']
[0.082s] Level 1:colcon.colcon_core.package_identification:_identify(slam_ws/robots/differential_robot/urdf/install) by extension 'ignore'
[0.082s] Level 1:colcon.colcon_core.package_identification:_identify(slam_ws/robots/differential_robot/urdf/install) ignored
[0.082s] Level 1:colcon.colcon_core.package_identification:_identify(slam_ws/robots/differential_robot/urdf/log) by extensions ['ignore', 'ignore_ament_install']
[0.082s] Level 1:colcon.colcon_core.package_identification:_identify(slam_ws/robots/differential_robot/urdf/log) by extension 'ignore'
[0.082s] Level 1:colcon.colcon_core.package_identification:_identify(slam_ws/robots/differential_robot/urdf/log) ignored
[0.082s] Level 1:colcon.colcon_core.package_identification:_identify(slam_ws/src) by extensions ['ignore', 'ignore_ament_install']
[0.082s] Level 1:colcon.colcon_core.package_identification:_identify(slam_ws/src) by extension 'ignore'
[0.082s] Level 1:colcon.colcon_core.package_identification:_identify(slam_ws/src) by extension 'ignore_ament_install'
[0.082s] Level 1:colcon.colcon_core.package_identification:_identify(slam_ws/src) by extensions ['colcon_pkg']
[0.082s] Level 1:colcon.colcon_core.package_identification:_identify(slam_ws/src) by extension 'colcon_pkg'
[0.082s] Level 1:colcon.colcon_core.package_identification:_identify(slam_ws/src) by extensions ['colcon_meta']
[0.082s] Level 1:colcon.colcon_core.package_identification:_identify(slam_ws/src) by extension 'colcon_meta'
[0.082s] Level 1:colcon.colcon_core.package_identification:_identify(slam_ws/src) by extensions ['ros']
[0.082s] Level 1:colcon.colcon_core.package_identification:_identify(slam_ws/src) by extension 'ros'
[0.082s] Level 1:colcon.colcon_core.package_identification:_identify(slam_ws/src) by extensions ['cmake', 'python']
[0.082s] Level 1:colcon.colcon_core.package_identification:_identify(slam_ws/src) by extension 'cmake'
[0.082s] Level 1:colcon.colcon_core.package_identification:_identify(slam_ws/src) by extension 'python'
[0.082s] Level 1:colcon.colcon_core.package_identification:_identify(slam_ws/src) by extensions ['python_setup_py']
[0.082s] Level 1:colcon.colcon_core.package_identification:_identify(slam_ws/src) by extension 'python_setup_py'
[0.082s] Level 1:colcon.colcon_core.package_identification:_identify(slam_ws/src/evaluator_ros) by extensions ['ignore', 'ignore_ament_install']
[0.082s] Level 1:colcon.colcon_core.package_identification:_identify(slam_ws/src/evaluator_ros) by extension 'ignore'
[0.082s] Level 1:colcon.colcon_core.package_identification:_identify(slam_ws/src/evaluator_ros) by extension 'ignore_ament_install'
[0.082s] Level 1:colcon.colcon_core.package_identification:_identify(slam_ws/src/evaluator_ros) by extensions ['colcon_pkg']
[0.082s] Level 1:colcon.colcon_core.package_identification:_identify(slam_ws/src/evaluator_ros) by extension 'colcon_pkg'
[0.082s] Level 1:colcon.colcon_core.package_identification:_identify(slam_ws/src/evaluator_ros) by extensions ['colcon_meta']
[0.083s] Level 1:colcon.colcon_core.package_identification:_identify(slam_ws/src/evaluator_ros) by extension 'colcon_meta'
[0.083s] Level 1:colcon.colcon_core.package_identification:_identify(slam_ws/src/evaluator_ros) by extensions ['ros']
[0.083s] Level 1:colcon.colcon_core.package_identification:_identify(slam_ws/src/evaluator_ros) by extension 'ros'
[0.084s] DEBUG:colcon.colcon_core.package_identification:Package 'slam_ws/src/evaluator_ros' with type 'ros.ament_python' and name 'evaluator_ros'
[0.084s] Level 1:colcon.colcon_core.package_identification:_identify(slam_ws/src/experiment_manager) by extensions ['ignore', 'ignore_ament_install']
[0.084s] Level 1:colcon.colcon_core.package_identification:_identify(slam_ws/src/experiment_manager) by extension 'ignore'
[0.084s] Level 1:colcon.colcon_core.package_identification:_identify(slam_ws/src/experiment_manager) by extension 'ignore_ament_install'
[0.084s] Level 1:colcon.colcon_core.package_identification:_identify(slam_ws/src/experiment_manager) by extensions ['colcon_pkg']
[0.084s] Level 1:colcon.colcon_core.package_identification:_identify(slam_ws/src/experiment_manager) by extension 'colcon_pkg'
[0.084s] Level 1:colcon.colcon_core.package_identification:_identify(slam_ws/src/experiment_manager) by extensions ['colcon_meta']
[0.084s] Level 1:colcon.colcon_core.package_identification:_identify(slam_ws/src/experiment_manager) by extension 'colcon_meta'
[0.084s] Level 1:colcon.colcon_core.package_identification:_identify(slam_ws/src/experiment_manager) by extensions ['ros']
[0.084s] Level 1:colcon.colcon_core.package_identification:_identify(slam_ws/src/experiment_manager) by extension 'ros'
[0.084s] DEBUG:colcon.colcon_core.package_identification:Package 'slam_ws/src/experiment_manager' with type 'ros.ament_python' and name 'experiment_manager'
[0.084s] Level 1:colcon.colcon_core.package_identification:_identify(slam_ws/src/ground_truth_provider) by extensions ['ignore', 'ignore_ament_install']
[0.084s] Level 1:colcon.colcon_core.package_identification:_identify(slam_ws/src/ground_truth_provider) by extension 'ignore'
[0.084s] Level 1:colcon.colcon_core.package_identification:_identify(slam_ws/src/ground_truth_provider) by extension 'ignore_ament_install'
[0.084s] Level 1:colcon.colcon_core.package_identification:_identify(slam_ws/src/ground_truth_provider) by extensions ['colcon_pkg']
[0.084s] Level 1:colcon.colcon_core.package_identification:_identify(slam_ws/src/ground_truth_provider) by extension 'colcon_pkg'
[0.084s] Level 1:colcon.colcon_core.package_identification:_identify(slam_ws/src/ground_truth_provider) by extensions ['colcon_meta']
[0.084s] Level 1:colcon.colcon_core.package_identification:_identify(slam_ws/src/ground_truth_provider) by extension 'colcon_meta'
[0.084s] Level 1:colcon.colcon_core.package_identification:_identify(slam_ws/src/ground_truth_provider) by extensions ['ros']
[0.084s] Level 1:colcon.colcon_core.package_identification:_identify(slam_ws/src/ground_truth_provider) by extension 'ros'
[0.085s] DEBUG:colcon.colcon_core.package_identification:Package 'slam_ws/src/ground_truth_provider' with type 'ros.ament_python' and name 'ground_truth_provider'
[0.085s] Level 1:colcon.colcon_core.package_identification:_identify(slam_ws/src/robot_bringup) by extensions ['ignore', 'ignore_ament_install']
[0.085s] Level 1:colcon.colcon_core.package_identification:_identify(slam_ws/src/robot_bringup) by extension 'ignore'
[0.085s] Level 1:colcon.colcon_core.package_identification:_identify(slam_ws/src/robot_bringup) by extension 'ignore_ament_install'
[0.085s] Level 1:colcon.colcon_core.package_identification:_identify(slam_ws/src/robot_bringup) by extensions ['colcon_pkg']
[0.085s] Level 1:colcon.colcon_core.package_identification:_identify(slam_ws/src/robot_bringup) by extension 'colcon_pkg'
[0.085s] Level 1:colcon.colcon_core.package_identification:_identify(slam_ws/src/robot_bringup) by extensions ['colcon_meta']
[0.085s] Level 1:colcon.colcon_core.package_identification:_identify(slam_ws/src/robot_bringup) by extension 'colcon_meta'
[0.085s] Level 1:colcon.colcon_core.package_identification:_identify(slam_ws/src/robot_bringup) by extensions ['ros']
[0.085s] Level 1:colcon.colcon_core.package_identification:_identify(slam_ws/src/robot_bringup) by extension 'ros'
[0.085s] DEBUG:colcon.colcon_core.package_identification:Package 'slam_ws/src/robot_bringup' with type 'ros.ament_python' and name 'robot_bringup'
[0.085s] Level 1:colcon.colcon_core.package_identification:_identify(slam_ws/src/ros_gz_bridge_manager) by extensions ['ignore', 'ignore_ament_install']
[0.085s] Level 1:colcon.colcon_core.package_identification:_identify(slam_ws/src/ros_gz_bridge_manager) by extension 'ignore'
[0.085s] Level 1:colcon.colcon_core.package_identification:_identify(slam_ws/src/ros_gz_bridge_manager) by extension 'ignore_ament_install'
[0.085s] Level 1:colcon.colcon_core.package_identification:_identify(slam_ws/src/ros_gz_bridge_manager) by extensions ['colcon_pkg']
[0.085s] Level 1:colcon.colcon_core.package_identification:_identify(slam_ws/src/ros_gz_bridge_manager) by extension 'colcon_pkg'
[0.085s] Level 1:colcon.colcon_core.package_identification:_identify(slam_ws/src/ros_gz_bridge_manager) by extensions ['colcon_meta']
[0.085s] Level 1:colcon.colcon_core.package_identification:_identify(slam_ws/src/ros_gz_bridge_manager) by extension 'colcon_meta'
[0.085s] Level 1:colcon.colcon_core.package_identification:_identify(slam_ws/src/ros_gz_bridge_manager) by extensions ['ros']
[0.085s] Level 1:colcon.colcon_core.package_identification:_identify(slam_ws/src/ros_gz_bridge_manager) by extension 'ros'
[0.085s] DEBUG:colcon.colcon_core.package_identification:Package 'slam_ws/src/ros_gz_bridge_manager' with type 'ros.ament_python' and name 'ros_gz_bridge_manager'
[0.085s] Level 1:colcon.colcon_core.package_identification:_identify(slam_ws/src/sensor_adapter) by extensions ['ignore', 'ignore_ament_install']
[0.085s] Level 1:colcon.colcon_core.package_identification:_identify(slam_ws/src/sensor_adapter) by extension 'ignore'
[0.085s] Level 1:colcon.colcon_core.package_identification:_identify(slam_ws/src/sensor_adapter) by extension 'ignore_ament_install'
[0.085s] Level 1:colcon.colcon_core.package_identification:_identify(slam_ws/src/sensor_adapter) by extensions ['colcon_pkg']
[0.085s] Level 1:colcon.colcon_core.package_identification:_identify(slam_ws/src/sensor_adapter) by extension 'colcon_pkg'
[0.085s] Level 1:colcon.colcon_core.package_identification:_identify(slam_ws/src/sensor_adapter) by extensions ['colcon_meta']
[0.085s] Level 1:colcon.colcon_core.package_identification:_identify(slam_ws/src/sensor_adapter) by extension 'colcon_meta'
[0.086s] Level 1:colcon.colcon_core.package_identification:_identify(slam_ws/src/sensor_adapter) by extensions ['ros']
[0.086s] Level 1:colcon.colcon_core.package_identification:_identify(slam_ws/src/sensor_adapter) by extension 'ros'
[0.086s] DEBUG:colcon.colcon_core.package_identification:Package 'slam_ws/src/sensor_adapter' with type 'ros.ament_python' and name 'sensor_adapter'
[0.086s] Level 1:colcon.colcon_core.package_identification:_identify(slam_ws/src/slam_interfaces) by extensions ['ignore', 'ignore_ament_install']
[0.086s] Level 1:colcon.colcon_core.package_identification:_identify(slam_ws/src/slam_interfaces) by extension 'ignore'
[0.086s] Level 1:colcon.colcon_core.package_identification:_identify(slam_ws/src/slam_interfaces) by extension 'ignore_ament_install'
[0.086s] Level 1:colcon.colcon_core.package_identification:_identify(slam_ws/src/slam_interfaces) by extensions ['colcon_pkg']
[0.086s] Level 1:colcon.colcon_core.package_identification:_identify(slam_ws/src/slam_interfaces) by extension 'colcon_pkg'
[0.086s] Level 1:colcon.colcon_core.package_identification:_identify(slam_ws/src/slam_interfaces) by extensions ['colcon_meta']
[0.086s] Level 1:colcon.colcon_core.package_identification:_identify(slam_ws/src/slam_interfaces) by extension 'colcon_meta'
[0.086s] Level 1:colcon.colcon_core.package_identification:_identify(slam_ws/src/slam_interfaces) by extensions ['ros']
[0.086s] Level 1:colcon.colcon_core.package_identification:_identify(slam_ws/src/slam_interfaces) by extension 'ros'
[0.086s] DEBUG:colcon.colcon_core.package_identification:Package 'slam_ws/src/slam_interfaces' with type 'ros.ament_cmake' and name 'slam_interfaces'
[0.086s] Level 1:colcon.colcon_core.package_identification:_identify(slam_ws/src/tf_manager) by extensions ['ignore', 'ignore_ament_install']
[0.086s] Level 1:colcon.colcon_core.package_identification:_identify(slam_ws/src/tf_manager) by extension 'ignore'
[0.086s] Level 1:colcon.colcon_core.package_identification:_identify(slam_ws/src/tf_manager) by extension 'ignore_ament_install'
[0.086s] Level 1:colcon.colcon_core.package_identification:_identify(slam_ws/src/tf_manager) by extensions ['colcon_pkg']
[0.086s] Level 1:colcon.colcon_core.package_identification:_identify(slam_ws/src/tf_manager) by extension 'colcon_pkg'
[0.086s] Level 1:colcon.colcon_core.package_identification:_identify(slam_ws/src/tf_manager) by extensions ['colcon_meta']
[0.086s] Level 1:colcon.colcon_core.package_identification:_identify(slam_ws/src/tf_manager) by extension 'colcon_meta'
[0.086s] Level 1:colcon.colcon_core.package_identification:_identify(slam_ws/src/tf_manager) by extensions ['ros']
[0.086s] Level 1:colcon.colcon_core.package_identification:_identify(slam_ws/src/tf_manager) by extension 'ros'
[0.087s] DEBUG:colcon.colcon_core.package_identification:Package 'slam_ws/src/tf_manager' with type 'ros.ament_python' and name 'tf_manager'
[0.087s] Level 1:colcon.colcon_core.package_identification:_identify(slam_ws/src/world_manager) by extensions ['ignore', 'ignore_ament_install']
[0.087s] Level 1:colcon.colcon_core.package_identification:_identify(slam_ws/src/world_manager) by extension 'ignore'
[0.087s] Level 1:colcon.colcon_core.package_identification:_identify(slam_ws/src/world_manager) by extension 'ignore_ament_install'
[0.087s] Level 1:colcon.colcon_core.package_identification:_identify(slam_ws/src/world_manager) by extensions ['colcon_pkg']
[0.087s] Level 1:colcon.colcon_core.package_identification:_identify(slam_ws/src/world_manager) by extension 'colcon_pkg'
[0.087s] Level 1:colcon.colcon_core.package_identification:_identify(slam_ws/src/world_manager) by extensions ['colcon_meta']
[0.087s] Level 1:colcon.colcon_core.package_identification:_identify(slam_ws/src/world_manager) by extension 'colcon_meta'
[0.087s] Level 1:colcon.colcon_core.package_identification:_identify(slam_ws/src/world_manager) by extensions ['ros']
[0.087s] Level 1:colcon.colcon_core.package_identification:_identify(slam_ws/src/world_manager) by extension 'ros'
[0.087s] DEBUG:colcon.colcon_core.package_identification:Package 'slam_ws/src/world_manager' with type 'ros.ament_python' and name 'world_manager'
[0.087s] Level 1:colcon.colcon_core.package_identification:_identify(slam_ws/worlds) by extensions ['ignore', 'ignore_ament_install']
[0.087s] Level 1:colcon.colcon_core.package_identification:_identify(slam_ws/worlds) by extension 'ignore'
[0.087s] Level 1:colcon.colcon_core.package_identification:_identify(slam_ws/worlds) by extension 'ignore_ament_install'
[0.087s] Level 1:colcon.colcon_core.package_identification:_identify(slam_ws/worlds) by extensions ['colcon_pkg']
[0.087s] Level 1:colcon.colcon_core.package_identification:_identify(slam_ws/worlds) by extension 'colcon_pkg'
[0.087s] Level 1:colcon.colcon_core.package_identification:_identify(slam_ws/worlds) by extensions ['colcon_meta']
[0.087s] Level 1:colcon.colcon_core.package_identification:_identify(slam_ws/worlds) by extension 'colcon_meta'
[0.087s] Level 1:colcon.colcon_core.package_identification:_identify(slam_ws/worlds) by extensions ['ros']
[0.087s] Level 1:colcon.colcon_core.package_identification:_identify(slam_ws/worlds) by extension 'ros'
[0.087s] Level 1:colcon.colcon_core.package_identification:_identify(slam_ws/worlds) by extensions ['cmake', 'python']
[0.087s] Level 1:colcon.colcon_core.package_identification:_identify(slam_ws/worlds) by extension 'cmake'
[0.087s] Level 1:colcon.colcon_core.package_identification:_identify(slam_ws/worlds) by extension 'python'
[0.087s] Level 1:colcon.colcon_core.package_identification:_identify(slam_ws/worlds) by extensions ['python_setup_py']
[0.087s] Level 1:colcon.colcon_core.package_identification:_identify(slam_ws/worlds) by extension 'python_setup_py'
[0.087s] Level 1:colcon.colcon_core.package_identification:_identify(slam_ws/worlds/corridor) by extensions ['ignore', 'ignore_ament_install']
[0.087s] Level 1:colcon.colcon_core.package_identification:_identify(slam_ws/worlds/corridor) by extension 'ignore'
[0.087s] Level 1:colcon.colcon_core.package_identification:_identify(slam_ws/worlds/corridor) by extension 'ignore_ament_install'
[0.087s] Level 1:colcon.colcon_core.package_identification:_identify(slam_ws/worlds/corridor) by extensions ['colcon_pkg']
[0.087s] Level 1:colcon.colcon_core.package_identification:_identify(slam_ws/worlds/corridor) by extension 'colcon_pkg'
[0.087s] Level 1:colcon.colcon_core.package_identification:_identify(slam_ws/worlds/corridor) by extensions ['colcon_meta']
[0.087s] Level 1:colcon.colcon_core.package_identification:_identify(slam_ws/worlds/corridor) by extension 'colcon_meta'
[0.087s] Level 1:colcon.colcon_core.package_identification:_identify(slam_ws/worlds/corridor) by extensions ['ros']
[0.087s] Level 1:colcon.colcon_core.package_identification:_identify(slam_ws/worlds/corridor) by extension 'ros'
[0.087s] Level 1:colcon.colcon_core.package_identification:_identify(slam_ws/worlds/corridor) by extensions ['cmake', 'python']
[0.087s] Level 1:colcon.colcon_core.package_identification:_identify(slam_ws/worlds/corridor) by extension 'cmake'
[0.087s] Level 1:colcon.colcon_core.package_identification:_identify(slam_ws/worlds/corridor) by extension 'python'
[0.087s] Level 1:colcon.colcon_core.package_identification:_identify(slam_ws/worlds/corridor) by extensions ['python_setup_py']
[0.087s] Level 1:colcon.colcon_core.package_identification:_identify(slam_ws/worlds/corridor) by extension 'python_setup_py'
[0.088s] Level 1:colcon.colcon_core.package_identification:_identify(slam_ws/worlds/multiroom) by extensions ['ignore', 'ignore_ament_install']
[0.088s] Level 1:colcon.colcon_core.package_identification:_identify(slam_ws/worlds/multiroom) by extension 'ignore'
[0.088s] Level 1:colcon.colcon_core.package_identification:_identify(slam_ws/worlds/multiroom) by extension 'ignore_ament_install'
[0.088s] Level 1:colcon.colcon_core.package_identification:_identify(slam_ws/worlds/multiroom) by extensions ['colcon_pkg']
[0.088s] Level 1:colcon.colcon_core.package_identification:_identify(slam_ws/worlds/multiroom) by extension 'colcon_pkg'
[0.088s] Level 1:colcon.colcon_core.package_identification:_identify(slam_ws/worlds/multiroom) by extensions ['colcon_meta']
[0.088s] Level 1:colcon.colcon_core.package_identification:_identify(slam_ws/worlds/multiroom) by extension 'colcon_meta'
[0.088s] Level 1:colcon.colcon_core.package_identification:_identify(slam_ws/worlds/multiroom) by extensions ['ros']
[0.088s] Level 1:colcon.colcon_core.package_identification:_identify(slam_ws/worlds/multiroom) by extension 'ros'
[0.088s] Level 1:colcon.colcon_core.package_identification:_identify(slam_ws/worlds/multiroom) by extensions ['cmake', 'python']
[0.088s] Level 1:colcon.colcon_core.package_identification:_identify(slam_ws/worlds/multiroom) by extension 'cmake'
[0.088s] Level 1:colcon.colcon_core.package_identification:_identify(slam_ws/worlds/multiroom) by extension 'python'
[0.088s] Level 1:colcon.colcon_core.package_identification:_identify(slam_ws/worlds/multiroom) by extensions ['python_setup_py']
[0.088s] Level 1:colcon.colcon_core.package_identification:_identify(slam_ws/worlds/multiroom) by extension 'python_setup_py'
[0.088s] Level 1:colcon.colcon_core.package_identification:_identify(slam_ws/worlds/office) by extensions ['ignore', 'ignore_ament_install']
[0.088s] Level 1:colcon.colcon_core.package_identification:_identify(slam_ws/worlds/office) by extension 'ignore'
[0.088s] Level 1:colcon.colcon_core.package_identification:_identify(slam_ws/worlds/office) by extension 'ignore_ament_install'
[0.088s] Level 1:colcon.colcon_core.package_identification:_identify(slam_ws/worlds/office) by extensions ['colcon_pkg']
[0.088s] Level 1:colcon.colcon_core.package_identification:_identify(slam_ws/worlds/office) by extension 'colcon_pkg'
[0.088s] Level 1:colcon.colcon_core.package_identification:_identify(slam_ws/worlds/office) by extensions ['colcon_meta']
[0.088s] Level 1:colcon.colcon_core.package_identification:_identify(slam_ws/worlds/office) by extension 'colcon_meta'
[0.088s] Level 1:colcon.colcon_core.package_identification:_identify(slam_ws/worlds/office) by extensions ['ros']
[0.088s] Level 1:colcon.colcon_core.package_identification:_identify(slam_ws/worlds/office) by extension 'ros'
[0.088s] Level 1:colcon.colcon_core.package_identification:_identify(slam_ws/worlds/office) by extensions ['cmake', 'python']
[0.088s] Level 1:colcon.colcon_core.package_identification:_identify(slam_ws/worlds/office) by extension 'cmake'
[0.088s] Level 1:colcon.colcon_core.package_identification:_identify(slam_ws/worlds/office) by extension 'python'
[0.088s] Level 1:colcon.colcon_core.package_identification:_identify(slam_ws/worlds/office) by extensions ['python_setup_py']
[0.088s] Level 1:colcon.colcon_core.package_identification:_identify(slam_ws/worlds/office) by extension 'python_setup_py'
[0.088s] Level 1:colcon.colcon_core.package_identification:_identify(slam_ws/worlds/test_world) by extensions ['ignore', 'ignore_ament_install']
[0.088s] Level 1:colcon.colcon_core.package_identification:_identify(slam_ws/worlds/test_world) by extension 'ignore'
[0.088s] Level 1:colcon.colcon_core.package_identification:_identify(slam_ws/worlds/test_world) by extension 'ignore_ament_install'
[0.088s] Level 1:colcon.colcon_core.package_identification:_identify(slam_ws/worlds/test_world) by extensions ['colcon_pkg']
[0.088s] Level 1:colcon.colcon_core.package_identification:_identify(slam_ws/worlds/test_world) by extension 'colcon_pkg'
[0.088s] Level 1:colcon.colcon_core.package_identification:_identify(slam_ws/worlds/test_world) by extensions ['colcon_meta']
[0.088s] Level 1:colcon.colcon_core.package_identification:_identify(slam_ws/worlds/test_world) by extension 'colcon_meta'
[0.088s] Level 1:colcon.colcon_core.package_identification:_identify(slam_ws/worlds/test_world) by extensions ['ros']
[0.088s] Level 1:colcon.colcon_core.package_identification:_identify(slam_ws/worlds/test_world) by extension 'ros'
[0.088s] Level 1:colcon.colcon_core.package_identification:_identify(slam_ws/worlds/test_world) by extensions ['cmake', 'python']
[0.088s] Level 1:colcon.colcon_core.package_identification:_identify(slam_ws/worlds/test_world) by extension 'cmake'
[0.088s] Level 1:colcon.colcon_core.package_identification:_identify(slam_ws/worlds/test_world) by extension 'python'
[0.088s] Level 1:colcon.colcon_core.package_identification:_identify(slam_ws/worlds/test_world) by extensions ['python_setup_py']
[0.088s] Level 1:colcon.colcon_core.package_identification:_identify(slam_ws/worlds/test_world) by extension 'python_setup_py'
[0.088s] Level 1:colcon.colcon_core.package_identification:_identify(slam_ws/worlds/warehouse) by extensions ['ignore', 'ignore_ament_install']
[0.088s] Level 1:colcon.colcon_core.package_identification:_identify(slam_ws/worlds/warehouse) by extension 'ignore'
[0.088s] Level 1:colcon.colcon_core.package_identification:_identify(slam_ws/worlds/warehouse) by extension 'ignore_ament_install'
[0.088s] Level 1:colcon.colcon_core.package_identification:_identify(slam_ws/worlds/warehouse) by extensions ['colcon_pkg']
[0.088s] Level 1:colcon.colcon_core.package_identification:_identify(slam_ws/worlds/warehouse) by extension 'colcon_pkg'
[0.088s] Level 1:colcon.colcon_core.package_identification:_identify(slam_ws/worlds/warehouse) by extensions ['colcon_meta']
[0.088s] Level 1:colcon.colcon_core.package_identification:_identify(slam_ws/worlds/warehouse) by extension 'colcon_meta'
[0.088s] Level 1:colcon.colcon_core.package_identification:_identify(slam_ws/worlds/warehouse) by extensions ['ros']
[0.088s] Level 1:colcon.colcon_core.package_identification:_identify(slam_ws/worlds/warehouse) by extension 'ros'
[0.088s] Level 1:colcon.colcon_core.package_identification:_identify(slam_ws/worlds/warehouse) by extensions ['cmake', 'python']
[0.088s] Level 1:colcon.colcon_core.package_identification:_identify(slam_ws/worlds/warehouse) by extension 'cmake'
[0.088s] Level 1:colcon.colcon_core.package_identification:_identify(slam_ws/worlds/warehouse) by extension 'python'
[0.088s] Level 1:colcon.colcon_core.package_identification:_identify(slam_ws/worlds/warehouse) by extensions ['python_setup_py']
[0.088s] Level 1:colcon.colcon_core.package_identification:_identify(slam_ws/worlds/warehouse) by extension 'python_setup_py'
[0.089s] Level 1:colcon.colcon_core.package_discovery:discover_packages(recursive) using defaults
[0.089s] Level 1:colcon.colcon_core.package_discovery:discover_packages(ignore) discover
[0.089s] Level 1:colcon.colcon_core.package_discovery:discover_packages(ignore) using defaults
[0.089s] Level 1:colcon.colcon_core.package_discovery:discover_packages(path) discover
[0.089s] Level 1:colcon.colcon_core.package_discovery:discover_packages(path) using defaults
[0.098s] Level 1:colcon.colcon_core.package_discovery:discover_packages(prefix_path) check parameters
[0.098s] Level 1:colcon.colcon_core.package_discovery:discover_packages(prefix_path) discover
[0.099s] DEBUG:colcon.colcon_installed_package_information.package_discovery:Found 195 installed packages in /opt/ros/jazzy
[0.099s] Level 1:colcon.colcon_core.package_discovery:discover_packages(prefix_path) using defaults
[0.110s] Level 5:colcon.colcon_core.verb:set package 'evaluator_ros' build argument 'cmake_args' from command line to 'None'
[0.110s] Level 5:colcon.colcon_core.verb:set package 'evaluator_ros' build argument 'cmake_target' from command line to 'None'
[0.110s] Level 5:colcon.colcon_core.verb:set package 'evaluator_ros' build argument 'cmake_target_skip_unavailable' from command line to 'False'
[0.110s] Level 5:colcon.colcon_core.verb:set package 'evaluator_ros' build argument 'cmake_clean_cache' from command line to 'False'
[0.110s] Level 5:colcon.colcon_core.verb:set package 'evaluator_ros' build argument 'cmake_clean_first' from command line to 'False'
[0.110s] Level 5:colcon.colcon_core.verb:set package 'evaluator_ros' build argument 'cmake_force_configure' from command line to 'False'
[0.110s] Level 5:colcon.colcon_core.verb:set package 'evaluator_ros' build argument 'ament_cmake_args' from command line to 'None'
[0.110s] Level 5:colcon.colcon_core.verb:set package 'evaluator_ros' build argument 'catkin_cmake_args' from command line to 'None'
[0.110s] Level 5:colcon.colcon_core.verb:set package 'evaluator_ros' build argument 'catkin_skip_building_tests' from command line to 'False'
[0.110s] DEBUG:colcon.colcon_core.verb:Building package 'evaluator_ros' with the following arguments: {'ament_cmake_args': None, 'build_base': '/home/abhirup/slam_platform/build/evaluator_ros', 'catkin_cmake_args': None, 'catkin_skip_building_tests': False, 'cmake_args': None, 'cmake_clean_cache': False, 'cmake_clean_first': False, 'cmake_force_configure': False, 'cmake_target': None, 'cmake_target_skip_unavailable': False, 'install_base': '/home/abhirup/slam_platform/install/evaluator_ros', 'merge_install': False, 'path': '/home/abhirup/slam_platform/slam_ws/src/evaluator_ros', 'symlink_install': False, 'test_result_base': None}
[0.110s] Level 5:colcon.colcon_core.verb:set package 'experiment_manager' build argument 'cmake_args' from command line to 'None'
[0.110s] Level 5:colcon.colcon_core.verb:set package 'experiment_manager' build argument 'cmake_target' from command line to 'None'
[0.110s] Level 5:colcon.colcon_core.verb:set package 'experiment_manager' build argument 'cmake_target_skip_unavailable' from command line to 'False'
[0.110s] Level 5:colcon.colcon_core.verb:set package 'experiment_manager' build argument 'cmake_clean_cache' from command line to 'False'
[0.110s] Level 5:colcon.colcon_core.verb:set package 'experiment_manager' build argument 'cmake_clean_first' from command line to 'False'
[0.110s] Level 5:colcon.colcon_core.verb:set package 'experiment_manager' build argument 'cmake_force_configure' from command line to 'False'
[0.110s] Level 5:colcon.colcon_core.verb:set package 'experiment_manager' build argument 'ament_cmake_args' from command line to 'None'
[0.110s] Level 5:colcon.colcon_core.verb:set package 'experiment_manager' build argument 'catkin_cmake_args' from command line to 'None'
[0.110s] Level 5:colcon.colcon_core.verb:set package 'experiment_manager' build argument 'catkin_skip_building_tests' from command line to 'False'
[0.110s] DEBUG:colcon.colcon_core.verb:Building package 'experiment_manager' with the following arguments: {'ament_cmake_args': None, 'build_base': '/home/abhirup/slam_platform/build/experiment_manager', 'catkin_cmake_args': None, 'catkin_skip_building_tests': False, 'cmake_args': None, 'cmake_clean_cache': False, 'cmake_clean_first': False, 'cmake_force_configure': False, 'cmake_target': None, 'cmake_target_skip_unavailable': False, 'install_base': '/home/abhirup/slam_platform/install/experiment_manager', 'merge_install': False, 'path': '/home/abhirup/slam_platform/slam_ws/src/experiment_manager', 'symlink_install': False, 'test_result_base': None}
[0.110s] Level 5:colcon.colcon_core.verb:set package 'ground_truth_provider' build argument 'cmake_args' from command line to 'None'
[0.110s] Level 5:colcon.colcon_core.verb:set package 'ground_truth_provider' build argument 'cmake_target' from command line to 'None'
[0.110s] Level 5:colcon.colcon_core.verb:set package 'ground_truth_provider' build argument 'cmake_target_skip_unavailable' from command line to 'False'
[0.110s] Level 5:colcon.colcon_core.verb:set package 'ground_truth_provider' build argument 'cmake_clean_cache' from command line to 'False'
[0.110s] Level 5:colcon.colcon_core.verb:set package 'ground_truth_provider' build argument 'cmake_clean_first' from command line to 'False'
[0.110s] Level 5:colcon.colcon_core.verb:set package 'ground_truth_provider' build argument 'cmake_force_configure' from command line to 'False'
[0.110s] Level 5:colcon.colcon_core.verb:set package 'ground_truth_provider' build argument 'ament_cmake_args' from command line to 'None'
[0.110s] Level 5:colcon.colcon_core.verb:set package 'ground_truth_provider' build argument 'catkin_cmake_args' from command line to 'None'
[0.110s] Level 5:colcon.colcon_core.verb:set package 'ground_truth_provider' build argument 'catkin_skip_building_tests' from command line to 'False'
[0.110s] DEBUG:colcon.colcon_core.verb:Building package 'ground_truth_provider' with the following arguments: {'ament_cmake_args': None, 'build_base': '/home/abhirup/slam_platform/build/ground_truth_provider', 'catkin_cmake_args': None, 'catkin_skip_building_tests': False, 'cmake_args': None, 'cmake_clean_cache': False, 'cmake_clean_first': False, 'cmake_force_configure': False, 'cmake_target': None, 'cmake_target_skip_unavailable': False, 'install_base': '/home/abhirup/slam_platform/install/ground_truth_provider', 'merge_install': False, 'path': '/home/abhirup/slam_platform/slam_ws/src/ground_truth_provider', 'symlink_install': False, 'test_result_base': None}
[0.110s] Level 5:colcon.colcon_core.verb:set package 'robot_bringup' build argument 'cmake_args' from command line to 'None'
[0.110s] Level 5:colcon.colcon_core.verb:set package 'robot_bringup' build argument 'cmake_target' from command line to 'None'
[0.110s] Level 5:colcon.colcon_core.verb:set package 'robot_bringup' build argument 'cmake_target_skip_unavailable' from command line to 'False'
[0.110s] Level 5:colcon.colcon_core.verb:set package 'robot_bringup' build argument 'cmake_clean_cache' from command line to 'False'
[0.110s] Level 5:colcon.colcon_core.verb:set package 'robot_bringup' build argument 'cmake_clean_first' from command line to 'False'
[0.110s] Level 5:colcon.colcon_core.verb:set package 'robot_bringup' build argument 'cmake_force_configure' from command line to 'False'
[0.110s] Level 5:colcon.colcon_core.verb:set package 'robot_bringup' build argument 'ament_cmake_args' from command line to 'None'
[0.110s] Level 5:colcon.colcon_core.verb:set package 'robot_bringup' build argument 'catkin_cmake_args' from command line to 'None'
[0.110s] Level 5:colcon.colcon_core.verb:set package 'robot_bringup' build argument 'catkin_skip_building_tests' from command line to 'False'
[0.110s] DEBUG:colcon.colcon_core.verb:Building package 'robot_bringup' with the following arguments: {'ament_cmake_args': None, 'build_base': '/home/abhirup/slam_platform/build/robot_bringup', 'catkin_cmake_args': None, 'catkin_skip_building_tests': False, 'cmake_args': None, 'cmake_clean_cache': False, 'cmake_clean_first': False, 'cmake_force_configure': False, 'cmake_target': None, 'cmake_target_skip_unavailable': False, 'install_base': '/home/abhirup/slam_platform/install/robot_bringup', 'merge_install': False, 'path': '/home/abhirup/slam_platform/slam_ws/src/robot_bringup', 'symlink_install': False, 'test_result_base': None}
[0.110s] Level 5:colcon.colcon_core.verb:set package 'ros_gz_bridge_manager' build argument 'cmake_args' from command line to 'None'
[0.110s] Level 5:colcon.colcon_core.verb:set package 'ros_gz_bridge_manager' build argument 'cmake_target' from command line to 'None'
[0.110s] Level 5:colcon.colcon_core.verb:set package 'ros_gz_bridge_manager' build argument 'cmake_target_skip_unavailable' from command line to 'False'
[0.110s] Level 5:colcon.colcon_core.verb:set package 'ros_gz_bridge_manager' build argument 'cmake_clean_cache' from command line to 'False'
[0.110s] Level 5:colcon.colcon_core.verb:set package 'ros_gz_bridge_manager' build argument 'cmake_clean_first' from command line to 'False'
[0.110s] Level 5:colcon.colcon_core.verb:set package 'ros_gz_bridge_manager' build argument 'cmake_force_configure' from command line to 'False'
[0.110s] Level 5:colcon.colcon_core.verb:set package 'ros_gz_bridge_manager' build argument 'ament_cmake_args' from command line to 'None'
[0.110s] Level 5:colcon.colcon_core.verb:set package 'ros_gz_bridge_manager' build argument 'catkin_cmake_args' from command line to 'None'
[0.110s] Level 5:colcon.colcon_core.verb:set package 'ros_gz_bridge_manager' build argument 'catkin_skip_building_tests' from command line to 'False'
[0.110s] DEBUG:colcon.colcon_core.verb:Building package 'ros_gz_bridge_manager' with the following arguments: {'ament_cmake_args': None, 'build_base': '/home/abhirup/slam_platform/build/ros_gz_bridge_manager', 'catkin_cmake_args': None, 'catkin_skip_building_tests': False, 'cmake_args': None, 'cmake_clean_cache': False, 'cmake_clean_first': False, 'cmake_force_configure': False, 'cmake_target': None, 'cmake_target_skip_unavailable': False, 'install_base': '/home/abhirup/slam_platform/install/ros_gz_bridge_manager', 'merge_install': False, 'path': '/home/abhirup/slam_platform/slam_ws/src/ros_gz_bridge_manager', 'symlink_install': False, 'test_result_base': None}
[0.111s] Level 5:colcon.colcon_core.verb:set package 'sensor_adapter' build argument 'cmake_args' from command line to 'None'
[0.111s] Level 5:colcon.colcon_core.verb:set package 'sensor_adapter' build argument 'cmake_target' from command line to 'None'
[0.111s] Level 5:colcon.colcon_core.verb:set package 'sensor_adapter' build argument 'cmake_target_skip_unavailable' from command line to 'False'
[0.111s] Level 5:colcon.colcon_core.verb:set package 'sensor_adapter' build argument 'cmake_clean_cache' from command line to 'False'
[0.111s] Level 5:colcon.colcon_core.verb:set package 'sensor_adapter' build argument 'cmake_clean_first' from command line to 'False'
[0.111s] Level 5:colcon.colcon_core.verb:set package 'sensor_adapter' build argument 'cmake_force_configure' from command line to 'False'
[0.111s] Level 5:colcon.colcon_core.verb:set package 'sensor_adapter' build argument 'ament_cmake_args' from command line to 'None'
[0.111s] Level 5:colcon.colcon_core.verb:set package 'sensor_adapter' build argument 'catkin_cmake_args' from command line to 'None'
[0.111s] Level 5:colcon.colcon_core.verb:set package 'sensor_adapter' build argument 'catkin_skip_building_tests' from command line to 'False'
[0.111s] DEBUG:colcon.colcon_core.verb:Building package 'sensor_adapter' with the following arguments: {'ament_cmake_args': None, 'build_base': '/home/abhirup/slam_platform/build/sensor_adapter', 'catkin_cmake_args': None, 'catkin_skip_building_tests': False, 'cmake_args': None, 'cmake_clean_cache': False, 'cmake_clean_first': False, 'cmake_force_configure': False, 'cmake_target': None, 'cmake_target_skip_unavailable': False, 'install_base': '/home/abhirup/slam_platform/install/sensor_adapter', 'merge_install': False, 'path': '/home/abhirup/slam_platform/slam_ws/src/sensor_adapter', 'symlink_install': False, 'test_result_base': None}
[0.111s] Level 5:colcon.colcon_core.verb:set package 'slam_interfaces' build argument 'cmake_args' from command line to 'None'
[0.111s] Level 5:colcon.colcon_core.verb:set package 'slam_interfaces' build argument 'cmake_target' from command line to 'None'
[0.111s] Level 5:colcon.colcon_core.verb:set package 'slam_interfaces' build argument 'cmake_target_skip_unavailable' from command line to 'False'
[0.111s] Level 5:colcon.colcon_core.verb:set package 'slam_interfaces' build argument 'cmake_clean_cache' from command line to 'False'
[0.111s] Level 5:colcon.colcon_core.verb:set package 'slam_interfaces' build argument 'cmake_clean_first' from command line to 'False'
[0.111s] Level 5:colcon.colcon_core.verb:set package 'slam_interfaces' build argument 'cmake_force_configure' from command line to 'False'
[0.111s] Level 5:colcon.colcon_core.verb:set package 'slam_interfaces' build argument 'ament_cmake_args' from command line to 'None'
[0.111s] Level 5:colcon.colcon_core.verb:set package 'slam_interfaces' build argument 'catkin_cmake_args' from command line to 'None'
[0.111s] Level 5:colcon.colcon_core.verb:set package 'slam_interfaces' build argument 'catkin_skip_building_tests' from command line to 'False'
[0.111s] DEBUG:colcon.colcon_core.verb:Building package 'slam_interfaces' with the following arguments: {'ament_cmake_args': None, 'build_base': '/home/abhirup/slam_platform/build/slam_interfaces', 'catkin_cmake_args': None, 'catkin_skip_building_tests': False, 'cmake_args': None, 'cmake_clean_cache': False, 'cmake_clean_first': False, 'cmake_force_configure': False, 'cmake_target': None, 'cmake_target_skip_unavailable': False, 'install_base': '/home/abhirup/slam_platform/install/slam_interfaces', 'merge_install': False, 'path': '/home/abhirup/slam_platform/slam_ws/src/slam_interfaces', 'symlink_install': False, 'test_result_base': None}
[0.111s] Level 5:colcon.colcon_core.verb:set package 'tf_manager' build argument 'cmake_args' from command line to 'None'
[0.111s] Level 5:colcon.colcon_core.verb:set package 'tf_manager' build argument 'cmake_target' from command line to 'None'
[0.111s] Level 5:colcon.colcon_core.verb:set package 'tf_manager' build argument 'cmake_target_skip_unavailable' from command line to 'False'
[0.111s] Level 5:colcon.colcon_core.verb:set package 'tf_manager' build argument 'cmake_clean_cache' from command line to 'False'
[0.111s] Level 5:colcon.colcon_core.verb:set package 'tf_manager' build argument 'cmake_clean_first' from command line to 'False'
[0.111s] Level 5:colcon.colcon_core.verb:set package 'tf_manager' build argument 'cmake_force_configure' from command line to 'False'
[0.111s] Level 5:colcon.colcon_core.verb:set package 'tf_manager' build argument 'ament_cmake_args' from command line to 'None'
[0.111s] Level 5:colcon.colcon_core.verb:set package 'tf_manager' build argument 'catkin_cmake_args' from command line to 'None'
[0.111s] Level 5:colcon.colcon_core.verb:set package 'tf_manager' build argument 'catkin_skip_building_tests' from command line to 'False'
[0.111s] DEBUG:colcon.colcon_core.verb:Building package 'tf_manager' with the following arguments: {'ament_cmake_args': None, 'build_base': '/home/abhirup/slam_platform/build/tf_manager', 'catkin_cmake_args': None, 'catkin_skip_building_tests': False, 'cmake_args': None, 'cmake_clean_cache': False, 'cmake_clean_first': False, 'cmake_force_configure': False, 'cmake_target': None, 'cmake_target_skip_unavailable': False, 'install_base': '/home/abhirup/slam_platform/install/tf_manager', 'merge_install': False, 'path': '/home/abhirup/slam_platform/slam_ws/src/tf_manager', 'symlink_install': False, 'test_result_base': None}
[0.111s] Level 5:colcon.colcon_core.verb:set package 'world_manager' build argument 'cmake_args' from command line to 'None'
[0.111s] Level 5:colcon.colcon_core.verb:set package 'world_manager' build argument 'cmake_target' from command line to 'None'
[0.111s] Level 5:colcon.colcon_core.verb:set package 'world_manager' build argument 'cmake_target_skip_unavailable' from command line to 'False'
[0.111s] Level 5:colcon.colcon_core.verb:set package 'world_manager' build argument 'cmake_clean_cache' from command line to 'False'
[0.111s] Level 5:colcon.colcon_core.verb:set package 'world_manager' build argument 'cmake_clean_first' from command line to 'False'
[0.111s] Level 5:colcon.colcon_core.verb:set package 'world_manager' build argument 'cmake_force_configure' from command line to 'False'
[0.111s] Level 5:colcon.colcon_core.verb:set package 'world_manager' build argument 'ament_cmake_args' from command line to 'None'
[0.111s] Level 5:colcon.colcon_core.verb:set package 'world_manager' build argument 'catkin_cmake_args' from command line to 'None'
[0.111s] Level 5:colcon.colcon_core.verb:set package 'world_manager' build argument 'catkin_skip_building_tests' from command line to 'False'
[0.111s] DEBUG:colcon.colcon_core.verb:Building package 'world_manager' with the following arguments: {'ament_cmake_args': None, 'build_base': '/home/abhirup/slam_platform/build/world_manager', 'catkin_cmake_args': None, 'catkin_skip_building_tests': False, 'cmake_args': None, 'cmake_clean_cache': False, 'cmake_clean_first': False, 'cmake_force_configure': False, 'cmake_target': None, 'cmake_target_skip_unavailable': False, 'install_base': '/home/abhirup/slam_platform/install/world_manager', 'merge_install': False, 'path': '/home/abhirup/slam_platform/slam_ws/src/world_manager', 'symlink_install': False, 'test_result_base': None}
[0.111s] INFO:colcon.colcon_core.executor:Executing jobs using 'parallel' executor
[0.112s] DEBUG:colcon.colcon_parallel_executor.executor.parallel:run_until_complete
[0.112s] INFO:colcon.colcon_ros.task.ament_python.build:Building ROS package in '/home/abhirup/slam_platform/slam_ws/src/evaluator_ros' with build type 'ament_python'
[0.112s] Level 1:colcon.colcon_core.shell:create_environment_hook('evaluator_ros', 'ament_prefix_path')
[0.113s] INFO:colcon.colcon_core.plugin_system:Skipping extension 'colcon_core.shell.bat': Not used on non-Windows systems
[0.113s] INFO:colcon.colcon_core.shell:Creating environment hook '/home/abhirup/slam_platform/install/evaluator_ros/share/evaluator_ros/hook/ament_prefix_path.ps1'
[0.113s] INFO:colcon.colcon_core.shell:Creating environment descriptor '/home/abhirup/slam_platform/install/evaluator_ros/share/evaluator_ros/hook/ament_prefix_path.dsv'
[0.113s] INFO:colcon.colcon_core.shell:Creating environment hook '/home/abhirup/slam_platform/install/evaluator_ros/share/evaluator_ros/hook/ament_prefix_path.sh'
[0.114s] INFO:colcon.colcon_core.shell:Skip shell extension 'powershell' for command environment: Not usable outside of PowerShell
[0.114s] DEBUG:colcon.colcon_core.shell:Skip shell extension 'dsv' for command environment
[0.115s] INFO:colcon.colcon_ros.task.ament_python.build:Building ROS package in '/home/abhirup/slam_platform/slam_ws/src/experiment_manager' with build type 'ament_python'
[0.115s] Level 1:colcon.colcon_core.shell:create_environment_hook('experiment_manager', 'ament_prefix_path')
[0.115s] INFO:colcon.colcon_core.shell:Creating environment hook '/home/abhirup/slam_platform/install/experiment_manager/share/experiment_manager/hook/ament_prefix_path.ps1'
[0.115s] INFO:colcon.colcon_core.shell:Creating environment descriptor '/home/abhirup/slam_platform/install/experiment_manager/share/experiment_manager/hook/ament_prefix_path.dsv'
[0.115s] INFO:colcon.colcon_core.shell:Creating environment hook '/home/abhirup/slam_platform/install/experiment_manager/share/experiment_manager/hook/ament_prefix_path.sh'
[0.115s] INFO:colcon.colcon_core.shell:Skip shell extension 'powershell' for command environment: Not usable outside of PowerShell
[0.115s] DEBUG:colcon.colcon_core.shell:Skip shell extension 'dsv' for command environment
[0.116s] INFO:colcon.colcon_ros.task.ament_python.build:Building ROS package in '/home/abhirup/slam_platform/slam_ws/src/ground_truth_provider' with build type 'ament_python'
[0.116s] Level 1:colcon.colcon_core.shell:create_environment_hook('ground_truth_provider', 'ament_prefix_path')
[0.116s] INFO:colcon.colcon_core.shell:Creating environment hook '/home/abhirup/slam_platform/install/ground_truth_provider/share/ground_truth_provider/hook/ament_prefix_path.ps1'
[0.117s] INFO:colcon.colcon_core.shell:Creating environment descriptor '/home/abhirup/slam_platform/install/ground_truth_provider/share/ground_truth_provider/hook/ament_prefix_path.dsv'
[0.117s] INFO:colcon.colcon_core.shell:Creating environment hook '/home/abhirup/slam_platform/install/ground_truth_provider/share/ground_truth_provider/hook/ament_prefix_path.sh'
[0.117s] INFO:colcon.colcon_core.shell:Skip shell extension 'powershell' for command environment: Not usable outside of PowerShell
[0.117s] DEBUG:colcon.colcon_core.shell:Skip shell extension 'dsv' for command environment
[0.118s] INFO:colcon.colcon_ros.task.ament_python.build:Building ROS package in '/home/abhirup/slam_platform/slam_ws/src/robot_bringup' with build type 'ament_python'
[0.118s] Level 1:colcon.colcon_core.shell:create_environment_hook('robot_bringup', 'ament_prefix_path')
[0.118s] INFO:colcon.colcon_core.shell:Creating environment hook '/home/abhirup/slam_platform/install/robot_bringup/share/robot_bringup/hook/ament_prefix_path.ps1'
[0.118s] INFO:colcon.colcon_core.shell:Creating environment descriptor '/home/abhirup/slam_platform/install/robot_bringup/share/robot_bringup/hook/ament_prefix_path.dsv'
[0.118s] INFO:colcon.colcon_core.shell:Creating environment hook '/home/abhirup/slam_platform/install/robot_bringup/share/robot_bringup/hook/ament_prefix_path.sh'
[0.118s] INFO:colcon.colcon_core.shell:Skip shell extension 'powershell' for command environment: Not usable outside of PowerShell
[0.118s] DEBUG:colcon.colcon_core.shell:Skip shell extension 'dsv' for command environment
[0.119s] INFO:colcon.colcon_ros.task.ament_python.build:Building ROS package in '/home/abhirup/slam_platform/slam_ws/src/ros_gz_bridge_manager' with build type 'ament_python'
[0.119s] Level 1:colcon.colcon_core.shell:create_environment_hook('ros_gz_bridge_manager', 'ament_prefix_path')
[0.119s] INFO:colcon.colcon_core.shell:Creating environment hook '/home/abhirup/slam_platform/install/ros_gz_bridge_manager/share/ros_gz_bridge_manager/hook/ament_prefix_path.ps1'
[0.119s] INFO:colcon.colcon_core.shell:Creating environment descriptor '/home/abhirup/slam_platform/install/ros_gz_bridge_manager/share/ros_gz_bridge_manager/hook/ament_prefix_path.dsv'
[0.120s] INFO:colcon.colcon_core.shell:Creating environment hook '/home/abhirup/slam_platform/install/ros_gz_bridge_manager/share/ros_gz_bridge_manager/hook/ament_prefix_path.sh'
[0.120s] INFO:colcon.colcon_core.shell:Skip shell extension 'powershell' for command environment: Not usable outside of PowerShell
[0.120s] DEBUG:colcon.colcon_core.shell:Skip shell extension 'dsv' for command environment
[0.121s] INFO:colcon.colcon_ros.task.ament_python.build:Building ROS package in '/home/abhirup/slam_platform/slam_ws/src/sensor_adapter' with build type 'ament_python'
[0.121s] Level 1:colcon.colcon_core.shell:create_environment_hook('sensor_adapter', 'ament_prefix_path')
[0.121s] INFO:colcon.colcon_core.shell:Creating environment hook '/home/abhirup/slam_platform/install/sensor_adapter/share/sensor_adapter/hook/ament_prefix_path.ps1'
[0.121s] INFO:colcon.colcon_core.shell:Creating environment descriptor '/home/abhirup/slam_platform/install/sensor_adapter/share/sensor_adapter/hook/ament_prefix_path.dsv'
[0.121s] INFO:colcon.colcon_core.shell:Creating environment hook '/home/abhirup/slam_platform/install/sensor_adapter/share/sensor_adapter/hook/ament_prefix_path.sh'
[0.121s] INFO:colcon.colcon_core.shell:Skip shell extension 'powershell' for command environment: Not usable outside of PowerShell
[0.121s] DEBUG:colcon.colcon_core.shell:Skip shell extension 'dsv' for command environment
[0.122s] INFO:colcon.colcon_ros.task.ament_cmake.build:Building ROS package in '/home/abhirup/slam_platform/slam_ws/src/slam_interfaces' with build type 'ament_cmake'
[0.122s] INFO:colcon.colcon_cmake.task.cmake.build:Building CMake package in '/home/abhirup/slam_platform/slam_ws/src/slam_interfaces'
[0.122s] INFO:colcon.colcon_core.shell:Skip shell extension 'powershell' for command environment: Not usable outside of PowerShell
[0.122s] DEBUG:colcon.colcon_core.shell:Skip shell extension 'dsv' for command environment
[0.123s] INFO:colcon.colcon_ros.task.ament_python.build:Building ROS package in '/home/abhirup/slam_platform/slam_ws/src/tf_manager' with build type 'ament_python'
[0.123s] Level 1:colcon.colcon_core.shell:create_environment_hook('tf_manager', 'ament_prefix_path')
[0.123s] INFO:colcon.colcon_core.shell:Creating environment hook '/home/abhirup/slam_platform/install/tf_manager/share/tf_manager/hook/ament_prefix_path.ps1'
[0.123s] INFO:colcon.colcon_core.shell:Creating environment descriptor '/home/abhirup/slam_platform/install/tf_manager/share/tf_manager/hook/ament_prefix_path.dsv'
[0.123s] INFO:colcon.colcon_core.shell:Creating environment hook '/home/abhirup/slam_platform/install/tf_manager/share/tf_manager/hook/ament_prefix_path.sh'
[0.124s] INFO:colcon.colcon_core.shell:Skip shell extension 'powershell' for command environment: Not usable outside of PowerShell
[0.124s] DEBUG:colcon.colcon_core.shell:Skip shell extension 'dsv' for command environment
[0.124s] INFO:colcon.colcon_ros.task.ament_python.build:Building ROS package in '/home/abhirup/slam_platform/slam_ws/src/world_manager' with build type 'ament_python'
[0.124s] Level 1:colcon.colcon_core.shell:create_environment_hook('world_manager', 'ament_prefix_path')
[0.124s] INFO:colcon.colcon_core.shell:Creating environment hook '/home/abhirup/slam_platform/install/world_manager/share/world_manager/hook/ament_prefix_path.ps1'
[0.125s] INFO:colcon.colcon_core.shell:Creating environment descriptor '/home/abhirup/slam_platform/install/world_manager/share/world_manager/hook/ament_prefix_path.dsv'
[0.125s] INFO:colcon.colcon_core.shell:Creating environment hook '/home/abhirup/slam_platform/install/world_manager/share/world_manager/hook/ament_prefix_path.sh'
[0.125s] INFO:colcon.colcon_core.shell:Skip shell extension 'powershell' for command environment: Not usable outside of PowerShell
[0.125s] DEBUG:colcon.colcon_core.shell:Skip shell extension 'dsv' for command environment
[0.215s] INFO:colcon.colcon_core.task.python.build:Building Python package in '/home/abhirup/slam_platform/slam_ws/src/evaluator_ros'
[0.215s] INFO:colcon.colcon_core.shell:Skip shell extension 'powershell' for command environment: Not usable outside of PowerShell
[0.215s] DEBUG:colcon.colcon_core.shell:Skip shell extension 'dsv' for command environment
[0.303s] INFO:colcon.colcon_core.task.python.build:Building Python package in '/home/abhirup/slam_platform/slam_ws/src/experiment_manager'
[0.303s] INFO:colcon.colcon_core.shell:Skip shell extension 'powershell' for command environment: Not usable outside of PowerShell
[0.303s] DEBUG:colcon.colcon_core.shell:Skip shell extension 'dsv' for command environment
[0.393s] INFO:colcon.colcon_core.task.python.build:Building Python package in '/home/abhirup/slam_platform/slam_ws/src/ground_truth_provider'
[0.393s] INFO:colcon.colcon_core.shell:Skip shell extension 'powershell' for command environment: Not usable outside of PowerShell
[0.393s] DEBUG:colcon.colcon_core.shell:Skip shell extension 'dsv' for command environment
[0.482s] INFO:colcon.colcon_core.task.python.build:Building Python package in '/home/abhirup/slam_platform/slam_ws/src/robot_bringup'
[0.482s] INFO:colcon.colcon_core.shell:Skip shell extension 'powershell' for command environment: Not usable outside of PowerShell
[0.482s] DEBUG:colcon.colcon_core.shell:Skip shell extension 'dsv' for command environment
[0.576s] INFO:colcon.colcon_core.task.python.build:Building Python package in '/home/abhirup/slam_platform/slam_ws/src/ros_gz_bridge_manager'
[0.576s] INFO:colcon.colcon_core.shell:Skip shell extension 'powershell' for command environment: Not usable outside of PowerShell
[0.576s] DEBUG:colcon.colcon_core.shell:Skip shell extension 'dsv' for command environment
[0.668s] INFO:colcon.colcon_core.task.python.build:Building Python package in '/home/abhirup/slam_platform/slam_ws/src/sensor_adapter'
[0.668s] INFO:colcon.colcon_core.shell:Skip shell extension 'powershell' for command environment: Not usable outside of PowerShell
[0.668s] DEBUG:colcon.colcon_core.shell:Skip shell extension 'dsv' for command environment
[0.671s] DEBUG:colcon.colcon_core.event_handler.log_command:Invoking command in '/home/abhirup/slam_platform/build/slam_interfaces': CMAKE_PREFIX_PATH=${CMAKE_PREFIX_PATH}:/opt/ros/jazzy DEBUGINFOD_URLS=https://debuginfod.ubuntu.com /usr/bin/cmake --build /home/abhirup/slam_platform/build/slam_interfaces -- -j28 -l28
[0.766s] INFO:colcon.colcon_core.task.python.build:Building Python package in '/home/abhirup/slam_platform/slam_ws/src/tf_manager'
[0.766s] INFO:colcon.colcon_core.shell:Skip shell extension 'powershell' for command environment: Not usable outside of PowerShell
[0.766s] DEBUG:colcon.colcon_core.shell:Skip shell extension 'dsv' for command environment
[0.856s] INFO:colcon.colcon_core.task.python.build:Building Python package in '/home/abhirup/slam_platform/slam_ws/src/world_manager'
[0.857s] INFO:colcon.colcon_core.shell:Skip shell extension 'powershell' for command environment: Not usable outside of PowerShell
[0.857s] DEBUG:colcon.colcon_core.shell:Skip shell extension 'dsv' for command environment
[0.858s] DEBUG:colcon.colcon_core.event_handler.log_command:Invoked command in '/home/abhirup/slam_platform/build/slam_interfaces' returned '2': CMAKE_PREFIX_PATH=${CMAKE_PREFIX_PATH}:/opt/ros/jazzy DEBUGINFOD_URLS=https://debuginfod.ubuntu.com /usr/bin/cmake --build /home/abhirup/slam_platform/build/slam_interfaces -- -j28 -l28
[0.858s] Level 1:colcon.colcon_core.environment:create_environment_scripts_only(slam_interfaces)
[0.859s] Level 1:colcon.colcon_core.environment:checking '/home/abhirup/slam_platform/install/slam_interfaces' for CMake module files
[0.859s] Level 1:colcon.colcon_core.environment:checking '/home/abhirup/slam_platform/install/slam_interfaces' for CMake config files
[0.859s] Level 1:colcon.colcon_core.shell:create_environment_hook('slam_interfaces', 'cmake_prefix_path')
[0.859s] INFO:colcon.colcon_core.shell:Creating environment hook '/home/abhirup/slam_platform/install/slam_interfaces/share/slam_interfaces/hook/cmake_prefix_path.ps1'
[0.860s] INFO:colcon.colcon_core.shell:Creating environment descriptor '/home/abhirup/slam_platform/install/slam_interfaces/share/slam_interfaces/hook/cmake_prefix_path.dsv'
[0.860s] INFO:colcon.colcon_core.shell:Creating environment hook '/home/abhirup/slam_platform/install/slam_interfaces/share/slam_interfaces/hook/cmake_prefix_path.sh'
[0.860s] Level 1:colcon.colcon_core.environment:checking '/home/abhirup/slam_platform/install/slam_interfaces/bin'
[0.860s] Level 1:colcon.colcon_core.environment:checking '/home/abhirup/slam_platform/install/slam_interfaces/lib/pkgconfig/slam_interfaces.pc'
[0.860s] Level 1:colcon.colcon_core.environment:checking '/home/abhirup/slam_platform/install/slam_interfaces/lib/python3.12/site-packages'
[0.860s] Level 1:colcon.colcon_core.environment:checking '/home/abhirup/slam_platform/install/slam_interfaces/bin'
[0.860s] INFO:colcon.colcon_core.shell:Creating package script '/home/abhirup/slam_platform/install/slam_interfaces/share/slam_interfaces/package.ps1'
[0.861s] INFO:colcon.colcon_core.shell:Creating package descriptor '/home/abhirup/slam_platform/install/slam_interfaces/share/slam_interfaces/package.dsv'
[0.861s] INFO:colcon.colcon_core.shell:Creating package script '/home/abhirup/slam_platform/install/slam_interfaces/share/slam_interfaces/package.sh'
[0.861s] INFO:colcon.colcon_core.shell:Creating package script '/home/abhirup/slam_platform/install/slam_interfaces/share/slam_interfaces/package.bash'
[0.862s] INFO:colcon.colcon_core.shell:Creating package script '/home/abhirup/slam_platform/install/slam_interfaces/share/slam_interfaces/package.zsh'
[0.862s] Level 1:colcon.colcon_core.environment:create_file_with_runtime_dependencies(/home/abhirup/slam_platform/install/slam_interfaces/share/colcon-core/packages/slam_interfaces)
[0.873s] DEBUG:colcon.colcon_parallel_executor.executor.parallel:closing loop
[0.873s] DEBUG:colcon.colcon_parallel_executor.executor.parallel:loop closed
[0.873s] DEBUG:colcon.colcon_parallel_executor.executor.parallel:run_until_complete finished with '2'
[0.873s] DEBUG:colcon.colcon_core.event_reactor:joining thread
[0.875s] INFO:colcon.colcon_core.plugin_system:Skipping extension 'colcon_notification.desktop_notification.terminal_notifier': Not used on non-Darwin systems
[0.875s] INFO:colcon.colcon_core.plugin_system:Skipping extension 'colcon_notification.desktop_notification.win32': Not used on non-Windows systems
[0.875s] INFO:colcon.colcon_notification.desktop_notification:Sending desktop notification using 'notify2'
[0.882s] DEBUG:colcon.colcon_core.event_reactor:joined thread
[0.882s] INFO:colcon.colcon_core.shell:Creating prefix script '/home/abhirup/slam_platform/install/local_setup.ps1'
[0.883s] INFO:colcon.colcon_core.shell:Creating prefix util module '/home/abhirup/slam_platform/install/_local_setup_util_ps1.py'
[0.883s] INFO:colcon.colcon_core.shell:Creating prefix chain script '/home/abhirup/slam_platform/install/setup.ps1'
[0.883s] INFO:colcon.colcon_core.shell:Creating prefix script '/home/abhirup/slam_platform/install/local_setup.sh'
[0.884s] INFO:colcon.colcon_core.shell:Creating prefix util module '/home/abhirup/slam_platform/install/_local_setup_util_sh.py'
[0.884s] INFO:colcon.colcon_core.shell:Creating prefix chain script '/home/abhirup/slam_platform/install/setup.sh'
[0.884s] INFO:colcon.colcon_core.shell:Creating prefix script '/home/abhirup/slam_platform/install/local_setup.bash'
[0.884s] INFO:colcon.colcon_core.shell:Creating prefix chain script '/home/abhirup/slam_platform/install/setup.bash'
[0.885s] INFO:colcon.colcon_core.shell:Creating prefix script '/home/abhirup/slam_platform/install/local_setup.zsh'
[0.885s] INFO:colcon.colcon_core.shell:Creating prefix chain script '/home/abhirup/slam_platform/install/setup.zsh'
