[0.047s] DEBUG:colcon:Command line arguments: ['/usr/bin/colcon', 'build']
[0.047s] DEBUG:colcon:Parsed command line arguments: Namespace(log_base=None, log_level=None, verb_name='build', build_base='build', install_base='install', merge_install=False, symlink_install=False, test_result_base=None, continue_on_error=False, executor='parallel', parallel_workers=28, event_handlers=None, ignore_user_meta=False, metas=['./colcon.meta'], base_paths=['.'], packages_ignore=None, packages_ignore_regex=None, paths=None, packages_up_to=None, packages_up_to_regex=None, packages_above=None, packages_above_and_dependencies=None, packages_above_depth=None, packages_select_by_dep=None, packages_skip_by_dep=None, packages_skip_up_to=None, packages_select_build_failed=False, packages_skip_build_finished=False, packages_select_test_failures=False, packages_skip_test_passed=False, packages_select=None, packages_skip=None, packages_select_regex=None, packages_skip_regex=None, packages_start=None, packages_end=None, allow_overriding=[], cmake_args=None, cmake_target=None, cmake_target_skip_unavailable=False, cmake_clean_cache=False, cmake_clean_first=False, cmake_force_configure=False, ament_cmake_args=None, catkin_cmake_args=None, catkin_skip_building_tests=False, verb_parser=<colcon_defaults.argument_parser.defaults.DefaultArgumentsDecorator object at 0x782a45a80e30>, verb_extension=<colcon_core.verb.build.BuildVerb object at 0x782a45ba17f0>, main=<bound method BuildVerb.main of <colcon_core.verb.build.BuildVerb object at 0x782a45ba17f0>>)
[0.065s] Level 1:colcon.colcon_core.package_discovery:discover_packages(colcon_meta) check parameters
[0.065s] Level 1:colcon.colcon_core.package_discovery:discover_packages(recursive) check parameters
[0.065s] Level 1:colcon.colcon_core.package_discovery:discover_packages(ignore) check parameters
[0.065s] Level 1:colcon.colcon_core.package_discovery:discover_packages(path) check parameters
[0.065s] Level 1:colcon.colcon_core.package_discovery:discover_packages(colcon_meta) discover
[0.065s] Level 1:colcon.colcon_core.package_discovery:discover_packages(recursive) discover
[0.065s] INFO:colcon.colcon_core.package_discovery:Crawling recursively for packages in '/home/abhirup/slam_platform/slam_ws'
[0.065s] Level 1:colcon.colcon_core.package_identification:_identify(.) by extensions ['ignore', 'ignore_ament_install']
[0.066s] Level 1:colcon.colcon_core.package_identification:_identify(.) by extension 'ignore'
[0.066s] Level 1:colcon.colcon_core.package_identification:_identify(.) by extension 'ignore_ament_install'
[0.066s] Level 1:colcon.colcon_core.package_identification:_identify(.) by extensions ['colcon_pkg']
[0.066s] Level 1:colcon.colcon_core.package_identification:_identify(.) by extension 'colcon_pkg'
[0.066s] Level 1:colcon.colcon_core.package_identification:_identify(.) by extensions ['colcon_meta']
[0.066s] Level 1:colcon.colcon_core.package_identification:_identify(.) by extension 'colcon_meta'
[0.066s] Level 1:colcon.colcon_core.package_identification:_identify(.) by extensions ['ros']
[0.066s] Level 1:colcon.colcon_core.package_identification:_identify(.) by extension 'ros'
[0.078s] Level 1:colcon.colcon_core.package_identification:_identify(.) by extensions ['cmake', 'python']
[0.078s] Level 1:colcon.colcon_core.package_identification:_identify(.) by extension 'cmake'
[0.078s] Level 1:colcon.colcon_core.package_identification:_identify(.) by extension 'python'
[0.078s] Level 1:colcon.colcon_core.package_identification:_identify(.) by extensions ['python_setup_py']
[0.078s] Level 1:colcon.colcon_core.package_identification:_identify(.) by extension 'python_setup_py'
[0.078s] Level 1:colcon.colcon_core.package_identification:_identify(build) by extensions ['ignore', 'ignore_ament_install']
[0.078s] Level 1:colcon.colcon_core.package_identification:_identify(build) by extension 'ignore'
[0.078s] Level 1:colcon.colcon_core.package_identification:_identify(build) ignored
[0.079s] Level 1:colcon.colcon_core.package_identification:_identify(install) by extensions ['ignore', 'ignore_ament_install']
[0.079s] Level 1:colcon.colcon_core.package_identification:_identify(install) by extension 'ignore'
[0.079s] Level 1:colcon.colcon_core.package_identification:_identify(install) ignored
[0.079s] Level 1:colcon.colcon_core.package_identification:_identify(log) by extensions ['ignore', 'ignore_ament_install']
[0.079s] Level 1:colcon.colcon_core.package_identification:_identify(log) by extension 'ignore'
[0.079s] Level 1:colcon.colcon_core.package_identification:_identify(log) ignored
[0.079s] Level 1:colcon.colcon_core.package_identification:_identify(robots) by extensions ['ignore', 'ignore_ament_install']
[0.079s] Level 1:colcon.colcon_core.package_identification:_identify(robots) by extension 'ignore'
[0.079s] Level 1:colcon.colcon_core.package_identification:_identify(robots) by extension 'ignore_ament_install'
[0.079s] Level 1:colcon.colcon_core.package_identification:_identify(robots) by extensions ['colcon_pkg']
[0.079s] Level 1:colcon.colcon_core.package_identification:_identify(robots) by extension 'colcon_pkg'
[0.079s] Level 1:colcon.colcon_core.package_identification:_identify(robots) by extensions ['colcon_meta']
[0.079s] Level 1:colcon.colcon_core.package_identification:_identify(robots) by extension 'colcon_meta'
[0.079s] Level 1:colcon.colcon_core.package_identification:_identify(robots) by extensions ['ros']
[0.079s] Level 1:colcon.colcon_core.package_identification:_identify(robots) by extension 'ros'
[0.079s] Level 1:colcon.colcon_core.package_identification:_identify(robots) by extensions ['cmake', 'python']
[0.079s] Level 1:colcon.colcon_core.package_identification:_identify(robots) by extension 'cmake'
[0.079s] Level 1:colcon.colcon_core.package_identification:_identify(robots) by extension 'python'
[0.079s] Level 1:colcon.colcon_core.package_identification:_identify(robots) by extensions ['python_setup_py']
[0.079s] Level 1:colcon.colcon_core.package_identification:_identify(robots) by extension 'python_setup_py'
[0.079s] Level 1:colcon.colcon_core.package_identification:_identify(robots/ackerman_robot) by extensions ['ignore', 'ignore_ament_install']
[0.079s] Level 1:colcon.colcon_core.package_identification:_identify(robots/ackerman_robot) by extension 'ignore'
[0.079s] Level 1:colcon.colcon_core.package_identification:_identify(robots/ackerman_robot) by extension 'ignore_ament_install'
[0.079s] Level 1:colcon.colcon_core.package_identification:_identify(robots/ackerman_robot) by extensions ['colcon_pkg']
[0.079s] Level 1:colcon.colcon_core.package_identification:_identify(robots/ackerman_robot) by extension 'colcon_pkg'
[0.079s] Level 1:colcon.colcon_core.package_identification:_identify(robots/ackerman_robot) by extensions ['colcon_meta']
[0.079s] Level 1:colcon.colcon_core.package_identification:_identify(robots/ackerman_robot) by extension 'colcon_meta'
[0.079s] Level 1:colcon.colcon_core.package_identification:_identify(robots/ackerman_robot) by extensions ['ros']
[0.079s] Level 1:colcon.colcon_core.package_identification:_identify(robots/ackerman_robot) by extension 'ros'
[0.079s] Level 1:colcon.colcon_core.package_identification:_identify(robots/ackerman_robot) by extensions ['cmake', 'python']
[0.079s] Level 1:colcon.colcon_core.package_identification:_identify(robots/ackerman_robot) by extension 'cmake'
[0.079s] Level 1:colcon.colcon_core.package_identification:_identify(robots/ackerman_robot) by extension 'python'
[0.079s] Level 1:colcon.colcon_core.package_identification:_identify(robots/ackerman_robot) by extensions ['python_setup_py']
[0.079s] Level 1:colcon.colcon_core.package_identification:_identify(robots/ackerman_robot) by extension 'python_setup_py'
[0.079s] Level 1:colcon.colcon_core.package_identification:_identify(robots/differential_robot) by extensions ['ignore', 'ignore_ament_install']
[0.079s] Level 1:colcon.colcon_core.package_identification:_identify(robots/differential_robot) by extension 'ignore'
[0.079s] Level 1:colcon.colcon_core.package_identification:_identify(robots/differential_robot) by extension 'ignore_ament_install'
[0.079s] Level 1:colcon.colcon_core.package_identification:_identify(robots/differential_robot) by extensions ['colcon_pkg']
[0.079s] Level 1:colcon.colcon_core.package_identification:_identify(robots/differential_robot) by extension 'colcon_pkg'
[0.079s] Level 1:colcon.colcon_core.package_identification:_identify(robots/differential_robot) by extensions ['colcon_meta']
[0.079s] Level 1:colcon.colcon_core.package_identification:_identify(robots/differential_robot) by extension 'colcon_meta'
[0.079s] Level 1:colcon.colcon_core.package_identification:_identify(robots/differential_robot) by extensions ['ros']
[0.079s] Level 1:colcon.colcon_core.package_identification:_identify(robots/differential_robot) by extension 'ros'
[0.079s] Level 1:colcon.colcon_core.package_identification:_identify(robots/differential_robot) by extensions ['cmake', 'python']
[0.079s] Level 1:colcon.colcon_core.package_identification:_identify(robots/differential_robot) by extension 'cmake'
[0.079s] Level 1:colcon.colcon_core.package_identification:_identify(robots/differential_robot) by extension 'python'
[0.079s] Level 1:colcon.colcon_core.package_identification:_identify(robots/differential_robot) by extensions ['python_setup_py']
[0.079s] Level 1:colcon.colcon_core.package_identification:_identify(robots/differential_robot) by extension 'python_setup_py'
[0.080s] Level 1:colcon.colcon_core.package_identification:_identify(robots/differential_robot/config) by extensions ['ignore', 'ignore_ament_install']
[0.080s] Level 1:colcon.colcon_core.package_identification:_identify(robots/differential_robot/config) by extension 'ignore'
[0.080s] Level 1:colcon.colcon_core.package_identification:_identify(robots/differential_robot/config) by extension 'ignore_ament_install'
[0.080s] Level 1:colcon.colcon_core.package_identification:_identify(robots/differential_robot/config) by extensions ['colcon_pkg']
[0.080s] Level 1:colcon.colcon_core.package_identification:_identify(robots/differential_robot/config) by extension 'colcon_pkg'
[0.080s] Level 1:colcon.colcon_core.package_identification:_identify(robots/differential_robot/config) by extensions ['colcon_meta']
[0.080s] Level 1:colcon.colcon_core.package_identification:_identify(robots/differential_robot/config) by extension 'colcon_meta'
[0.080s] Level 1:colcon.colcon_core.package_identification:_identify(robots/differential_robot/config) by extensions ['ros']
[0.080s] Level 1:colcon.colcon_core.package_identification:_identify(robots/differential_robot/config) by extension 'ros'
[0.080s] Level 1:colcon.colcon_core.package_identification:_identify(robots/differential_robot/config) by extensions ['cmake', 'python']
[0.080s] Level 1:colcon.colcon_core.package_identification:_identify(robots/differential_robot/config) by extension 'cmake'
[0.080s] Level 1:colcon.colcon_core.package_identification:_identify(robots/differential_robot/config) by extension 'python'
[0.080s] Level 1:colcon.colcon_core.package_identification:_identify(robots/differential_robot/config) by extensions ['python_setup_py']
[0.080s] Level 1:colcon.colcon_core.package_identification:_identify(robots/differential_robot/config) by extension 'python_setup_py'
[0.080s] Level 1:colcon.colcon_core.package_identification:_identify(robots/differential_robot/meshes) by extensions ['ignore', 'ignore_ament_install']
[0.080s] Level 1:colcon.colcon_core.package_identification:_identify(robots/differential_robot/meshes) by extension 'ignore'
[0.080s] Level 1:colcon.colcon_core.package_identification:_identify(robots/differential_robot/meshes) by extension 'ignore_ament_install'
[0.080s] Level 1:colcon.colcon_core.package_identification:_identify(robots/differential_robot/meshes) by extensions ['colcon_pkg']
[0.080s] Level 1:colcon.colcon_core.package_identification:_identify(robots/differential_robot/meshes) by extension 'colcon_pkg'
[0.080s] Level 1:colcon.colcon_core.package_identification:_identify(robots/differential_robot/meshes) by extensions ['colcon_meta']
[0.080s] Level 1:colcon.colcon_core.package_identification:_identify(robots/differential_robot/meshes) by extension 'colcon_meta'
[0.080s] Level 1:colcon.colcon_core.package_identification:_identify(robots/differential_robot/meshes) by extensions ['ros']
[0.080s] Level 1:colcon.colcon_core.package_identification:_identify(robots/differential_robot/meshes) by extension 'ros'
[0.080s] Level 1:colcon.colcon_core.package_identification:_identify(robots/differential_robot/meshes) by extensions ['cmake', 'python']
[0.080s] Level 1:colcon.colcon_core.package_identification:_identify(robots/differential_robot/meshes) by extension 'cmake'
[0.080s] Level 1:colcon.colcon_core.package_identification:_identify(robots/differential_robot/meshes) by extension 'python'
[0.080s] Level 1:colcon.colcon_core.package_identification:_identify(robots/differential_robot/meshes) by extensions ['python_setup_py']
[0.080s] Level 1:colcon.colcon_core.package_identification:_identify(robots/differential_robot/meshes) by extension 'python_setup_py'
[0.080s] Level 1:colcon.colcon_core.package_identification:_identify(robots/differential_robot/urdf) by extensions ['ignore', 'ignore_ament_install']
[0.080s] Level 1:colcon.colcon_core.package_identification:_identify(robots/differential_robot/urdf) by extension 'ignore'
[0.080s] Level 1:colcon.colcon_core.package_identification:_identify(robots/differential_robot/urdf) by extension 'ignore_ament_install'
[0.080s] Level 1:colcon.colcon_core.package_identification:_identify(robots/differential_robot/urdf) by extensions ['colcon_pkg']
[0.080s] Level 1:colcon.colcon_core.package_identification:_identify(robots/differential_robot/urdf) by extension 'colcon_pkg'
[0.080s] Level 1:colcon.colcon_core.package_identification:_identify(robots/differential_robot/urdf) by extensions ['colcon_meta']
[0.080s] Level 1:colcon.colcon_core.package_identification:_identify(robots/differential_robot/urdf) by extension 'colcon_meta'
[0.080s] Level 1:colcon.colcon_core.package_identification:_identify(robots/differential_robot/urdf) by extensions ['ros']
[0.080s] Level 1:colcon.colcon_core.package_identification:_identify(robots/differential_robot/urdf) by extension 'ros'
[0.080s] Level 1:colcon.colcon_core.package_identification:_identify(robots/differential_robot/urdf) by extensions ['cmake', 'python']
[0.080s] Level 1:colcon.colcon_core.package_identification:_identify(robots/differential_robot/urdf) by extension 'cmake'
[0.080s] Level 1:colcon.colcon_core.package_identification:_identify(robots/differential_robot/urdf) by extension 'python'
[0.080s] Level 1:colcon.colcon_core.package_identification:_identify(robots/differential_robot/urdf) by extensions ['python_setup_py']
[0.080s] Level 1:colcon.colcon_core.package_identification:_identify(robots/differential_robot/urdf) by extension 'python_setup_py'
[0.080s] Level 1:colcon.colcon_core.package_identification:_identify(robots/differential_robot/urdf/build) by extensions ['ignore', 'ignore_ament_install']
[0.080s] Level 1:colcon.colcon_core.package_identification:_identify(robots/differential_robot/urdf/build) by extension 'ignore'
[0.080s] Level 1:colcon.colcon_core.package_identification:_identify(robots/differential_robot/urdf/build) ignored
[0.080s] Level 1:colcon.colcon_core.package_identification:_identify(robots/differential_robot/urdf/install) by extensions ['ignore', 'ignore_ament_install']
[0.080s] Level 1:colcon.colcon_core.package_identification:_identify(robots/differential_robot/urdf/install) by extension 'ignore'
[0.080s] Level 1:colcon.colcon_core.package_identification:_identify(robots/differential_robot/urdf/install) ignored
[0.080s] Level 1:colcon.colcon_core.package_identification:_identify(robots/differential_robot/urdf/log) by extensions ['ignore', 'ignore_ament_install']
[0.081s] Level 1:colcon.colcon_core.package_identification:_identify(robots/differential_robot/urdf/log) by extension 'ignore'
[0.081s] Level 1:colcon.colcon_core.package_identification:_identify(robots/differential_robot/urdf/log) ignored
[0.081s] Level 1:colcon.colcon_core.package_identification:_identify(src) by extensions ['ignore', 'ignore_ament_install']
[0.081s] Level 1:colcon.colcon_core.package_identification:_identify(src) by extension 'ignore'
[0.081s] Level 1:colcon.colcon_core.package_identification:_identify(src) by extension 'ignore_ament_install'
[0.081s] Level 1:colcon.colcon_core.package_identification:_identify(src) by extensions ['colcon_pkg']
[0.081s] Level 1:colcon.colcon_core.package_identification:_identify(src) by extension 'colcon_pkg'
[0.081s] Level 1:colcon.colcon_core.package_identification:_identify(src) by extensions ['colcon_meta']
[0.081s] Level 1:colcon.colcon_core.package_identification:_identify(src) by extension 'colcon_meta'
[0.081s] Level 1:colcon.colcon_core.package_identification:_identify(src) by extensions ['ros']
[0.081s] Level 1:colcon.colcon_core.package_identification:_identify(src) by extension 'ros'
[0.081s] Level 1:colcon.colcon_core.package_identification:_identify(src) by extensions ['cmake', 'python']
[0.081s] Level 1:colcon.colcon_core.package_identification:_identify(src) by extension 'cmake'
[0.081s] Level 1:colcon.colcon_core.package_identification:_identify(src) by extension 'python'
[0.081s] Level 1:colcon.colcon_core.package_identification:_identify(src) by extensions ['python_setup_py']
[0.081s] Level 1:colcon.colcon_core.package_identification:_identify(src) by extension 'python_setup_py'
[0.081s] Level 1:colcon.colcon_core.package_identification:_identify(src/evaluator_ros) by extensions ['ignore', 'ignore_ament_install']
[0.081s] Level 1:colcon.colcon_core.package_identification:_identify(src/evaluator_ros) by extension 'ignore'
[0.081s] Level 1:colcon.colcon_core.package_identification:_identify(src/evaluator_ros) by extension 'ignore_ament_install'
[0.081s] Level 1:colcon.colcon_core.package_identification:_identify(src/evaluator_ros) by extensions ['colcon_pkg']
[0.081s] Level 1:colcon.colcon_core.package_identification:_identify(src/evaluator_ros) by extension 'colcon_pkg'
[0.081s] Level 1:colcon.colcon_core.package_identification:_identify(src/evaluator_ros) by extensions ['colcon_meta']
[0.081s] Level 1:colcon.colcon_core.package_identification:_identify(src/evaluator_ros) by extension 'colcon_meta'
[0.081s] Level 1:colcon.colcon_core.package_identification:_identify(src/evaluator_ros) by extensions ['ros']
[0.081s] Level 1:colcon.colcon_core.package_identification:_identify(src/evaluator_ros) by extension 'ros'
[0.082s] DEBUG:colcon.colcon_core.package_identification:Package 'src/evaluator_ros' with type 'ros.ament_python' and name 'evaluator_ros'
[0.082s] Level 1:colcon.colcon_core.package_identification:_identify(src/experiment_manager) by extensions ['ignore', 'ignore_ament_install']
[0.082s] Level 1:colcon.colcon_core.package_identification:_identify(src/experiment_manager) by extension 'ignore'
[0.082s] Level 1:colcon.colcon_core.package_identification:_identify(src/experiment_manager) by extension 'ignore_ament_install'
[0.082s] Level 1:colcon.colcon_core.package_identification:_identify(src/experiment_manager) by extensions ['colcon_pkg']
[0.082s] Level 1:colcon.colcon_core.package_identification:_identify(src/experiment_manager) by extension 'colcon_pkg'
[0.082s] Level 1:colcon.colcon_core.package_identification:_identify(src/experiment_manager) by extensions ['colcon_meta']
[0.082s] Level 1:colcon.colcon_core.package_identification:_identify(src/experiment_manager) by extension 'colcon_meta'
[0.082s] Level 1:colcon.colcon_core.package_identification:_identify(src/experiment_manager) by extensions ['ros']
[0.082s] Level 1:colcon.colcon_core.package_identification:_identify(src/experiment_manager) by extension 'ros'
[0.083s] DEBUG:colcon.colcon_core.package_identification:Package 'src/experiment_manager' with type 'ros.ament_python' and name 'experiment_manager'
[0.083s] Level 1:colcon.colcon_core.package_identification:_identify(src/ground_truth_provider) by extensions ['ignore', 'ignore_ament_install']
[0.083s] Level 1:colcon.colcon_core.package_identification:_identify(src/ground_truth_provider) by extension 'ignore'
[0.083s] Level 1:colcon.colcon_core.package_identification:_identify(src/ground_truth_provider) by extension 'ignore_ament_install'
[0.083s] Level 1:colcon.colcon_core.package_identification:_identify(src/ground_truth_provider) by extensions ['colcon_pkg']
[0.083s] Level 1:colcon.colcon_core.package_identification:_identify(src/ground_truth_provider) by extension 'colcon_pkg'
[0.083s] Level 1:colcon.colcon_core.package_identification:_identify(src/ground_truth_provider) by extensions ['colcon_meta']
[0.083s] Level 1:colcon.colcon_core.package_identification:_identify(src/ground_truth_provider) by extension 'colcon_meta'
[0.083s] Level 1:colcon.colcon_core.package_identification:_identify(src/ground_truth_provider) by extensions ['ros']
[0.083s] Level 1:colcon.colcon_core.package_identification:_identify(src/ground_truth_provider) by extension 'ros'
[0.083s] DEBUG:colcon.colcon_core.package_identification:Package 'src/ground_truth_provider' with type 'ros.ament_python' and name 'ground_truth_provider'
[0.083s] Level 1:colcon.colcon_core.package_identification:_identify(src/robot_bringup) by extensions ['ignore', 'ignore_ament_install']
[0.083s] Level 1:colcon.colcon_core.package_identification:_identify(src/robot_bringup) by extension 'ignore'
[0.083s] Level 1:colcon.colcon_core.package_identification:_identify(src/robot_bringup) by extension 'ignore_ament_install'
[0.083s] Level 1:colcon.colcon_core.package_identification:_identify(src/robot_bringup) by extensions ['colcon_pkg']
[0.083s] Level 1:colcon.colcon_core.package_identification:_identify(src/robot_bringup) by extension 'colcon_pkg'
[0.083s] Level 1:colcon.colcon_core.package_identification:_identify(src/robot_bringup) by extensions ['colcon_meta']
[0.083s] Level 1:colcon.colcon_core.package_identification:_identify(src/robot_bringup) by extension 'colcon_meta'
[0.083s] Level 1:colcon.colcon_core.package_identification:_identify(src/robot_bringup) by extensions ['ros']
[0.083s] Level 1:colcon.colcon_core.package_identification:_identify(src/robot_bringup) by extension 'ros'
[0.083s] DEBUG:colcon.colcon_core.package_identification:Package 'src/robot_bringup' with type 'ros.ament_python' and name 'robot_bringup'
[0.083s] Level 1:colcon.colcon_core.package_identification:_identify(src/ros_gz_bridge_manager) by extensions ['ignore', 'ignore_ament_install']
[0.084s] Level 1:colcon.colcon_core.package_identification:_identify(src/ros_gz_bridge_manager) by extension 'ignore'
[0.084s] Level 1:colcon.colcon_core.package_identification:_identify(src/ros_gz_bridge_manager) by extension 'ignore_ament_install'
[0.084s] Level 1:colcon.colcon_core.package_identification:_identify(src/ros_gz_bridge_manager) by extensions ['colcon_pkg']
[0.084s] Level 1:colcon.colcon_core.package_identification:_identify(src/ros_gz_bridge_manager) by extension 'colcon_pkg'
[0.084s] Level 1:colcon.colcon_core.package_identification:_identify(src/ros_gz_bridge_manager) by extensions ['colcon_meta']
[0.084s] Level 1:colcon.colcon_core.package_identification:_identify(src/ros_gz_bridge_manager) by extension 'colcon_meta'
[0.084s] Level 1:colcon.colcon_core.package_identification:_identify(src/ros_gz_bridge_manager) by extensions ['ros']
[0.084s] Level 1:colcon.colcon_core.package_identification:_identify(src/ros_gz_bridge_manager) by extension 'ros'
[0.084s] DEBUG:colcon.colcon_core.package_identification:Package 'src/ros_gz_bridge_manager' with type 'ros.ament_python' and name 'ros_gz_bridge_manager'
[0.084s] Level 1:colcon.colcon_core.package_identification:_identify(src/sensor_adapter) by extensions ['ignore', 'ignore_ament_install']
[0.084s] Level 1:colcon.colcon_core.package_identification:_identify(src/sensor_adapter) by extension 'ignore'
[0.084s] Level 1:colcon.colcon_core.package_identification:_identify(src/sensor_adapter) by extension 'ignore_ament_install'
[0.084s] Level 1:colcon.colcon_core.package_identification:_identify(src/sensor_adapter) by extensions ['colcon_pkg']
[0.084s] Level 1:colcon.colcon_core.package_identification:_identify(src/sensor_adapter) by extension 'colcon_pkg'
[0.084s] Level 1:colcon.colcon_core.package_identification:_identify(src/sensor_adapter) by extensions ['colcon_meta']
[0.084s] Level 1:colcon.colcon_core.package_identification:_identify(src/sensor_adapter) by extension 'colcon_meta'
[0.084s] Level 1:colcon.colcon_core.package_identification:_identify(src/sensor_adapter) by extensions ['ros']
[0.084s] Level 1:colcon.colcon_core.package_identification:_identify(src/sensor_adapter) by extension 'ros'
[0.084s] DEBUG:colcon.colcon_core.package_identification:Package 'src/sensor_adapter' with type 'ros.ament_python' and name 'sensor_adapter'
[0.084s] Level 1:colcon.colcon_core.package_identification:_identify(src/slam_interfaces) by extensions ['ignore', 'ignore_ament_install']
[0.084s] Level 1:colcon.colcon_core.package_identification:_identify(src/slam_interfaces) by extension 'ignore'
[0.084s] Level 1:colcon.colcon_core.package_identification:_identify(src/slam_interfaces) by extension 'ignore_ament_install'
[0.084s] Level 1:colcon.colcon_core.package_identification:_identify(src/slam_interfaces) by extensions ['colcon_pkg']
[0.084s] Level 1:colcon.colcon_core.package_identification:_identify(src/slam_interfaces) by extension 'colcon_pkg'
[0.084s] Level 1:colcon.colcon_core.package_identification:_identify(src/slam_interfaces) by extensions ['colcon_meta']
[0.084s] Level 1:colcon.colcon_core.package_identification:_identify(src/slam_interfaces) by extension 'colcon_meta'
[0.084s] Level 1:colcon.colcon_core.package_identification:_identify(src/slam_interfaces) by extensions ['ros']
[0.084s] Level 1:colcon.colcon_core.package_identification:_identify(src/slam_interfaces) by extension 'ros'
[0.085s] DEBUG:colcon.colcon_core.package_identification:Package 'src/slam_interfaces' with type 'ros.ament_cmake' and name 'slam_interfaces'
[0.085s] Level 1:colcon.colcon_core.package_identification:_identify(src/tf_manager) by extensions ['ignore', 'ignore_ament_install']
[0.085s] Level 1:colcon.colcon_core.package_identification:_identify(src/tf_manager) by extension 'ignore'
[0.085s] Level 1:colcon.colcon_core.package_identification:_identify(src/tf_manager) by extension 'ignore_ament_install'
[0.085s] Level 1:colcon.colcon_core.package_identification:_identify(src/tf_manager) by extensions ['colcon_pkg']
[0.085s] Level 1:colcon.colcon_core.package_identification:_identify(src/tf_manager) by extension 'colcon_pkg'
[0.085s] Level 1:colcon.colcon_core.package_identification:_identify(src/tf_manager) by extensions ['colcon_meta']
[0.085s] Level 1:colcon.colcon_core.package_identification:_identify(src/tf_manager) by extension 'colcon_meta'
[0.085s] Level 1:colcon.colcon_core.package_identification:_identify(src/tf_manager) by extensions ['ros']
[0.085s] Level 1:colcon.colcon_core.package_identification:_identify(src/tf_manager) by extension 'ros'
[0.085s] DEBUG:colcon.colcon_core.package_identification:Package 'src/tf_manager' with type 'ros.ament_python' and name 'tf_manager'
[0.085s] Level 1:colcon.colcon_core.package_identification:_identify(src/world_manager) by extensions ['ignore', 'ignore_ament_install']
[0.085s] Level 1:colcon.colcon_core.package_identification:_identify(src/world_manager) by extension 'ignore'
[0.085s] Level 1:colcon.colcon_core.package_identification:_identify(src/world_manager) by extension 'ignore_ament_install'
[0.085s] Level 1:colcon.colcon_core.package_identification:_identify(src/world_manager) by extensions ['colcon_pkg']
[0.085s] Level 1:colcon.colcon_core.package_identification:_identify(src/world_manager) by extension 'colcon_pkg'
[0.085s] Level 1:colcon.colcon_core.package_identification:_identify(src/world_manager) by extensions ['colcon_meta']
[0.085s] Level 1:colcon.colcon_core.package_identification:_identify(src/world_manager) by extension 'colcon_meta'
[0.085s] Level 1:colcon.colcon_core.package_identification:_identify(src/world_manager) by extensions ['ros']
[0.085s] Level 1:colcon.colcon_core.package_identification:_identify(src/world_manager) by extension 'ros'
[0.085s] DEBUG:colcon.colcon_core.package_identification:Package 'src/world_manager' with type 'ros.ament_python' and name 'world_manager'
[0.085s] Level 1:colcon.colcon_core.package_identification:_identify(worlds) by extensions ['ignore', 'ignore_ament_install']
[0.086s] Level 1:colcon.colcon_core.package_identification:_identify(worlds) by extension 'ignore'
[0.086s] Level 1:colcon.colcon_core.package_identification:_identify(worlds) by extension 'ignore_ament_install'
[0.086s] Level 1:colcon.colcon_core.package_identification:_identify(worlds) by extensions ['colcon_pkg']
[0.086s] Level 1:colcon.colcon_core.package_identification:_identify(worlds) by extension 'colcon_pkg'
[0.086s] Level 1:colcon.colcon_core.package_identification:_identify(worlds) by extensions ['colcon_meta']
[0.086s] Level 1:colcon.colcon_core.package_identification:_identify(worlds) by extension 'colcon_meta'
[0.086s] Level 1:colcon.colcon_core.package_identification:_identify(worlds) by extensions ['ros']
[0.086s] Level 1:colcon.colcon_core.package_identification:_identify(worlds) by extension 'ros'
[0.086s] Level 1:colcon.colcon_core.package_identification:_identify(worlds) by extensions ['cmake', 'python']
[0.086s] Level 1:colcon.colcon_core.package_identification:_identify(worlds) by extension 'cmake'
[0.086s] Level 1:colcon.colcon_core.package_identification:_identify(worlds) by extension 'python'
[0.086s] Level 1:colcon.colcon_core.package_identification:_identify(worlds) by extensions ['python_setup_py']
[0.086s] Level 1:colcon.colcon_core.package_identification:_identify(worlds) by extension 'python_setup_py'
[0.086s] Level 1:colcon.colcon_core.package_identification:_identify(worlds/corridor) by extensions ['ignore', 'ignore_ament_install']
[0.086s] Level 1:colcon.colcon_core.package_identification:_identify(worlds/corridor) by extension 'ignore'
[0.086s] Level 1:colcon.colcon_core.package_identification:_identify(worlds/corridor) by extension 'ignore_ament_install'
[0.086s] Level 1:colcon.colcon_core.package_identification:_identify(worlds/corridor) by extensions ['colcon_pkg']
[0.086s] Level 1:colcon.colcon_core.package_identification:_identify(worlds/corridor) by extension 'colcon_pkg'
[0.086s] Level 1:colcon.colcon_core.package_identification:_identify(worlds/corridor) by extensions ['colcon_meta']
[0.086s] Level 1:colcon.colcon_core.package_identification:_identify(worlds/corridor) by extension 'colcon_meta'
[0.086s] Level 1:colcon.colcon_core.package_identification:_identify(worlds/corridor) by extensions ['ros']
[0.086s] Level 1:colcon.colcon_core.package_identification:_identify(worlds/corridor) by extension 'ros'
[0.086s] Level 1:colcon.colcon_core.package_identification:_identify(worlds/corridor) by extensions ['cmake', 'python']
[0.086s] Level 1:colcon.colcon_core.package_identification:_identify(worlds/corridor) by extension 'cmake'
[0.086s] Level 1:colcon.colcon_core.package_identification:_identify(worlds/corridor) by extension 'python'
[0.086s] Level 1:colcon.colcon_core.package_identification:_identify(worlds/corridor) by extensions ['python_setup_py']
[0.086s] Level 1:colcon.colcon_core.package_identification:_identify(worlds/corridor) by extension 'python_setup_py'
[0.086s] Level 1:colcon.colcon_core.package_identification:_identify(worlds/multiroom) by extensions ['ignore', 'ignore_ament_install']
[0.086s] Level 1:colcon.colcon_core.package_identification:_identify(worlds/multiroom) by extension 'ignore'
[0.086s] Level 1:colcon.colcon_core.package_identification:_identify(worlds/multiroom) by extension 'ignore_ament_install'
[0.086s] Level 1:colcon.colcon_core.package_identification:_identify(worlds/multiroom) by extensions ['colcon_pkg']
[0.086s] Level 1:colcon.colcon_core.package_identification:_identify(worlds/multiroom) by extension 'colcon_pkg'
[0.086s] Level 1:colcon.colcon_core.package_identification:_identify(worlds/multiroom) by extensions ['colcon_meta']
[0.086s] Level 1:colcon.colcon_core.package_identification:_identify(worlds/multiroom) by extension 'colcon_meta'
[0.086s] Level 1:colcon.colcon_core.package_identification:_identify(worlds/multiroom) by extensions ['ros']
[0.086s] Level 1:colcon.colcon_core.package_identification:_identify(worlds/multiroom) by extension 'ros'
[0.086s] Level 1:colcon.colcon_core.package_identification:_identify(worlds/multiroom) by extensions ['cmake', 'python']
[0.086s] Level 1:colcon.colcon_core.package_identification:_identify(worlds/multiroom) by extension 'cmake'
[0.086s] Level 1:colcon.colcon_core.package_identification:_identify(worlds/multiroom) by extension 'python'
[0.086s] Level 1:colcon.colcon_core.package_identification:_identify(worlds/multiroom) by extensions ['python_setup_py']
[0.086s] Level 1:colcon.colcon_core.package_identification:_identify(worlds/multiroom) by extension 'python_setup_py'
[0.086s] Level 1:colcon.colcon_core.package_identification:_identify(worlds/office) by extensions ['ignore', 'ignore_ament_install']
[0.086s] Level 1:colcon.colcon_core.package_identification:_identify(worlds/office) by extension 'ignore'
[0.086s] Level 1:colcon.colcon_core.package_identification:_identify(worlds/office) by extension 'ignore_ament_install'
[0.086s] Level 1:colcon.colcon_core.package_identification:_identify(worlds/office) by extensions ['colcon_pkg']
[0.086s] Level 1:colcon.colcon_core.package_identification:_identify(worlds/office) by extension 'colcon_pkg'
[0.086s] Level 1:colcon.colcon_core.package_identification:_identify(worlds/office) by extensions ['colcon_meta']
[0.086s] Level 1:colcon.colcon_core.package_identification:_identify(worlds/office) by extension 'colcon_meta'
[0.086s] Level 1:colcon.colcon_core.package_identification:_identify(worlds/office) by extensions ['ros']
[0.086s] Level 1:colcon.colcon_core.package_identification:_identify(worlds/office) by extension 'ros'
[0.086s] Level 1:colcon.colcon_core.package_identification:_identify(worlds/office) by extensions ['cmake', 'python']
[0.086s] Level 1:colcon.colcon_core.package_identification:_identify(worlds/office) by extension 'cmake'
[0.086s] Level 1:colcon.colcon_core.package_identification:_identify(worlds/office) by extension 'python'
[0.086s] Level 1:colcon.colcon_core.package_identification:_identify(worlds/office) by extensions ['python_setup_py']
[0.086s] Level 1:colcon.colcon_core.package_identification:_identify(worlds/office) by extension 'python_setup_py'
[0.086s] Level 1:colcon.colcon_core.package_identification:_identify(worlds/test_world) by extensions ['ignore', 'ignore_ament_install']
[0.087s] Level 1:colcon.colcon_core.package_identification:_identify(worlds/test_world) by extension 'ignore'
[0.087s] Level 1:colcon.colcon_core.package_identification:_identify(worlds/test_world) by extension 'ignore_ament_install'
[0.087s] Level 1:colcon.colcon_core.package_identification:_identify(worlds/test_world) by extensions ['colcon_pkg']
[0.087s] Level 1:colcon.colcon_core.package_identification:_identify(worlds/test_world) by extension 'colcon_pkg'
[0.087s] Level 1:colcon.colcon_core.package_identification:_identify(worlds/test_world) by extensions ['colcon_meta']
[0.087s] Level 1:colcon.colcon_core.package_identification:_identify(worlds/test_world) by extension 'colcon_meta'
[0.087s] Level 1:colcon.colcon_core.package_identification:_identify(worlds/test_world) by extensions ['ros']
[0.087s] Level 1:colcon.colcon_core.package_identification:_identify(worlds/test_world) by extension 'ros'
[0.087s] Level 1:colcon.colcon_core.package_identification:_identify(worlds/test_world) by extensions ['cmake', 'python']
[0.087s] Level 1:colcon.colcon_core.package_identification:_identify(worlds/test_world) by extension 'cmake'
[0.087s] Level 1:colcon.colcon_core.package_identification:_identify(worlds/test_world) by extension 'python'
[0.087s] Level 1:colcon.colcon_core.package_identification:_identify(worlds/test_world) by extensions ['python_setup_py']
[0.087s] Level 1:colcon.colcon_core.package_identification:_identify(worlds/test_world) by extension 'python_setup_py'
[0.087s] Level 1:colcon.colcon_core.package_identification:_identify(worlds/warehouse) by extensions ['ignore', 'ignore_ament_install']
[0.087s] Level 1:colcon.colcon_core.package_identification:_identify(worlds/warehouse) by extension 'ignore'
[0.087s] Level 1:colcon.colcon_core.package_identification:_identify(worlds/warehouse) by extension 'ignore_ament_install'
[0.087s] Level 1:colcon.colcon_core.package_identification:_identify(worlds/warehouse) by extensions ['colcon_pkg']
[0.087s] Level 1:colcon.colcon_core.package_identification:_identify(worlds/warehouse) by extension 'colcon_pkg'
[0.087s] Level 1:colcon.colcon_core.package_identification:_identify(worlds/warehouse) by extensions ['colcon_meta']
[0.087s] Level 1:colcon.colcon_core.package_identification:_identify(worlds/warehouse) by extension 'colcon_meta'
[0.087s] Level 1:colcon.colcon_core.package_identification:_identify(worlds/warehouse) by extensions ['ros']
[0.087s] Level 1:colcon.colcon_core.package_identification:_identify(worlds/warehouse) by extension 'ros'
[0.087s] Level 1:colcon.colcon_core.package_identification:_identify(worlds/warehouse) by extensions ['cmake', 'python']
[0.087s] Level 1:colcon.colcon_core.package_identification:_identify(worlds/warehouse) by extension 'cmake'
[0.087s] Level 1:colcon.colcon_core.package_identification:_identify(worlds/warehouse) by extension 'python'
[0.087s] Level 1:colcon.colcon_core.package_identification:_identify(worlds/warehouse) by extensions ['python_setup_py']
[0.087s] Level 1:colcon.colcon_core.package_identification:_identify(worlds/warehouse) by extension 'python_setup_py'
[0.087s] Level 1:colcon.colcon_core.package_discovery:discover_packages(recursive) using defaults
[0.087s] Level 1:colcon.colcon_core.package_discovery:discover_packages(ignore) discover
[0.087s] Level 1:colcon.colcon_core.package_discovery:discover_packages(ignore) using defaults
[0.087s] Level 1:colcon.colcon_core.package_discovery:discover_packages(path) discover
[0.087s] Level 1:colcon.colcon_core.package_discovery:discover_packages(path) using defaults
[0.097s] Level 1:colcon.colcon_core.package_discovery:discover_packages(prefix_path) check parameters
[0.097s] Level 1:colcon.colcon_core.package_discovery:discover_packages(prefix_path) discover
[0.098s] DEBUG:colcon.colcon_installed_package_information.package_discovery:Found 10 installed packages in /home/abhirup/slam_platform/slam_ws/install
[0.098s] DEBUG:colcon.colcon_installed_package_information.package_discovery:Found 198 installed packages in /opt/ros/jazzy
[0.099s] Level 1:colcon.colcon_core.package_discovery:discover_packages(prefix_path) using defaults
[0.109s] Level 5:colcon.colcon_core.verb:set package 'evaluator_ros' build argument 'cmake_args' from command line to 'None'
[0.110s] Level 5:colcon.colcon_core.verb:set package 'evaluator_ros' build argument 'cmake_target' from command line to 'None'
[0.110s] Level 5:colcon.colcon_core.verb:set package 'evaluator_ros' build argument 'cmake_target_skip_unavailable' from command line to 'False'
[0.110s] Level 5:colcon.colcon_core.verb:set package 'evaluator_ros' build argument 'cmake_clean_cache' from command line to 'False'
[0.110s] Level 5:colcon.colcon_core.verb:set package 'evaluator_ros' build argument 'cmake_clean_first' from command line to 'False'
[0.110s] Level 5:colcon.colcon_core.verb:set package 'evaluator_ros' build argument 'cmake_force_configure' from command line to 'False'
[0.110s] Level 5:colcon.colcon_core.verb:set package 'evaluator_ros' build argument 'ament_cmake_args' from command line to 'None'
[0.110s] Level 5:colcon.colcon_core.verb:set package 'evaluator_ros' build argument 'catkin_cmake_args' from command line to 'None'
[0.110s] Level 5:colcon.colcon_core.verb:set package 'evaluator_ros' build argument 'catkin_skip_building_tests' from command line to 'False'
[0.110s] DEBUG:colcon.colcon_core.verb:Building package 'evaluator_ros' with the following arguments: {'ament_cmake_args': None, 'build_base': '/home/abhirup/slam_platform/slam_ws/build/evaluator_ros', 'catkin_cmake_args': None, 'catkin_skip_building_tests': False, 'cmake_args': None, 'cmake_clean_cache': False, 'cmake_clean_first': False, 'cmake_force_configure': False, 'cmake_target': None, 'cmake_target_skip_unavailable': False, 'install_base': '/home/abhirup/slam_platform/slam_ws/install/evaluator_ros', 'merge_install': False, 'path': '/home/abhirup/slam_platform/slam_ws/src/evaluator_ros', 'symlink_install': False, 'test_result_base': None}
[0.110s] Level 5:colcon.colcon_core.verb:set package 'experiment_manager' build argument 'cmake_args' from command line to 'None'
[0.110s] Level 5:colcon.colcon_core.verb:set package 'experiment_manager' build argument 'cmake_target' from command line to 'None'
[0.110s] Level 5:colcon.colcon_core.verb:set package 'experiment_manager' build argument 'cmake_target_skip_unavailable' from command line to 'False'
[0.110s] Level 5:colcon.colcon_core.verb:set package 'experiment_manager' build argument 'cmake_clean_cache' from command line to 'False'
[0.110s] Level 5:colcon.colcon_core.verb:set package 'experiment_manager' build argument 'cmake_clean_first' from command line to 'False'
[0.110s] Level 5:colcon.colcon_core.verb:set package 'experiment_manager' build argument 'cmake_force_configure' from command line to 'False'
[0.110s] Level 5:colcon.colcon_core.verb:set package 'experiment_manager' build argument 'ament_cmake_args' from command line to 'None'
[0.110s] Level 5:colcon.colcon_core.verb:set package 'experiment_manager' build argument 'catkin_cmake_args' from command line to 'None'
[0.110s] Level 5:colcon.colcon_core.verb:set package 'experiment_manager' build argument 'catkin_skip_building_tests' from command line to 'False'
[0.110s] DEBUG:colcon.colcon_core.verb:Building package 'experiment_manager' with the following arguments: {'ament_cmake_args': None, 'build_base': '/home/abhirup/slam_platform/slam_ws/build/experiment_manager', 'catkin_cmake_args': None, 'catkin_skip_building_tests': False, 'cmake_args': None, 'cmake_clean_cache': False, 'cmake_clean_first': False, 'cmake_force_configure': False, 'cmake_target': None, 'cmake_target_skip_unavailable': False, 'install_base': '/home/abhirup/slam_platform/slam_ws/install/experiment_manager', 'merge_install': False, 'path': '/home/abhirup/slam_platform/slam_ws/src/experiment_manager', 'symlink_install': False, 'test_result_base': None}
[0.110s] Level 5:colcon.colcon_core.verb:set package 'ground_truth_provider' build argument 'cmake_args' from command line to 'None'
[0.110s] Level 5:colcon.colcon_core.verb:set package 'ground_truth_provider' build argument 'cmake_target' from command line to 'None'
[0.110s] Level 5:colcon.colcon_core.verb:set package 'ground_truth_provider' build argument 'cmake_target_skip_unavailable' from command line to 'False'
[0.110s] Level 5:colcon.colcon_core.verb:set package 'ground_truth_provider' build argument 'cmake_clean_cache' from command line to 'False'
[0.110s] Level 5:colcon.colcon_core.verb:set package 'ground_truth_provider' build argument 'cmake_clean_first' from command line to 'False'
[0.110s] Level 5:colcon.colcon_core.verb:set package 'ground_truth_provider' build argument 'cmake_force_configure' from command line to 'False'
[0.110s] Level 5:colcon.colcon_core.verb:set package 'ground_truth_provider' build argument 'ament_cmake_args' from command line to 'None'
[0.110s] Level 5:colcon.colcon_core.verb:set package 'ground_truth_provider' build argument 'catkin_cmake_args' from command line to 'None'
[0.110s] Level 5:colcon.colcon_core.verb:set package 'ground_truth_provider' build argument 'catkin_skip_building_tests' from command line to 'False'
[0.110s] DEBUG:colcon.colcon_core.verb:Building package 'ground_truth_provider' with the following arguments: {'ament_cmake_args': None, 'build_base': '/home/abhirup/slam_platform/slam_ws/build/ground_truth_provider', 'catkin_cmake_args': None, 'catkin_skip_building_tests': False, 'cmake_args': None, 'cmake_clean_cache': False, 'cmake_clean_first': False, 'cmake_force_configure': False, 'cmake_target': None, 'cmake_target_skip_unavailable': False, 'install_base': '/home/abhirup/slam_platform/slam_ws/install/ground_truth_provider', 'merge_install': False, 'path': '/home/abhirup/slam_platform/slam_ws/src/ground_truth_provider', 'symlink_install': False, 'test_result_base': None}
[0.110s] Level 5:colcon.colcon_core.verb:set package 'robot_bringup' build argument 'cmake_args' from command line to 'None'
[0.110s] Level 5:colcon.colcon_core.verb:set package 'robot_bringup' build argument 'cmake_target' from command line to 'None'
[0.110s] Level 5:colcon.colcon_core.verb:set package 'robot_bringup' build argument 'cmake_target_skip_unavailable' from command line to 'False'
[0.110s] Level 5:colcon.colcon_core.verb:set package 'robot_bringup' build argument 'cmake_clean_cache' from command line to 'False'
[0.110s] Level 5:colcon.colcon_core.verb:set package 'robot_bringup' build argument 'cmake_clean_first' from command line to 'False'
[0.110s] Level 5:colcon.colcon_core.verb:set package 'robot_bringup' build argument 'cmake_force_configure' from command line to 'False'
[0.110s] Level 5:colcon.colcon_core.verb:set package 'robot_bringup' build argument 'ament_cmake_args' from command line to 'None'
[0.110s] Level 5:colcon.colcon_core.verb:set package 'robot_bringup' build argument 'catkin_cmake_args' from command line to 'None'
[0.110s] Level 5:colcon.colcon_core.verb:set package 'robot_bringup' build argument 'catkin_skip_building_tests' from command line to 'False'
[0.110s] DEBUG:colcon.colcon_core.verb:Building package 'robot_bringup' with the following arguments: {'ament_cmake_args': None, 'build_base': '/home/abhirup/slam_platform/slam_ws/build/robot_bringup', 'catkin_cmake_args': None, 'catkin_skip_building_tests': False, 'cmake_args': None, 'cmake_clean_cache': False, 'cmake_clean_first': False, 'cmake_force_configure': False, 'cmake_target': None, 'cmake_target_skip_unavailable': False, 'install_base': '/home/abhirup/slam_platform/slam_ws/install/robot_bringup', 'merge_install': False, 'path': '/home/abhirup/slam_platform/slam_ws/src/robot_bringup', 'symlink_install': False, 'test_result_base': None}
[0.110s] Level 5:colcon.colcon_core.verb:set package 'ros_gz_bridge_manager' build argument 'cmake_args' from command line to 'None'
[0.110s] Level 5:colcon.colcon_core.verb:set package 'ros_gz_bridge_manager' build argument 'cmake_target' from command line to 'None'
[0.110s] Level 5:colcon.colcon_core.verb:set package 'ros_gz_bridge_manager' build argument 'cmake_target_skip_unavailable' from command line to 'False'
[0.110s] Level 5:colcon.colcon_core.verb:set package 'ros_gz_bridge_manager' build argument 'cmake_clean_cache' from command line to 'False'
[0.110s] Level 5:colcon.colcon_core.verb:set package 'ros_gz_bridge_manager' build argument 'cmake_clean_first' from command line to 'False'
[0.110s] Level 5:colcon.colcon_core.verb:set package 'ros_gz_bridge_manager' build argument 'cmake_force_configure' from command line to 'False'
[0.110s] Level 5:colcon.colcon_core.verb:set package 'ros_gz_bridge_manager' build argument 'ament_cmake_args' from command line to 'None'
[0.110s] Level 5:colcon.colcon_core.verb:set package 'ros_gz_bridge_manager' build argument 'catkin_cmake_args' from command line to 'None'
[0.110s] Level 5:colcon.colcon_core.verb:set package 'ros_gz_bridge_manager' build argument 'catkin_skip_building_tests' from command line to 'False'
[0.110s] DEBUG:colcon.colcon_core.verb:Building package 'ros_gz_bridge_manager' with the following arguments: {'ament_cmake_args': None, 'build_base': '/home/abhirup/slam_platform/slam_ws/build/ros_gz_bridge_manager', 'catkin_cmake_args': None, 'catkin_skip_building_tests': False, 'cmake_args': None, 'cmake_clean_cache': False, 'cmake_clean_first': False, 'cmake_force_configure': False, 'cmake_target': None, 'cmake_target_skip_unavailable': False, 'install_base': '/home/abhirup/slam_platform/slam_ws/install/ros_gz_bridge_manager', 'merge_install': False, 'path': '/home/abhirup/slam_platform/slam_ws/src/ros_gz_bridge_manager', 'symlink_install': False, 'test_result_base': None}
[0.110s] Level 5:colcon.colcon_core.verb:set package 'sensor_adapter' build argument 'cmake_args' from command line to 'None'
[0.110s] Level 5:colcon.colcon_core.verb:set package 'sensor_adapter' build argument 'cmake_target' from command line to 'None'
[0.110s] Level 5:colcon.colcon_core.verb:set package 'sensor_adapter' build argument 'cmake_target_skip_unavailable' from command line to 'False'
[0.110s] Level 5:colcon.colcon_core.verb:set package 'sensor_adapter' build argument 'cmake_clean_cache' from command line to 'False'
[0.110s] Level 5:colcon.colcon_core.verb:set package 'sensor_adapter' build argument 'cmake_clean_first' from command line to 'False'
[0.110s] Level 5:colcon.colcon_core.verb:set package 'sensor_adapter' build argument 'cmake_force_configure' from command line to 'False'
[0.110s] Level 5:colcon.colcon_core.verb:set package 'sensor_adapter' build argument 'ament_cmake_args' from command line to 'None'
[0.110s] Level 5:colcon.colcon_core.verb:set package 'sensor_adapter' build argument 'catkin_cmake_args' from command line to 'None'
[0.110s] Level 5:colcon.colcon_core.verb:set package 'sensor_adapter' build argument 'catkin_skip_building_tests' from command line to 'False'
[0.110s] DEBUG:colcon.colcon_core.verb:Building package 'sensor_adapter' with the following arguments: {'ament_cmake_args': None, 'build_base': '/home/abhirup/slam_platform/slam_ws/build/sensor_adapter', 'catkin_cmake_args': None, 'catkin_skip_building_tests': False, 'cmake_args': None, 'cmake_clean_cache': False, 'cmake_clean_first': False, 'cmake_force_configure': False, 'cmake_target': None, 'cmake_target_skip_unavailable': False, 'install_base': '/home/abhirup/slam_platform/slam_ws/install/sensor_adapter', 'merge_install': False, 'path': '/home/abhirup/slam_platform/slam_ws/src/sensor_adapter', 'symlink_install': False, 'test_result_base': None}
[0.111s] Level 5:colcon.colcon_core.verb:set package 'slam_interfaces' build argument 'cmake_args' from command line to 'None'
[0.111s] Level 5:colcon.colcon_core.verb:set package 'slam_interfaces' build argument 'cmake_target' from command line to 'None'
[0.111s] Level 5:colcon.colcon_core.verb:set package 'slam_interfaces' build argument 'cmake_target_skip_unavailable' from command line to 'False'
[0.111s] Level 5:colcon.colcon_core.verb:set package 'slam_interfaces' build argument 'cmake_clean_cache' from command line to 'False'
[0.111s] Level 5:colcon.colcon_core.verb:set package 'slam_interfaces' build argument 'cmake_clean_first' from command line to 'False'
[0.111s] Level 5:colcon.colcon_core.verb:set package 'slam_interfaces' build argument 'cmake_force_configure' from command line to 'False'
[0.111s] Level 5:colcon.colcon_core.verb:set package 'slam_interfaces' build argument 'ament_cmake_args' from command line to 'None'
[0.111s] Level 5:colcon.colcon_core.verb:set package 'slam_interfaces' build argument 'catkin_cmake_args' from command line to 'None'
[0.111s] Level 5:colcon.colcon_core.verb:set package 'slam_interfaces' build argument 'catkin_skip_building_tests' from command line to 'False'
[0.111s] DEBUG:colcon.colcon_core.verb:Building package 'slam_interfaces' with the following arguments: {'ament_cmake_args': None, 'build_base': '/home/abhirup/slam_platform/slam_ws/build/slam_interfaces', 'catkin_cmake_args': None, 'catkin_skip_building_tests': False, 'cmake_args': None, 'cmake_clean_cache': False, 'cmake_clean_first': False, 'cmake_force_configure': False, 'cmake_target': None, 'cmake_target_skip_unavailable': False, 'install_base': '/home/abhirup/slam_platform/slam_ws/install/slam_interfaces', 'merge_install': False, 'path': '/home/abhirup/slam_platform/slam_ws/src/slam_interfaces', 'symlink_install': False, 'test_result_base': None}
[0.111s] Level 5:colcon.colcon_core.verb:set package 'tf_manager' build argument 'cmake_args' from command line to 'None'
[0.111s] Level 5:colcon.colcon_core.verb:set package 'tf_manager' build argument 'cmake_target' from command line to 'None'
[0.111s] Level 5:colcon.colcon_core.verb:set package 'tf_manager' build argument 'cmake_target_skip_unavailable' from command line to 'False'
[0.111s] Level 5:colcon.colcon_core.verb:set package 'tf_manager' build argument 'cmake_clean_cache' from command line to 'False'
[0.111s] Level 5:colcon.colcon_core.verb:set package 'tf_manager' build argument 'cmake_clean_first' from command line to 'False'
[0.111s] Level 5:colcon.colcon_core.verb:set package 'tf_manager' build argument 'cmake_force_configure' from command line to 'False'
[0.111s] Level 5:colcon.colcon_core.verb:set package 'tf_manager' build argument 'ament_cmake_args' from command line to 'None'
[0.111s] Level 5:colcon.colcon_core.verb:set package 'tf_manager' build argument 'catkin_cmake_args' from command line to 'None'
[0.111s] Level 5:colcon.colcon_core.verb:set package 'tf_manager' build argument 'catkin_skip_building_tests' from command line to 'False'
[0.111s] DEBUG:colcon.colcon_core.verb:Building package 'tf_manager' with the following arguments: {'ament_cmake_args': None, 'build_base': '/home/abhirup/slam_platform/slam_ws/build/tf_manager', 'catkin_cmake_args': None, 'catkin_skip_building_tests': False, 'cmake_args': None, 'cmake_clean_cache': False, 'cmake_clean_first': False, 'cmake_force_configure': False, 'cmake_target': None, 'cmake_target_skip_unavailable': False, 'install_base': '/home/abhirup/slam_platform/slam_ws/install/tf_manager', 'merge_install': False, 'path': '/home/abhirup/slam_platform/slam_ws/src/tf_manager', 'symlink_install': False, 'test_result_base': None}
[0.111s] Level 5:colcon.colcon_core.verb:set package 'world_manager' build argument 'cmake_args' from command line to 'None'
[0.111s] Level 5:colcon.colcon_core.verb:set package 'world_manager' build argument 'cmake_target' from command line to 'None'
[0.111s] Level 5:colcon.colcon_core.verb:set package 'world_manager' build argument 'cmake_target_skip_unavailable' from command line to 'False'
[0.111s] Level 5:colcon.colcon_core.verb:set package 'world_manager' build argument 'cmake_clean_cache' from command line to 'False'
[0.111s] Level 5:colcon.colcon_core.verb:set package 'world_manager' build argument 'cmake_clean_first' from command line to 'False'
[0.111s] Level 5:colcon.colcon_core.verb:set package 'world_manager' build argument 'cmake_force_configure' from command line to 'False'
[0.111s] Level 5:colcon.colcon_core.verb:set package 'world_manager' build argument 'ament_cmake_args' from command line to 'None'
[0.111s] Level 5:colcon.colcon_core.verb:set package 'world_manager' build argument 'catkin_cmake_args' from command line to 'None'
[0.111s] Level 5:colcon.colcon_core.verb:set package 'world_manager' build argument 'catkin_skip_building_tests' from command line to 'False'
[0.111s] DEBUG:colcon.colcon_core.verb:Building package 'world_manager' with the following arguments: {'ament_cmake_args': None, 'build_base': '/home/abhirup/slam_platform/slam_ws/build/world_manager', 'catkin_cmake_args': None, 'catkin_skip_building_tests': False, 'cmake_args': None, 'cmake_clean_cache': False, 'cmake_clean_first': False, 'cmake_force_configure': False, 'cmake_target': None, 'cmake_target_skip_unavailable': False, 'install_base': '/home/abhirup/slam_platform/slam_ws/install/world_manager', 'merge_install': False, 'path': '/home/abhirup/slam_platform/slam_ws/src/world_manager', 'symlink_install': False, 'test_result_base': None}
[0.111s] INFO:colcon.colcon_core.executor:Executing jobs using 'parallel' executor
[0.111s] DEBUG:colcon.colcon_parallel_executor.executor.parallel:run_until_complete
[0.112s] INFO:colcon.colcon_ros.task.ament_python.build:Building ROS package in '/home/abhirup/slam_platform/slam_ws/src/evaluator_ros' with build type 'ament_python'
[0.112s] Level 1:colcon.colcon_core.shell:create_environment_hook('evaluator_ros', 'ament_prefix_path')
[0.113s] INFO:colcon.colcon_core.plugin_system:Skipping extension 'colcon_core.shell.bat': Not used on non-Windows systems
[0.113s] INFO:colcon.colcon_core.shell:Creating environment hook '/home/abhirup/slam_platform/slam_ws/install/evaluator_ros/share/evaluator_ros/hook/ament_prefix_path.ps1'
[0.113s] INFO:colcon.colcon_core.shell:Creating environment descriptor '/home/abhirup/slam_platform/slam_ws/install/evaluator_ros/share/evaluator_ros/hook/ament_prefix_path.dsv'
[0.113s] INFO:colcon.colcon_core.shell:Creating environment hook '/home/abhirup/slam_platform/slam_ws/install/evaluator_ros/share/evaluator_ros/hook/ament_prefix_path.sh'
[0.113s] INFO:colcon.colcon_core.shell:Skip shell extension 'powershell' for command environment: Not usable outside of PowerShell
[0.113s] DEBUG:colcon.colcon_core.shell:Skip shell extension 'dsv' for command environment
[0.115s] INFO:colcon.colcon_ros.task.ament_python.build:Building ROS package in '/home/abhirup/slam_platform/slam_ws/src/experiment_manager' with build type 'ament_python'
[0.115s] Level 1:colcon.colcon_core.shell:create_environment_hook('experiment_manager', 'ament_prefix_path')
[0.115s] INFO:colcon.colcon_core.shell:Creating environment hook '/home/abhirup/slam_platform/slam_ws/install/experiment_manager/share/experiment_manager/hook/ament_prefix_path.ps1'
[0.115s] INFO:colcon.colcon_core.shell:Creating environment descriptor '/home/abhirup/slam_platform/slam_ws/install/experiment_manager/share/experiment_manager/hook/ament_prefix_path.dsv'
[0.115s] INFO:colcon.colcon_core.shell:Creating environment hook '/home/abhirup/slam_platform/slam_ws/install/experiment_manager/share/experiment_manager/hook/ament_prefix_path.sh'
[0.116s] INFO:colcon.colcon_core.shell:Skip shell extension 'powershell' for command environment: Not usable outside of PowerShell
[0.116s] DEBUG:colcon.colcon_core.shell:Skip shell extension 'dsv' for command environment
[0.117s] INFO:colcon.colcon_ros.task.ament_python.build:Building ROS package in '/home/abhirup/slam_platform/slam_ws/src/ground_truth_provider' with build type 'ament_python'
[0.117s] Level 1:colcon.colcon_core.shell:create_environment_hook('ground_truth_provider', 'ament_prefix_path')
[0.117s] INFO:colcon.colcon_core.shell:Creating environment hook '/home/abhirup/slam_platform/slam_ws/install/ground_truth_provider/share/ground_truth_provider/hook/ament_prefix_path.ps1'
[0.117s] INFO:colcon.colcon_core.shell:Creating environment descriptor '/home/abhirup/slam_platform/slam_ws/install/ground_truth_provider/share/ground_truth_provider/hook/ament_prefix_path.dsv'
[0.117s] INFO:colcon.colcon_core.shell:Creating environment hook '/home/abhirup/slam_platform/slam_ws/install/ground_truth_provider/share/ground_truth_provider/hook/ament_prefix_path.sh'
[0.117s] INFO:colcon.colcon_core.shell:Skip shell extension 'powershell' for command environment: Not usable outside of PowerShell
[0.117s] DEBUG:colcon.colcon_core.shell:Skip shell extension 'dsv' for command environment
[0.119s] INFO:colcon.colcon_ros.task.ament_python.build:Building ROS package in '/home/abhirup/slam_platform/slam_ws/src/robot_bringup' with build type 'ament_python'
[0.119s] Level 1:colcon.colcon_core.shell:create_environment_hook('robot_bringup', 'ament_prefix_path')
[0.119s] INFO:colcon.colcon_core.shell:Creating environment hook '/home/abhirup/slam_platform/slam_ws/install/robot_bringup/share/robot_bringup/hook/ament_prefix_path.ps1'
[0.119s] INFO:colcon.colcon_core.shell:Creating environment descriptor '/home/abhirup/slam_platform/slam_ws/install/robot_bringup/share/robot_bringup/hook/ament_prefix_path.dsv'
[0.119s] INFO:colcon.colcon_core.shell:Creating environment hook '/home/abhirup/slam_platform/slam_ws/install/robot_bringup/share/robot_bringup/hook/ament_prefix_path.sh'
[0.119s] INFO:colcon.colcon_core.shell:Skip shell extension 'powershell' for command environment: Not usable outside of PowerShell
[0.119s] DEBUG:colcon.colcon_core.shell:Skip shell extension 'dsv' for command environment
[0.121s] INFO:colcon.colcon_ros.task.ament_python.build:Building ROS package in '/home/abhirup/slam_platform/slam_ws/src/ros_gz_bridge_manager' with build type 'ament_python'
[0.121s] Level 1:colcon.colcon_core.shell:create_environment_hook('ros_gz_bridge_manager', 'ament_prefix_path')
[0.121s] INFO:colcon.colcon_core.shell:Creating environment hook '/home/abhirup/slam_platform/slam_ws/install/ros_gz_bridge_manager/share/ros_gz_bridge_manager/hook/ament_prefix_path.ps1'
[0.121s] INFO:colcon.colcon_core.shell:Creating environment descriptor '/home/abhirup/slam_platform/slam_ws/install/ros_gz_bridge_manager/share/ros_gz_bridge_manager/hook/ament_prefix_path.dsv'
[0.121s] INFO:colcon.colcon_core.shell:Creating environment hook '/home/abhirup/slam_platform/slam_ws/install/ros_gz_bridge_manager/share/ros_gz_bridge_manager/hook/ament_prefix_path.sh'
[0.121s] INFO:colcon.colcon_core.shell:Skip shell extension 'powershell' for command environment: Not usable outside of PowerShell
[0.121s] DEBUG:colcon.colcon_core.shell:Skip shell extension 'dsv' for command environment
[0.122s] INFO:colcon.colcon_ros.task.ament_python.build:Building ROS package in '/home/abhirup/slam_platform/slam_ws/src/sensor_adapter' with build type 'ament_python'
[0.122s] Level 1:colcon.colcon_core.shell:create_environment_hook('sensor_adapter', 'ament_prefix_path')
[0.122s] INFO:colcon.colcon_core.shell:Creating environment hook '/home/abhirup/slam_platform/slam_ws/install/sensor_adapter/share/sensor_adapter/hook/ament_prefix_path.ps1'
[0.123s] INFO:colcon.colcon_core.shell:Creating environment descriptor '/home/abhirup/slam_platform/slam_ws/install/sensor_adapter/share/sensor_adapter/hook/ament_prefix_path.dsv'
[0.123s] INFO:colcon.colcon_core.shell:Creating environment hook '/home/abhirup/slam_platform/slam_ws/install/sensor_adapter/share/sensor_adapter/hook/ament_prefix_path.sh'
[0.123s] INFO:colcon.colcon_core.shell:Skip shell extension 'powershell' for command environment: Not usable outside of PowerShell
[0.123s] DEBUG:colcon.colcon_core.shell:Skip shell extension 'dsv' for command environment
[0.124s] INFO:colcon.colcon_ros.task.ament_cmake.build:Building ROS package in '/home/abhirup/slam_platform/slam_ws/src/slam_interfaces' with build type 'ament_cmake'
[0.124s] INFO:colcon.colcon_cmake.task.cmake.build:Building CMake package in '/home/abhirup/slam_platform/slam_ws/src/slam_interfaces'
[0.124s] INFO:colcon.colcon_core.shell:Skip shell extension 'powershell' for command environment: Not usable outside of PowerShell
[0.125s] DEBUG:colcon.colcon_core.shell:Skip shell extension 'dsv' for command environment
[0.126s] INFO:colcon.colcon_ros.task.ament_python.build:Building ROS package in '/home/abhirup/slam_platform/slam_ws/src/tf_manager' with build type 'ament_python'
[0.126s] Level 1:colcon.colcon_core.shell:create_environment_hook('tf_manager', 'ament_prefix_path')
[0.126s] INFO:colcon.colcon_core.shell:Creating environment hook '/home/abhirup/slam_platform/slam_ws/install/tf_manager/share/tf_manager/hook/ament_prefix_path.ps1'
[0.126s] INFO:colcon.colcon_core.shell:Creating environment descriptor '/home/abhirup/slam_platform/slam_ws/install/tf_manager/share/tf_manager/hook/ament_prefix_path.dsv'
[0.126s] INFO:colcon.colcon_core.shell:Creating environment hook '/home/abhirup/slam_platform/slam_ws/install/tf_manager/share/tf_manager/hook/ament_prefix_path.sh'
[0.126s] INFO:colcon.colcon_core.shell:Skip shell extension 'powershell' for command environment: Not usable outside of PowerShell
[0.126s] DEBUG:colcon.colcon_core.shell:Skip shell extension 'dsv' for command environment
[0.127s] INFO:colcon.colcon_ros.task.ament_python.build:Building ROS package in '/home/abhirup/slam_platform/slam_ws/src/world_manager' with build type 'ament_python'
[0.128s] Level 1:colcon.colcon_core.shell:create_environment_hook('world_manager', 'ament_prefix_path')
[0.128s] INFO:colcon.colcon_core.shell:Creating environment hook '/home/abhirup/slam_platform/slam_ws/install/world_manager/share/world_manager/hook/ament_prefix_path.ps1'
[0.128s] INFO:colcon.colcon_core.shell:Creating environment descriptor '/home/abhirup/slam_platform/slam_ws/install/world_manager/share/world_manager/hook/ament_prefix_path.dsv'
[0.128s] INFO:colcon.colcon_core.shell:Creating environment hook '/home/abhirup/slam_platform/slam_ws/install/world_manager/share/world_manager/hook/ament_prefix_path.sh'
[0.128s] INFO:colcon.colcon_core.shell:Skip shell extension 'powershell' for command environment: Not usable outside of PowerShell
[0.128s] DEBUG:colcon.colcon_core.shell:Skip shell extension 'dsv' for command environment
[0.223s] INFO:colcon.colcon_core.task.python.build:Building Python package in '/home/abhirup/slam_platform/slam_ws/src/evaluator_ros'
[0.223s] INFO:colcon.colcon_core.shell:Skip shell extension 'powershell' for command environment: Not usable outside of PowerShell
[0.223s] DEBUG:colcon.colcon_core.shell:Skip shell extension 'dsv' for command environment
[0.326s] INFO:colcon.colcon_core.task.python.build:Building Python package in '/home/abhirup/slam_platform/slam_ws/src/experiment_manager'
[0.327s] INFO:colcon.colcon_core.shell:Skip shell extension 'powershell' for command environment: Not usable outside of PowerShell
[0.327s] DEBUG:colcon.colcon_core.shell:Skip shell extension 'dsv' for command environment
[0.423s] INFO:colcon.colcon_core.task.python.build:Building Python package in '/home/abhirup/slam_platform/slam_ws/src/ground_truth_provider'
[0.423s] INFO:colcon.colcon_core.shell:Skip shell extension 'powershell' for command environment: Not usable outside of PowerShell
[0.423s] DEBUG:colcon.colcon_core.shell:Skip shell extension 'dsv' for command environment
[0.521s] INFO:colcon.colcon_core.task.python.build:Building Python package in '/home/abhirup/slam_platform/slam_ws/src/robot_bringup'
[0.521s] INFO:colcon.colcon_core.shell:Skip shell extension 'powershell' for command environment: Not usable outside of PowerShell
[0.521s] DEBUG:colcon.colcon_core.shell:Skip shell extension 'dsv' for command environment
[0.619s] INFO:colcon.colcon_core.task.python.build:Building Python package in '/home/abhirup/slam_platform/slam_ws/src/ros_gz_bridge_manager'
[0.619s] INFO:colcon.colcon_core.shell:Skip shell extension 'powershell' for command environment: Not usable outside of PowerShell
[0.619s] DEBUG:colcon.colcon_core.shell:Skip shell extension 'dsv' for command environment
[0.727s] INFO:colcon.colcon_core.task.python.build:Building Python package in '/home/abhirup/slam_platform/slam_ws/src/sensor_adapter'
[0.728s] INFO:colcon.colcon_core.shell:Skip shell extension 'powershell' for command environment: Not usable outside of PowerShell
[0.728s] DEBUG:colcon.colcon_core.shell:Skip shell extension 'dsv' for command environment
[0.731s] DEBUG:colcon.colcon_core.event_handler.log_command:Invoking command in '/home/abhirup/slam_platform/slam_ws/build/slam_interfaces': CMAKE_PREFIX_PATH=${CMAKE_PREFIX_PATH}:/home/abhirup/slam_platform/slam_ws/install/world_manager:/home/abhirup/slam_platform/slam_ws/install/tf_manager:/home/abhirup/slam_platform/slam_ws/install/sensor_adapter:/home/abhirup/slam_platform/slam_ws/install/ros_gz_bridge_manager:/home/abhirup/slam_platform/slam_ws/install/robot_bringup:/home/abhirup/slam_platform/slam_ws/install/groung_truth_provider:/home/abhirup/slam_platform/slam_ws/install/ground_truth_provider:/home/abhirup/slam_platform/slam_ws/install/experiment_manager:/home/abhirup/slam_platform/slam_ws/install/evaluator_ros:/opt/ros/jazzy DEBUGINFOD_URLS=https://debuginfod.ubuntu.com /usr/bin/cmake /home/abhirup/slam_platform/slam_ws/src/slam_interfaces -DCMAKE_INSTALL_PREFIX=/home/abhirup/slam_platform/slam_ws/install/slam_interfaces
[0.829s] INFO:colcon.colcon_core.task.python.build:Building Python package in '/home/abhirup/slam_platform/slam_ws/src/tf_manager'
[0.829s] INFO:colcon.colcon_core.shell:Skip shell extension 'powershell' for command environment: Not usable outside of PowerShell
[0.829s] DEBUG:colcon.colcon_core.shell:Skip shell extension 'dsv' for command environment
[0.928s] INFO:colcon.colcon_core.task.python.build:Building Python package in '/home/abhirup/slam_platform/slam_ws/src/world_manager'
[0.928s] INFO:colcon.colcon_core.shell:Skip shell extension 'powershell' for command environment: Not usable outside of PowerShell
[0.928s] DEBUG:colcon.colcon_core.shell:Skip shell extension 'dsv' for command environment
[1.169s] DEBUG:colcon.colcon_core.event_handler.log_command:Invoking command in '/home/abhirup/slam_platform/slam_ws/build/experiment_manager': DEBUGINFOD_URLS=https://debuginfod.ubuntu.com PYTHONPATH=/home/abhirup/slam_platform/slam_ws/build/experiment_manager/prefix_override:/usr/lib/python3/dist-packages/colcon_core/task/python/colcon_distutils_commands:/home/abhirup/slam_platform/slam_ws/install/experiment_manager/lib/python3.12/site-packages:${PYTHONPATH} /usr/bin/python3 -W ignore:setup.py install is deprecated -W ignore:easy_install command is deprecated setup.py develop --uninstall --editable --build-directory /home/abhirup/slam_platform/slam_ws/build/experiment_manager/build
[1.170s] DEBUG:colcon.colcon_core.event_handler.log_command:Invoking command in '/home/abhirup/slam_platform/slam_ws/build/sensor_adapter': DEBUGINFOD_URLS=https://debuginfod.ubuntu.com PYTHONPATH=/home/abhirup/slam_platform/slam_ws/build/sensor_adapter/prefix_override:/usr/lib/python3/dist-packages/colcon_core/task/python/colcon_distutils_commands:/home/abhirup/slam_platform/slam_ws/install/sensor_adapter/lib/python3.12/site-packages:${PYTHONPATH} /usr/bin/python3 -W ignore:setup.py install is deprecated -W ignore:easy_install command is deprecated setup.py develop --uninstall --editable --build-directory /home/abhirup/slam_platform/slam_ws/build/sensor_adapter/build
[1.171s] DEBUG:colcon.colcon_core.event_handler.log_command:Invoking command in '/home/abhirup/slam_platform/slam_ws/build/world_manager': DEBUGINFOD_URLS=https://debuginfod.ubuntu.com PYTHONPATH=/home/abhirup/slam_platform/slam_ws/build/world_manager/prefix_override:/usr/lib/python3/dist-packages/colcon_core/task/python/colcon_distutils_commands:/home/abhirup/slam_platform/slam_ws/install/world_manager/lib/python3.12/site-packages:${PYTHONPATH} /usr/bin/python3 -W ignore:setup.py install is deprecated -W ignore:easy_install command is deprecated setup.py develop --uninstall --editable --build-directory /home/abhirup/slam_platform/slam_ws/build/world_manager/build
[1.173s] DEBUG:colcon.colcon_core.event_handler.log_command:Invoking command in '/home/abhirup/slam_platform/slam_ws/build/tf_manager': DEBUGINFOD_URLS=https://debuginfod.ubuntu.com PYTHONPATH=/home/abhirup/slam_platform/slam_ws/build/tf_manager/prefix_override:/usr/lib/python3/dist-packages/colcon_core/task/python/colcon_distutils_commands:/home/abhirup/slam_platform/slam_ws/install/tf_manager/lib/python3.12/site-packages:${PYTHONPATH} /usr/bin/python3 -W ignore:setup.py install is deprecated -W ignore:easy_install command is deprecated setup.py develop --uninstall --editable --build-directory /home/abhirup/slam_platform/slam_ws/build/tf_manager/build
[1.177s] DEBUG:colcon.colcon_core.event_handler.log_command:Invoking command in '/home/abhirup/slam_platform/slam_ws/build/robot_bringup': DEBUGINFOD_URLS=https://debuginfod.ubuntu.com PYTHONPATH=/home/abhirup/slam_platform/slam_ws/build/robot_bringup/prefix_override:/usr/lib/python3/dist-packages/colcon_core/task/python/colcon_distutils_commands:/home/abhirup/slam_platform/slam_ws/install/robot_bringup/lib/python3.12/site-packages:${PYTHONPATH} /usr/bin/python3 -W ignore:setup.py install is deprecated -W ignore:easy_install command is deprecated setup.py develop --uninstall --editable --build-directory /home/abhirup/slam_platform/slam_ws/build/robot_bringup/build
[1.187s] DEBUG:colcon.colcon_core.event_handler.log_command:Invoking command in '/home/abhirup/slam_platform/slam_ws/build/ground_truth_provider': DEBUGINFOD_URLS=https://debuginfod.ubuntu.com PYTHONPATH=/home/abhirup/slam_platform/slam_ws/build/ground_truth_provider/prefix_override:/usr/lib/python3/dist-packages/colcon_core/task/python/colcon_distutils_commands:/home/abhirup/slam_platform/slam_ws/install/ground_truth_provider/lib/python3.12/site-packages:${PYTHONPATH} /usr/bin/python3 -W ignore:setup.py install is deprecated -W ignore:easy_install command is deprecated setup.py develop --uninstall --editable --build-directory /home/abhirup/slam_platform/slam_ws/build/ground_truth_provider/build
[1.208s] DEBUG:colcon.colcon_core.event_handler.log_command:Invoking command in '/home/abhirup/slam_platform/slam_ws/build/evaluator_ros': DEBUGINFOD_URLS=https://debuginfod.ubuntu.com PYTHONPATH=/home/abhirup/slam_platform/slam_ws/build/evaluator_ros/prefix_override:/usr/lib/python3/dist-packages/colcon_core/task/python/colcon_distutils_commands:/home/abhirup/slam_platform/slam_ws/install/evaluator_ros/lib/python3.12/site-packages:${PYTHONPATH} /usr/bin/python3 -W ignore:setup.py install is deprecated -W ignore:easy_install command is deprecated setup.py develop --uninstall --editable --build-directory /home/abhirup/slam_platform/slam_ws/build/evaluator_ros/build
[1.350s] DEBUG:colcon.colcon_core.event_handler.log_command:Invoking command in '/home/abhirup/slam_platform/slam_ws/build/ros_gz_bridge_manager': DEBUGINFOD_URLS=https://debuginfod.ubuntu.com PYTHONPATH=/home/abhirup/slam_platform/slam_ws/build/ros_gz_bridge_manager/prefix_override:/usr/lib/python3/dist-packages/colcon_core/task/python/colcon_distutils_commands:/home/abhirup/slam_platform/slam_ws/install/ros_gz_bridge_manager/lib/python3.12/site-packages:${PYTHONPATH} /usr/bin/python3 -W ignore:setup.py install is deprecated -W ignore:easy_install command is deprecated setup.py develop --uninstall --editable --build-directory /home/abhirup/slam_platform/slam_ws/build/ros_gz_bridge_manager/build
[1.388s] DEBUG:colcon.colcon_core.event_handler.log_command:Invoked command in '/home/abhirup/slam_platform/slam_ws/build/sensor_adapter' returned '0': DEBUGINFOD_URLS=https://debuginfod.ubuntu.com PYTHONPATH=/home/abhirup/slam_platform/slam_ws/build/sensor_adapter/prefix_override:/usr/lib/python3/dist-packages/colcon_core/task/python/colcon_distutils_commands:/home/abhirup/slam_platform/slam_ws/install/sensor_adapter/lib/python3.12/site-packages:${PYTHONPATH} /usr/bin/python3 -W ignore:setup.py install is deprecated -W ignore:easy_install command is deprecated setup.py develop --uninstall --editable --build-directory /home/abhirup/slam_platform/slam_ws/build/sensor_adapter/build
[1.389s] DEBUG:colcon.colcon_core.event_handler.log_command:Invoking command in '/home/abhirup/slam_platform/slam_ws/src/sensor_adapter': DEBUGINFOD_URLS=https://debuginfod.ubuntu.com PYTHONPATH=/home/abhirup/slam_platform/slam_ws/build/sensor_adapter/prefix_override:/usr/lib/python3/dist-packages/colcon_core/task/python/colcon_distutils_commands:/home/abhirup/slam_platform/slam_ws/install/sensor_adapter/lib/python3.12/site-packages:${PYTHONPATH} /usr/bin/python3 -W ignore:setup.py install is deprecated -W ignore:easy_install command is deprecated setup.py egg_info --egg-base ../../build/sensor_adapter build --build-base /home/abhirup/slam_platform/slam_ws/build/sensor_adapter/build install --record /home/abhirup/slam_platform/slam_ws/build/sensor_adapter/install.log --single-version-externally-managed install_data --force
[1.391s] DEBUG:colcon.colcon_core.event_handler.log_command:Invoked command in '/home/abhirup/slam_platform/slam_ws/build/world_manager' returned '0': DEBUGINFOD_URLS=https://debuginfod.ubuntu.com PYTHONPATH=/home/abhirup/slam_platform/slam_ws/build/world_manager/prefix_override:/usr/lib/python3/dist-packages/colcon_core/task/python/colcon_distutils_commands:/home/abhirup/slam_platform/slam_ws/install/world_manager/lib/python3.12/site-packages:${PYTHONPATH} /usr/bin/python3 -W ignore:setup.py install is deprecated -W ignore:easy_install command is deprecated setup.py develop --uninstall --editable --build-directory /home/abhirup/slam_platform/slam_ws/build/world_manager/build
[1.392s] DEBUG:colcon.colcon_core.event_handler.log_command:Invoking command in '/home/abhirup/slam_platform/slam_ws/src/world_manager': DEBUGINFOD_URLS=https://debuginfod.ubuntu.com PYTHONPATH=/home/abhirup/slam_platform/slam_ws/build/world_manager/prefix_override:/usr/lib/python3/dist-packages/colcon_core/task/python/colcon_distutils_commands:/home/abhirup/slam_platform/slam_ws/install/world_manager/lib/python3.12/site-packages:${PYTHONPATH} /usr/bin/python3 -W ignore:setup.py install is deprecated -W ignore:easy_install command is deprecated setup.py egg_info --egg-base ../../build/world_manager build --build-base /home/abhirup/slam_platform/slam_ws/build/world_manager/build install --record /home/abhirup/slam_platform/slam_ws/build/world_manager/install.log --single-version-externally-managed install_data --force
[1.392s] DEBUG:colcon.colcon_core.event_handler.log_command:Invoked command in '/home/abhirup/slam_platform/slam_ws/build/tf_manager' returned '0': DEBUGINFOD_URLS=https://debuginfod.ubuntu.com PYTHONPATH=/home/abhirup/slam_platform/slam_ws/build/tf_manager/prefix_override:/usr/lib/python3/dist-packages/colcon_core/task/python/colcon_distutils_commands:/home/abhirup/slam_platform/slam_ws/install/tf_manager/lib/python3.12/site-packages:${PYTHONPATH} /usr/bin/python3 -W ignore:setup.py install is deprecated -W ignore:easy_install command is deprecated setup.py develop --uninstall --editable --build-directory /home/abhirup/slam_platform/slam_ws/build/tf_manager/build
[1.393s] DEBUG:colcon.colcon_core.event_handler.log_command:Invoking command in '/home/abhirup/slam_platform/slam_ws/src/tf_manager': DEBUGINFOD_URLS=https://debuginfod.ubuntu.com PYTHONPATH=/home/abhirup/slam_platform/slam_ws/build/tf_manager/prefix_override:/usr/lib/python3/dist-packages/colcon_core/task/python/colcon_distutils_commands:/home/abhirup/slam_platform/slam_ws/install/tf_manager/lib/python3.12/site-packages:${PYTHONPATH} /usr/bin/python3 -W ignore:setup.py install is deprecated -W ignore:easy_install command is deprecated setup.py egg_info --egg-base ../../build/tf_manager build --build-base /home/abhirup/slam_platform/slam_ws/build/tf_manager/build install --record /home/abhirup/slam_platform/slam_ws/build/tf_manager/install.log --single-version-externally-managed install_data --force
[1.406s] DEBUG:colcon.colcon_core.event_handler.log_command:Invoked command in '/home/abhirup/slam_platform/slam_ws/build/ground_truth_provider' returned '0': DEBUGINFOD_URLS=https://debuginfod.ubuntu.com PYTHONPATH=/home/abhirup/slam_platform/slam_ws/build/ground_truth_provider/prefix_override:/usr/lib/python3/dist-packages/colcon_core/task/python/colcon_distutils_commands:/home/abhirup/slam_platform/slam_ws/install/ground_truth_provider/lib/python3.12/site-packages:${PYTHONPATH} /usr/bin/python3 -W ignore:setup.py install is deprecated -W ignore:easy_install command is deprecated setup.py develop --uninstall --editable --build-directory /home/abhirup/slam_platform/slam_ws/build/ground_truth_provider/build
[1.407s] DEBUG:colcon.colcon_core.event_handler.log_command:Invoking command in '/home/abhirup/slam_platform/slam_ws/src/ground_truth_provider': DEBUGINFOD_URLS=https://debuginfod.ubuntu.com PYTHONPATH=/home/abhirup/slam_platform/slam_ws/build/ground_truth_provider/prefix_override:/usr/lib/python3/dist-packages/colcon_core/task/python/colcon_distutils_commands:/home/abhirup/slam_platform/slam_ws/install/ground_truth_provider/lib/python3.12/site-packages:${PYTHONPATH} /usr/bin/python3 -W ignore:setup.py install is deprecated -W ignore:easy_install command is deprecated setup.py egg_info --egg-base ../../build/ground_truth_provider build --build-base /home/abhirup/slam_platform/slam_ws/build/ground_truth_provider/build install --record /home/abhirup/slam_platform/slam_ws/build/ground_truth_provider/install.log --single-version-externally-managed install_data --force
[1.419s] DEBUG:colcon.colcon_core.event_handler.log_command:Invoked command in '/home/abhirup/slam_platform/slam_ws/build/experiment_manager' returned '0': DEBUGINFOD_URLS=https://debuginfod.ubuntu.com PYTHONPATH=/home/abhirup/slam_platform/slam_ws/build/experiment_manager/prefix_override:/usr/lib/python3/dist-packages/colcon_core/task/python/colcon_distutils_commands:/home/abhirup/slam_platform/slam_ws/install/experiment_manager/lib/python3.12/site-packages:${PYTHONPATH} /usr/bin/python3 -W ignore:setup.py install is deprecated -W ignore:easy_install command is deprecated setup.py develop --uninstall --editable --build-directory /home/abhirup/slam_platform/slam_ws/build/experiment_manager/build
[1.419s] DEBUG:colcon.colcon_core.event_handler.log_command:Invoking command in '/home/abhirup/slam_platform/slam_ws/src/experiment_manager': DEBUGINFOD_URLS=https://debuginfod.ubuntu.com PYTHONPATH=/home/abhirup/slam_platform/slam_ws/build/experiment_manager/prefix_override:/usr/lib/python3/dist-packages/colcon_core/task/python/colcon_distutils_commands:/home/abhirup/slam_platform/slam_ws/install/experiment_manager/lib/python3.12/site-packages:${PYTHONPATH} /usr/bin/python3 -W ignore:setup.py install is deprecated -W ignore:easy_install command is deprecated setup.py egg_info --egg-base ../../build/experiment_manager build --build-base /home/abhirup/slam_platform/slam_ws/build/experiment_manager/build install --record /home/abhirup/slam_platform/slam_ws/build/experiment_manager/install.log --single-version-externally-managed install_data --force
[1.435s] DEBUG:colcon.colcon_core.event_handler.log_command:Invoked command in '/home/abhirup/slam_platform/slam_ws/build/evaluator_ros' returned '0': DEBUGINFOD_URLS=https://debuginfod.ubuntu.com PYTHONPATH=/home/abhirup/slam_platform/slam_ws/build/evaluator_ros/prefix_override:/usr/lib/python3/dist-packages/colcon_core/task/python/colcon_distutils_commands:/home/abhirup/slam_platform/slam_ws/install/evaluator_ros/lib/python3.12/site-packages:${PYTHONPATH} /usr/bin/python3 -W ignore:setup.py install is deprecated -W ignore:easy_install command is deprecated setup.py develop --uninstall --editable --build-directory /home/abhirup/slam_platform/slam_ws/build/evaluator_ros/build
[1.436s] DEBUG:colcon.colcon_core.event_handler.log_command:Invoking command in '/home/abhirup/slam_platform/slam_ws/src/evaluator_ros': DEBUGINFOD_URLS=https://debuginfod.ubuntu.com PYTHONPATH=/home/abhirup/slam_platform/slam_ws/build/evaluator_ros/prefix_override:/usr/lib/python3/dist-packages/colcon_core/task/python/colcon_distutils_commands:/home/abhirup/slam_platform/slam_ws/install/evaluator_ros/lib/python3.12/site-packages:${PYTHONPATH} /usr/bin/python3 -W ignore:setup.py install is deprecated -W ignore:easy_install command is deprecated setup.py egg_info --egg-base ../../build/evaluator_ros build --build-base /home/abhirup/slam_platform/slam_ws/build/evaluator_ros/build install --record /home/abhirup/slam_platform/slam_ws/build/evaluator_ros/install.log --single-version-externally-managed install_data --force
[1.570s] DEBUG:colcon.colcon_core.event_handler.log_command:Invoked command in '/home/abhirup/slam_platform/slam_ws/build/ros_gz_bridge_manager' returned '0': DEBUGINFOD_URLS=https://debuginfod.ubuntu.com PYTHONPATH=/home/abhirup/slam_platform/slam_ws/build/ros_gz_bridge_manager/prefix_override:/usr/lib/python3/dist-packages/colcon_core/task/python/colcon_distutils_commands:/home/abhirup/slam_platform/slam_ws/install/ros_gz_bridge_manager/lib/python3.12/site-packages:${PYTHONPATH} /usr/bin/python3 -W ignore:setup.py install is deprecated -W ignore:easy_install command is deprecated setup.py develop --uninstall --editable --build-directory /home/abhirup/slam_platform/slam_ws/build/ros_gz_bridge_manager/build
[1.570s] DEBUG:colcon.colcon_core.event_handler.log_command:Invoking command in '/home/abhirup/slam_platform/slam_ws/src/ros_gz_bridge_manager': DEBUGINFOD_URLS=https://debuginfod.ubuntu.com PYTHONPATH=/home/abhirup/slam_platform/slam_ws/build/ros_gz_bridge_manager/prefix_override:/usr/lib/python3/dist-packages/colcon_core/task/python/colcon_distutils_commands:/home/abhirup/slam_platform/slam_ws/install/ros_gz_bridge_manager/lib/python3.12/site-packages:${PYTHONPATH} /usr/bin/python3 -W ignore:setup.py install is deprecated -W ignore:easy_install command is deprecated setup.py egg_info --egg-base ../../build/ros_gz_bridge_manager build --build-base /home/abhirup/slam_platform/slam_ws/build/ros_gz_bridge_manager/build install --record /home/abhirup/slam_platform/slam_ws/build/ros_gz_bridge_manager/install.log --single-version-externally-managed install_data --force
[1.573s] DEBUG:colcon.colcon_core.event_handler.log_command:Invoked command in '/home/abhirup/slam_platform/slam_ws/build/robot_bringup' returned '0': DEBUGINFOD_URLS=https://debuginfod.ubuntu.com PYTHONPATH=/home/abhirup/slam_platform/slam_ws/build/robot_bringup/prefix_override:/usr/lib/python3/dist-packages/colcon_core/task/python/colcon_distutils_commands:/home/abhirup/slam_platform/slam_ws/install/robot_bringup/lib/python3.12/site-packages:${PYTHONPATH} /usr/bin/python3 -W ignore:setup.py install is deprecated -W ignore:easy_install command is deprecated setup.py develop --uninstall --editable --build-directory /home/abhirup/slam_platform/slam_ws/build/robot_bringup/build
[1.573s] DEBUG:colcon.colcon_core.event_handler.log_command:Invoking command in '/home/abhirup/slam_platform/slam_ws/src/robot_bringup': DEBUGINFOD_URLS=https://debuginfod.ubuntu.com PYTHONPATH=/home/abhirup/slam_platform/slam_ws/build/robot_bringup/prefix_override:/usr/lib/python3/dist-packages/colcon_core/task/python/colcon_distutils_commands:/home/abhirup/slam_platform/slam_ws/install/robot_bringup/lib/python3.12/site-packages:${PYTHONPATH} /usr/bin/python3 -W ignore:setup.py install is deprecated -W ignore:easy_install command is deprecated setup.py egg_info --egg-base ../../build/robot_bringup build --build-base /home/abhirup/slam_platform/slam_ws/build/robot_bringup/build install --record /home/abhirup/slam_platform/slam_ws/build/robot_bringup/install.log --single-version-externally-managed install_data --force
[1.607s] DEBUG:colcon.colcon_core.event_handler.log_command:Invoked command in '/home/abhirup/slam_platform/slam_ws/src/sensor_adapter' returned '0': DEBUGINFOD_URLS=https://debuginfod.ubuntu.com PYTHONPATH=/home/abhirup/slam_platform/slam_ws/build/sensor_adapter/prefix_override:/usr/lib/python3/dist-packages/colcon_core/task/python/colcon_distutils_commands:/home/abhirup/slam_platform/slam_ws/install/sensor_adapter/lib/python3.12/site-packages:${PYTHONPATH} /usr/bin/python3 -W ignore:setup.py install is deprecated -W ignore:easy_install command is deprecated setup.py egg_info --egg-base ../../build/sensor_adapter build --build-base /home/abhirup/slam_platform/slam_ws/build/sensor_adapter/build install --record /home/abhirup/slam_platform/slam_ws/build/sensor_adapter/install.log --single-version-externally-managed install_data --force
[1.609s] Level 1:colcon.colcon_core.environment:checking '/home/abhirup/slam_platform/slam_ws/install/sensor_adapter' for CMake module files
[1.609s] Level 1:colcon.colcon_core.environment:checking '/home/abhirup/slam_platform/slam_ws/install/sensor_adapter' for CMake config files
[1.610s] Level 1:colcon.colcon_core.environment:checking '/home/abhirup/slam_platform/slam_ws/install/sensor_adapter/lib'
[1.610s] Level 1:colcon.colcon_core.environment:checking '/home/abhirup/slam_platform/slam_ws/install/sensor_adapter/bin'
[1.610s] Level 1:colcon.colcon_core.environment:checking '/home/abhirup/slam_platform/slam_ws/install/sensor_adapter/lib/pkgconfig/sensor_adapter.pc'
[1.610s] Level 1:colcon.colcon_core.environment:checking '/home/abhirup/slam_platform/slam_ws/install/sensor_adapter/lib/python3.12/site-packages'
[1.610s] Level 1:colcon.colcon_core.shell:create_environment_hook('sensor_adapter', 'pythonpath')
[1.610s] INFO:colcon.colcon_core.shell:Creating environment hook '/home/abhirup/slam_platform/slam_ws/install/sensor_adapter/share/sensor_adapter/hook/pythonpath.ps1'
[1.611s] INFO:colcon.colcon_core.shell:Creating environment descriptor '/home/abhirup/slam_platform/slam_ws/install/sensor_adapter/share/sensor_adapter/hook/pythonpath.dsv'
[1.611s] INFO:colcon.colcon_core.shell:Creating environment hook '/home/abhirup/slam_platform/slam_ws/install/sensor_adapter/share/sensor_adapter/hook/pythonpath.sh'
[1.611s] Level 1:colcon.colcon_core.environment:checking '/home/abhirup/slam_platform/slam_ws/install/sensor_adapter/bin'
[1.611s] Level 1:colcon.colcon_core.environment:create_environment_scripts_only(sensor_adapter)
[1.612s] INFO:colcon.colcon_core.shell:Creating package script '/home/abhirup/slam_platform/slam_ws/install/sensor_adapter/share/sensor_adapter/package.ps1'
[1.613s] INFO:colcon.colcon_core.shell:Creating package descriptor '/home/abhirup/slam_platform/slam_ws/install/sensor_adapter/share/sensor_adapter/package.dsv'
[1.613s] INFO:colcon.colcon_core.shell:Creating package script '/home/abhirup/slam_platform/slam_ws/install/sensor_adapter/share/sensor_adapter/package.sh'
[1.614s] INFO:colcon.colcon_core.shell:Creating package script '/home/abhirup/slam_platform/slam_ws/install/sensor_adapter/share/sensor_adapter/package.bash'
[1.615s] INFO:colcon.colcon_core.shell:Creating package script '/home/abhirup/slam_platform/slam_ws/install/sensor_adapter/share/sensor_adapter/package.zsh'
[1.615s] Level 1:colcon.colcon_core.environment:create_file_with_runtime_dependencies(/home/abhirup/slam_platform/slam_ws/install/sensor_adapter/share/colcon-core/packages/sensor_adapter)
[1.616s] Level 1:colcon.colcon_core.environment:checking '/home/abhirup/slam_platform/slam_ws/install/tf_manager' for CMake module files
[1.616s] DEBUG:colcon.colcon_core.event_handler.log_command:Invoked command in '/home/abhirup/slam_platform/slam_ws/src/tf_manager' returned '0': DEBUGINFOD_URLS=https://debuginfod.ubuntu.com PYTHONPATH=/home/abhirup/slam_platform/slam_ws/build/tf_manager/prefix_override:/usr/lib/python3/dist-packages/colcon_core/task/python/colcon_distutils_commands:/home/abhirup/slam_platform/slam_ws/install/tf_manager/lib/python3.12/site-packages:${PYTHONPATH} /usr/bin/python3 -W ignore:setup.py install is deprecated -W ignore:easy_install command is deprecated setup.py egg_info --egg-base ../../build/tf_manager build --build-base /home/abhirup/slam_platform/slam_ws/build/tf_manager/build install --record /home/abhirup/slam_platform/slam_ws/build/tf_manager/install.log --single-version-externally-managed install_data --force
[1.617s] Level 1:colcon.colcon_core.environment:checking '/home/abhirup/slam_platform/slam_ws/install/tf_manager' for CMake config files
[1.617s] Level 1:colcon.colcon_core.environment:checking '/home/abhirup/slam_platform/slam_ws/install/tf_manager/lib'
[1.617s] Level 1:colcon.colcon_core.environment:checking '/home/abhirup/slam_platform/slam_ws/install/tf_manager/bin'
[1.617s] Level 1:colcon.colcon_core.environment:checking '/home/abhirup/slam_platform/slam_ws/install/tf_manager/lib/pkgconfig/tf_manager.pc'
[1.617s] Level 1:colcon.colcon_core.environment:checking '/home/abhirup/slam_platform/slam_ws/install/tf_manager/lib/python3.12/site-packages'
[1.617s] Level 1:colcon.colcon_core.shell:create_environment_hook('tf_manager', 'pythonpath')
[1.617s] INFO:colcon.colcon_core.shell:Creating environment hook '/home/abhirup/slam_platform/slam_ws/install/tf_manager/share/tf_manager/hook/pythonpath.ps1'
[1.618s] INFO:colcon.colcon_core.shell:Creating environment descriptor '/home/abhirup/slam_platform/slam_ws/install/tf_manager/share/tf_manager/hook/pythonpath.dsv'
[1.618s] INFO:colcon.colcon_core.shell:Creating environment hook '/home/abhirup/slam_platform/slam_ws/install/tf_manager/share/tf_manager/hook/pythonpath.sh'
[1.619s] Level 1:colcon.colcon_core.environment:checking '/home/abhirup/slam_platform/slam_ws/install/tf_manager/bin'
[1.619s] Level 1:colcon.colcon_core.environment:create_environment_scripts_only(tf_manager)
[1.619s] INFO:colcon.colcon_core.shell:Creating package script '/home/abhirup/slam_platform/slam_ws/install/tf_manager/share/tf_manager/package.ps1'
[1.619s] INFO:colcon.colcon_core.shell:Creating package descriptor '/home/abhirup/slam_platform/slam_ws/install/tf_manager/share/tf_manager/package.dsv'
[1.620s] INFO:colcon.colcon_core.shell:Creating package script '/home/abhirup/slam_platform/slam_ws/install/tf_manager/share/tf_manager/package.sh'
[1.620s] INFO:colcon.colcon_core.shell:Creating package script '/home/abhirup/slam_platform/slam_ws/install/tf_manager/share/tf_manager/package.bash'
[1.620s] INFO:colcon.colcon_core.shell:Creating package script '/home/abhirup/slam_platform/slam_ws/install/tf_manager/share/tf_manager/package.zsh'
[1.620s] Level 1:colcon.colcon_core.environment:create_file_with_runtime_dependencies(/home/abhirup/slam_platform/slam_ws/install/tf_manager/share/colcon-core/packages/tf_manager)
[1.628s] Level 1:colcon.colcon_core.environment:checking '/home/abhirup/slam_platform/slam_ws/install/ground_truth_provider' for CMake module files
[1.628s] DEBUG:colcon.colcon_core.event_handler.log_command:Invoked command in '/home/abhirup/slam_platform/slam_ws/src/ground_truth_provider' returned '0': DEBUGINFOD_URLS=https://debuginfod.ubuntu.com PYTHONPATH=/home/abhirup/slam_platform/slam_ws/build/ground_truth_provider/prefix_override:/usr/lib/python3/dist-packages/colcon_core/task/python/colcon_distutils_commands:/home/abhirup/slam_platform/slam_ws/install/ground_truth_provider/lib/python3.12/site-packages:${PYTHONPATH} /usr/bin/python3 -W ignore:setup.py install is deprecated -W ignore:easy_install command is deprecated setup.py egg_info --egg-base ../../build/ground_truth_provider build --build-base /home/abhirup/slam_platform/slam_ws/build/ground_truth_provider/build install --record /home/abhirup/slam_platform/slam_ws/build/ground_truth_provider/install.log --single-version-externally-managed install_data --force
[1.628s] Level 1:colcon.colcon_core.environment:checking '/home/abhirup/slam_platform/slam_ws/install/ground_truth_provider' for CMake config files
[1.629s] Level 1:colcon.colcon_core.environment:checking '/home/abhirup/slam_platform/slam_ws/install/ground_truth_provider/lib'
[1.629s] Level 1:colcon.colcon_core.environment:checking '/home/abhirup/slam_platform/slam_ws/install/ground_truth_provider/bin'
[1.629s] Level 1:colcon.colcon_core.environment:checking '/home/abhirup/slam_platform/slam_ws/install/ground_truth_provider/lib/pkgconfig/ground_truth_provider.pc'
[1.629s] Level 1:colcon.colcon_core.environment:checking '/home/abhirup/slam_platform/slam_ws/install/ground_truth_provider/lib/python3.12/site-packages'
[1.629s] Level 1:colcon.colcon_core.shell:create_environment_hook('ground_truth_provider', 'pythonpath')
[1.629s] INFO:colcon.colcon_core.shell:Creating environment hook '/home/abhirup/slam_platform/slam_ws/install/ground_truth_provider/share/ground_truth_provider/hook/pythonpath.ps1'
[1.629s] INFO:colcon.colcon_core.shell:Creating environment descriptor '/home/abhirup/slam_platform/slam_ws/install/ground_truth_provider/share/ground_truth_provider/hook/pythonpath.dsv'
[1.629s] INFO:colcon.colcon_core.shell:Creating environment hook '/home/abhirup/slam_platform/slam_ws/install/ground_truth_provider/share/ground_truth_provider/hook/pythonpath.sh'
[1.629s] Level 1:colcon.colcon_core.environment:checking '/home/abhirup/slam_platform/slam_ws/install/ground_truth_provider/bin'
[1.630s] Level 1:colcon.colcon_core.environment:create_environment_scripts_only(ground_truth_provider)
[1.630s] INFO:colcon.colcon_core.shell:Creating package script '/home/abhirup/slam_platform/slam_ws/install/ground_truth_provider/share/ground_truth_provider/package.ps1'
[1.630s] INFO:colcon.colcon_core.shell:Creating package descriptor '/home/abhirup/slam_platform/slam_ws/install/ground_truth_provider/share/ground_truth_provider/package.dsv'
[1.630s] INFO:colcon.colcon_core.shell:Creating package script '/home/abhirup/slam_platform/slam_ws/install/ground_truth_provider/share/ground_truth_provider/package.sh'
[1.630s] INFO:colcon.colcon_core.shell:Creating package script '/home/abhirup/slam_platform/slam_ws/install/ground_truth_provider/share/ground_truth_provider/package.bash'
[1.630s] INFO:colcon.colcon_core.shell:Creating package script '/home/abhirup/slam_platform/slam_ws/install/ground_truth_provider/share/ground_truth_provider/package.zsh'
[1.630s] Level 1:colcon.colcon_core.environment:create_file_with_runtime_dependencies(/home/abhirup/slam_platform/slam_ws/install/ground_truth_provider/share/colcon-core/packages/ground_truth_provider)
[1.634s] Level 1:colcon.colcon_core.environment:checking '/home/abhirup/slam_platform/slam_ws/install/experiment_manager' for CMake module files
[1.634s] DEBUG:colcon.colcon_core.event_handler.log_command:Invoked command in '/home/abhirup/slam_platform/slam_ws/src/experiment_manager' returned '0': DEBUGINFOD_URLS=https://debuginfod.ubuntu.com PYTHONPATH=/home/abhirup/slam_platform/slam_ws/build/experiment_manager/prefix_override:/usr/lib/python3/dist-packages/colcon_core/task/python/colcon_distutils_commands:/home/abhirup/slam_platform/slam_ws/install/experiment_manager/lib/python3.12/site-packages:${PYTHONPATH} /usr/bin/python3 -W ignore:setup.py install is deprecated -W ignore:easy_install command is deprecated setup.py egg_info --egg-base ../../build/experiment_manager build --build-base /home/abhirup/slam_platform/slam_ws/build/experiment_manager/build install --record /home/abhirup/slam_platform/slam_ws/build/experiment_manager/install.log --single-version-externally-managed install_data --force
[1.634s] Level 1:colcon.colcon_core.environment:checking '/home/abhirup/slam_platform/slam_ws/install/experiment_manager' for CMake config files
[1.634s] Level 1:colcon.colcon_core.environment:checking '/home/abhirup/slam_platform/slam_ws/install/experiment_manager/lib'
[1.634s] Level 1:colcon.colcon_core.environment:checking '/home/abhirup/slam_platform/slam_ws/install/experiment_manager/bin'
[1.634s] Level 1:colcon.colcon_core.environment:checking '/home/abhirup/slam_platform/slam_ws/install/experiment_manager/lib/pkgconfig/experiment_manager.pc'
[1.634s] Level 1:colcon.colcon_core.environment:checking '/home/abhirup/slam_platform/slam_ws/install/experiment_manager/lib/python3.12/site-packages'
[1.634s] Level 1:colcon.colcon_core.shell:create_environment_hook('experiment_manager', 'pythonpath')
[1.634s] INFO:colcon.colcon_core.shell:Creating environment hook '/home/abhirup/slam_platform/slam_ws/install/experiment_manager/share/experiment_manager/hook/pythonpath.ps1'
[1.635s] INFO:colcon.colcon_core.shell:Creating environment descriptor '/home/abhirup/slam_platform/slam_ws/install/experiment_manager/share/experiment_manager/hook/pythonpath.dsv'
[1.635s] INFO:colcon.colcon_core.shell:Creating environment hook '/home/abhirup/slam_platform/slam_ws/install/experiment_manager/share/experiment_manager/hook/pythonpath.sh'
[1.635s] Level 1:colcon.colcon_core.environment:checking '/home/abhirup/slam_platform/slam_ws/install/experiment_manager/bin'
[1.635s] Level 1:colcon.colcon_core.environment:create_environment_scripts_only(experiment_manager)
[1.635s] INFO:colcon.colcon_core.shell:Creating package script '/home/abhirup/slam_platform/slam_ws/install/experiment_manager/share/experiment_manager/package.ps1'
[1.635s] INFO:colcon.colcon_core.shell:Creating package descriptor '/home/abhirup/slam_platform/slam_ws/install/experiment_manager/share/experiment_manager/package.dsv'
[1.636s] INFO:colcon.colcon_core.shell:Creating package script '/home/abhirup/slam_platform/slam_ws/install/experiment_manager/share/experiment_manager/package.sh'
[1.636s] INFO:colcon.colcon_core.shell:Creating package script '/home/abhirup/slam_platform/slam_ws/install/experiment_manager/share/experiment_manager/package.bash'
[1.636s] INFO:colcon.colcon_core.shell:Creating package script '/home/abhirup/slam_platform/slam_ws/install/experiment_manager/share/experiment_manager/package.zsh'
[1.636s] Level 1:colcon.colcon_core.environment:create_file_with_runtime_dependencies(/home/abhirup/slam_platform/slam_ws/install/experiment_manager/share/colcon-core/packages/experiment_manager)
[1.687s] Level 1:colcon.colcon_core.environment:checking '/home/abhirup/slam_platform/slam_ws/install/evaluator_ros' for CMake module files
[1.687s] DEBUG:colcon.colcon_core.event_handler.log_command:Invoked command in '/home/abhirup/slam_platform/slam_ws/src/evaluator_ros' returned '0': DEBUGINFOD_URLS=https://debuginfod.ubuntu.com PYTHONPATH=/home/abhirup/slam_platform/slam_ws/build/evaluator_ros/prefix_override:/usr/lib/python3/dist-packages/colcon_core/task/python/colcon_distutils_commands:/home/abhirup/slam_platform/slam_ws/install/evaluator_ros/lib/python3.12/site-packages:${PYTHONPATH} /usr/bin/python3 -W ignore:setup.py install is deprecated -W ignore:easy_install command is deprecated setup.py egg_info --egg-base ../../build/evaluator_ros build --build-base /home/abhirup/slam_platform/slam_ws/build/evaluator_ros/build install --record /home/abhirup/slam_platform/slam_ws/build/evaluator_ros/install.log --single-version-externally-managed install_data --force
[1.687s] Level 1:colcon.colcon_core.environment:checking '/home/abhirup/slam_platform/slam_ws/install/evaluator_ros' for CMake config files
[1.687s] Level 1:colcon.colcon_core.environment:checking '/home/abhirup/slam_platform/slam_ws/install/evaluator_ros/lib'
[1.687s] Level 1:colcon.colcon_core.environment:checking '/home/abhirup/slam_platform/slam_ws/install/evaluator_ros/bin'
[1.688s] Level 1:colcon.colcon_core.environment:checking '/home/abhirup/slam_platform/slam_ws/install/evaluator_ros/lib/pkgconfig/evaluator_ros.pc'
[1.688s] Level 1:colcon.colcon_core.environment:checking '/home/abhirup/slam_platform/slam_ws/install/evaluator_ros/lib/python3.12/site-packages'
[1.688s] Level 1:colcon.colcon_core.shell:create_environment_hook('evaluator_ros', 'pythonpath')
[1.688s] INFO:colcon.colcon_core.shell:Creating environment hook '/home/abhirup/slam_platform/slam_ws/install/evaluator_ros/share/evaluator_ros/hook/pythonpath.ps1'
[1.688s] INFO:colcon.colcon_core.shell:Creating environment descriptor '/home/abhirup/slam_platform/slam_ws/install/evaluator_ros/share/evaluator_ros/hook/pythonpath.dsv'
[1.688s] INFO:colcon.colcon_core.shell:Creating environment hook '/home/abhirup/slam_platform/slam_ws/install/evaluator_ros/share/evaluator_ros/hook/pythonpath.sh'
[1.688s] Level 1:colcon.colcon_core.environment:checking '/home/abhirup/slam_platform/slam_ws/install/evaluator_ros/bin'
[1.688s] Level 1:colcon.colcon_core.environment:create_environment_scripts_only(evaluator_ros)
[1.689s] INFO:colcon.colcon_core.shell:Creating package script '/home/abhirup/slam_platform/slam_ws/install/evaluator_ros/share/evaluator_ros/package.ps1'
[1.689s] INFO:colcon.colcon_core.shell:Creating package descriptor '/home/abhirup/slam_platform/slam_ws/install/evaluator_ros/share/evaluator_ros/package.dsv'
[1.689s] INFO:colcon.colcon_core.shell:Creating package script '/home/abhirup/slam_platform/slam_ws/install/evaluator_ros/share/evaluator_ros/package.sh'
[1.689s] INFO:colcon.colcon_core.shell:Creating package script '/home/abhirup/slam_platform/slam_ws/install/evaluator_ros/share/evaluator_ros/package.bash'
[1.689s] INFO:colcon.colcon_core.shell:Creating package script '/home/abhirup/slam_platform/slam_ws/install/evaluator_ros/share/evaluator_ros/package.zsh'
[1.689s] Level 1:colcon.colcon_core.environment:create_file_with_runtime_dependencies(/home/abhirup/slam_platform/slam_ws/install/evaluator_ros/share/colcon-core/packages/evaluator_ros)
[1.728s] Level 1:colcon.colcon_core.environment:checking '/home/abhirup/slam_platform/slam_ws/install/world_manager' for CMake module files
[1.728s] DEBUG:colcon.colcon_core.event_handler.log_command:Invoked command in '/home/abhirup/slam_platform/slam_ws/src/world_manager' returned '0': DEBUGINFOD_URLS=https://debuginfod.ubuntu.com PYTHONPATH=/home/abhirup/slam_platform/slam_ws/build/world_manager/prefix_override:/usr/lib/python3/dist-packages/colcon_core/task/python/colcon_distutils_commands:/home/abhirup/slam_platform/slam_ws/install/world_manager/lib/python3.12/site-packages:${PYTHONPATH} /usr/bin/python3 -W ignore:setup.py install is deprecated -W ignore:easy_install command is deprecated setup.py egg_info --egg-base ../../build/world_manager build --build-base /home/abhirup/slam_platform/slam_ws/build/world_manager/build install --record /home/abhirup/slam_platform/slam_ws/build/world_manager/install.log --single-version-externally-managed install_data --force
[1.729s] Level 1:colcon.colcon_core.environment:checking '/home/abhirup/slam_platform/slam_ws/install/world_manager' for CMake config files
[1.729s] Level 1:colcon.colcon_core.environment:checking '/home/abhirup/slam_platform/slam_ws/install/world_manager/lib'
[1.729s] Level 1:colcon.colcon_core.environment:checking '/home/abhirup/slam_platform/slam_ws/install/world_manager/bin'
[1.729s] Level 1:colcon.colcon_core.environment:checking '/home/abhirup/slam_platform/slam_ws/install/world_manager/lib/pkgconfig/world_manager.pc'
[1.729s] Level 1:colcon.colcon_core.environment:checking '/home/abhirup/slam_platform/slam_ws/install/world_manager/lib/python3.12/site-packages'
[1.729s] Level 1:colcon.colcon_core.shell:create_environment_hook('world_manager', 'pythonpath')
[1.730s] INFO:colcon.colcon_core.shell:Creating environment hook '/home/abhirup/slam_platform/slam_ws/install/world_manager/share/world_manager/hook/pythonpath.ps1'
[1.730s] INFO:colcon.colcon_core.shell:Creating environment descriptor '/home/abhirup/slam_platform/slam_ws/install/world_manager/share/world_manager/hook/pythonpath.dsv'
[1.730s] INFO:colcon.colcon_core.shell:Creating environment hook '/home/abhirup/slam_platform/slam_ws/install/world_manager/share/world_manager/hook/pythonpath.sh'
[1.730s] Level 1:colcon.colcon_core.environment:checking '/home/abhirup/slam_platform/slam_ws/install/world_manager/bin'
[1.730s] Level 1:colcon.colcon_core.environment:create_environment_scripts_only(world_manager)
[1.730s] INFO:colcon.colcon_core.shell:Creating package script '/home/abhirup/slam_platform/slam_ws/install/world_manager/share/world_manager/package.ps1'
[1.731s] INFO:colcon.colcon_core.shell:Creating package descriptor '/home/abhirup/slam_platform/slam_ws/install/world_manager/share/world_manager/package.dsv'
[1.731s] INFO:colcon.colcon_core.shell:Creating package script '/home/abhirup/slam_platform/slam_ws/install/world_manager/share/world_manager/package.sh'
[1.731s] INFO:colcon.colcon_core.shell:Creating package script '/home/abhirup/slam_platform/slam_ws/install/world_manager/share/world_manager/package.bash'
[1.731s] INFO:colcon.colcon_core.shell:Creating package script '/home/abhirup/slam_platform/slam_ws/install/world_manager/share/world_manager/package.zsh'
[1.731s] Level 1:colcon.colcon_core.environment:create_file_with_runtime_dependencies(/home/abhirup/slam_platform/slam_ws/install/world_manager/share/colcon-core/packages/world_manager)
[1.800s] Level 1:colcon.colcon_core.environment:checking '/home/abhirup/slam_platform/slam_ws/install/ros_gz_bridge_manager' for CMake module files
[1.800s] DEBUG:colcon.colcon_core.event_handler.log_command:Invoked command in '/home/abhirup/slam_platform/slam_ws/src/ros_gz_bridge_manager' returned '0': DEBUGINFOD_URLS=https://debuginfod.ubuntu.com PYTHONPATH=/home/abhirup/slam_platform/slam_ws/build/ros_gz_bridge_manager/prefix_override:/usr/lib/python3/dist-packages/colcon_core/task/python/colcon_distutils_commands:/home/abhirup/slam_platform/slam_ws/install/ros_gz_bridge_manager/lib/python3.12/site-packages:${PYTHONPATH} /usr/bin/python3 -W ignore:setup.py install is deprecated -W ignore:easy_install command is deprecated setup.py egg_info --egg-base ../../build/ros_gz_bridge_manager build --build-base /home/abhirup/slam_platform/slam_ws/build/ros_gz_bridge_manager/build install --record /home/abhirup/slam_platform/slam_ws/build/ros_gz_bridge_manager/install.log --single-version-externally-managed install_data --force
[1.800s] Level 1:colcon.colcon_core.environment:checking '/home/abhirup/slam_platform/slam_ws/install/ros_gz_bridge_manager' for CMake config files
[1.800s] Level 1:colcon.colcon_core.environment:checking '/home/abhirup/slam_platform/slam_ws/install/ros_gz_bridge_manager/lib'
[1.800s] Level 1:colcon.colcon_core.environment:checking '/home/abhirup/slam_platform/slam_ws/install/ros_gz_bridge_manager/bin'
[1.800s] Level 1:colcon.colcon_core.environment:checking '/home/abhirup/slam_platform/slam_ws/install/ros_gz_bridge_manager/lib/pkgconfig/ros_gz_bridge_manager.pc'
[1.801s] Level 1:colcon.colcon_core.environment:checking '/home/abhirup/slam_platform/slam_ws/install/ros_gz_bridge_manager/lib/python3.12/site-packages'
[1.801s] Level 1:colcon.colcon_core.shell:create_environment_hook('ros_gz_bridge_manager', 'pythonpath')
[1.801s] INFO:colcon.colcon_core.shell:Creating environment hook '/home/abhirup/slam_platform/slam_ws/install/ros_gz_bridge_manager/share/ros_gz_bridge_manager/hook/pythonpath.ps1'
[1.801s] INFO:colcon.colcon_core.shell:Creating environment descriptor '/home/abhirup/slam_platform/slam_ws/install/ros_gz_bridge_manager/share/ros_gz_bridge_manager/hook/pythonpath.dsv'
[1.801s] INFO:colcon.colcon_core.shell:Creating environment hook '/home/abhirup/slam_platform/slam_ws/install/ros_gz_bridge_manager/share/ros_gz_bridge_manager/hook/pythonpath.sh'
[1.801s] Level 1:colcon.colcon_core.environment:checking '/home/abhirup/slam_platform/slam_ws/install/ros_gz_bridge_manager/bin'
[1.801s] Level 1:colcon.colcon_core.environment:create_environment_scripts_only(ros_gz_bridge_manager)
[1.801s] INFO:colcon.colcon_core.shell:Creating package script '/home/abhirup/slam_platform/slam_ws/install/ros_gz_bridge_manager/share/ros_gz_bridge_manager/package.ps1'
[1.802s] INFO:colcon.colcon_core.shell:Creating package descriptor '/home/abhirup/slam_platform/slam_ws/install/ros_gz_bridge_manager/share/ros_gz_bridge_manager/package.dsv'
[1.802s] INFO:colcon.colcon_core.shell:Creating package script '/home/abhirup/slam_platform/slam_ws/install/ros_gz_bridge_manager/share/ros_gz_bridge_manager/package.sh'
[1.802s] INFO:colcon.colcon_core.shell:Creating package script '/home/abhirup/slam_platform/slam_ws/install/ros_gz_bridge_manager/share/ros_gz_bridge_manager/package.bash'
[1.802s] INFO:colcon.colcon_core.shell:Creating package script '/home/abhirup/slam_platform/slam_ws/install/ros_gz_bridge_manager/share/ros_gz_bridge_manager/package.zsh'
[1.802s] Level 1:colcon.colcon_core.environment:create_file_with_runtime_dependencies(/home/abhirup/slam_platform/slam_ws/install/ros_gz_bridge_manager/share/colcon-core/packages/ros_gz_bridge_manager)
[1.808s] Level 1:colcon.colcon_core.environment:checking '/home/abhirup/slam_platform/slam_ws/install/robot_bringup' for CMake module files
[1.808s] DEBUG:colcon.colcon_core.event_handler.log_command:Invoked command in '/home/abhirup/slam_platform/slam_ws/src/robot_bringup' returned '0': DEBUGINFOD_URLS=https://debuginfod.ubuntu.com PYTHONPATH=/home/abhirup/slam_platform/slam_ws/build/robot_bringup/prefix_override:/usr/lib/python3/dist-packages/colcon_core/task/python/colcon_distutils_commands:/home/abhirup/slam_platform/slam_ws/install/robot_bringup/lib/python3.12/site-packages:${PYTHONPATH} /usr/bin/python3 -W ignore:setup.py install is deprecated -W ignore:easy_install command is deprecated setup.py egg_info --egg-base ../../build/robot_bringup build --build-base /home/abhirup/slam_platform/slam_ws/build/robot_bringup/build install --record /home/abhirup/slam_platform/slam_ws/build/robot_bringup/install.log --single-version-externally-managed install_data --force
[1.809s] Level 1:colcon.colcon_core.environment:checking '/home/abhirup/slam_platform/slam_ws/install/robot_bringup' for CMake config files
[1.809s] Level 1:colcon.colcon_core.environment:checking '/home/abhirup/slam_platform/slam_ws/install/robot_bringup/lib'
[1.809s] Level 1:colcon.colcon_core.environment:checking '/home/abhirup/slam_platform/slam_ws/install/robot_bringup/bin'
[1.809s] Level 1:colcon.colcon_core.environment:checking '/home/abhirup/slam_platform/slam_ws/install/robot_bringup/lib/pkgconfig/robot_bringup.pc'
[1.809s] Level 1:colcon.colcon_core.environment:checking '/home/abhirup/slam_platform/slam_ws/install/robot_bringup/lib/python3.12/site-packages'
[1.809s] Level 1:colcon.colcon_core.shell:create_environment_hook('robot_bringup', 'pythonpath')
[1.809s] INFO:colcon.colcon_core.shell:Creating environment hook '/home/abhirup/slam_platform/slam_ws/install/robot_bringup/share/robot_bringup/hook/pythonpath.ps1'
[1.809s] INFO:colcon.colcon_core.shell:Creating environment descriptor '/home/abhirup/slam_platform/slam_ws/install/robot_bringup/share/robot_bringup/hook/pythonpath.dsv'
[1.810s] INFO:colcon.colcon_core.shell:Creating environment hook '/home/abhirup/slam_platform/slam_ws/install/robot_bringup/share/robot_bringup/hook/pythonpath.sh'
[1.810s] Level 1:colcon.colcon_core.environment:checking '/home/abhirup/slam_platform/slam_ws/install/robot_bringup/bin'
[1.810s] Level 1:colcon.colcon_core.environment:create_environment_scripts_only(robot_bringup)
[1.810s] INFO:colcon.colcon_core.shell:Creating package script '/home/abhirup/slam_platform/slam_ws/install/robot_bringup/share/robot_bringup/package.ps1'
[1.810s] INFO:colcon.colcon_core.shell:Creating package descriptor '/home/abhirup/slam_platform/slam_ws/install/robot_bringup/share/robot_bringup/package.dsv'
[1.810s] INFO:colcon.colcon_core.shell:Creating package script '/home/abhirup/slam_platform/slam_ws/install/robot_bringup/share/robot_bringup/package.sh'
[1.811s] INFO:colcon.colcon_core.shell:Creating package script '/home/abhirup/slam_platform/slam_ws/install/robot_bringup/share/robot_bringup/package.bash'
[1.811s] INFO:colcon.colcon_core.shell:Creating package script '/home/abhirup/slam_platform/slam_ws/install/robot_bringup/share/robot_bringup/package.zsh'
[1.811s] Level 1:colcon.colcon_core.environment:create_file_with_runtime_dependencies(/home/abhirup/slam_platform/slam_ws/install/robot_bringup/share/colcon-core/packages/robot_bringup)
[2.476s] DEBUG:colcon.colcon_core.event_handler.log_command:Invoked command in '/home/abhirup/slam_platform/slam_ws/build/slam_interfaces' returned '0': CMAKE_PREFIX_PATH=${CMAKE_PREFIX_PATH}:/home/abhirup/slam_platform/slam_ws/install/world_manager:/home/abhirup/slam_platform/slam_ws/install/tf_manager:/home/abhirup/slam_platform/slam_ws/install/sensor_adapter:/home/abhirup/slam_platform/slam_ws/install/ros_gz_bridge_manager:/home/abhirup/slam_platform/slam_ws/install/robot_bringup:/home/abhirup/slam_platform/slam_ws/install/groung_truth_provider:/home/abhirup/slam_platform/slam_ws/install/ground_truth_provider:/home/abhirup/slam_platform/slam_ws/install/experiment_manager:/home/abhirup/slam_platform/slam_ws/install/evaluator_ros:/opt/ros/jazzy DEBUGINFOD_URLS=https://debuginfod.ubuntu.com /usr/bin/cmake /home/abhirup/slam_platform/slam_ws/src/slam_interfaces -DCMAKE_INSTALL_PREFIX=/home/abhirup/slam_platform/slam_ws/install/slam_interfaces
[2.476s] DEBUG:colcon.colcon_core.event_handler.log_command:Invoking command in '/home/abhirup/slam_platform/slam_ws/build/slam_interfaces': CMAKE_PREFIX_PATH=${CMAKE_PREFIX_PATH}:/home/abhirup/slam_platform/slam_ws/install/world_manager:/home/abhirup/slam_platform/slam_ws/install/tf_manager:/home/abhirup/slam_platform/slam_ws/install/sensor_adapter:/home/abhirup/slam_platform/slam_ws/install/ros_gz_bridge_manager:/home/abhirup/slam_platform/slam_ws/install/robot_bringup:/home/abhirup/slam_platform/slam_ws/install/groung_truth_provider:/home/abhirup/slam_platform/slam_ws/install/ground_truth_provider:/home/abhirup/slam_platform/slam_ws/install/experiment_manager:/home/abhirup/slam_platform/slam_ws/install/evaluator_ros:/opt/ros/jazzy DEBUGINFOD_URLS=https://debuginfod.ubuntu.com /usr/bin/cmake --build /home/abhirup/slam_platform/slam_ws/build/slam_interfaces -- -j28 -l28
[3.544s] DEBUG:colcon.colcon_core.event_handler.log_command:Invoked command in '/home/abhirup/slam_platform/slam_ws/build/slam_interfaces' returned '0': CMAKE_PREFIX_PATH=${CMAKE_PREFIX_PATH}:/home/abhirup/slam_platform/slam_ws/install/world_manager:/home/abhirup/slam_platform/slam_ws/install/tf_manager:/home/abhirup/slam_platform/slam_ws/install/sensor_adapter:/home/abhirup/slam_platform/slam_ws/install/ros_gz_bridge_manager:/home/abhirup/slam_platform/slam_ws/install/robot_bringup:/home/abhirup/slam_platform/slam_ws/install/groung_truth_provider:/home/abhirup/slam_platform/slam_ws/install/ground_truth_provider:/home/abhirup/slam_platform/slam_ws/install/experiment_manager:/home/abhirup/slam_platform/slam_ws/install/evaluator_ros:/opt/ros/jazzy DEBUGINFOD_URLS=https://debuginfod.ubuntu.com /usr/bin/cmake --build /home/abhirup/slam_platform/slam_ws/build/slam_interfaces -- -j28 -l28
[3.549s] DEBUG:colcon.colcon_core.event_handler.log_command:Invoking command in '/home/abhirup/slam_platform/slam_ws/build/slam_interfaces': CMAKE_PREFIX_PATH=${CMAKE_PREFIX_PATH}:/home/abhirup/slam_platform/slam_ws/install/world_manager:/home/abhirup/slam_platform/slam_ws/install/tf_manager:/home/abhirup/slam_platform/slam_ws/install/sensor_adapter:/home/abhirup/slam_platform/slam_ws/install/ros_gz_bridge_manager:/home/abhirup/slam_platform/slam_ws/install/robot_bringup:/home/abhirup/slam_platform/slam_ws/install/groung_truth_provider:/home/abhirup/slam_platform/slam_ws/install/ground_truth_provider:/home/abhirup/slam_platform/slam_ws/install/experiment_manager:/home/abhirup/slam_platform/slam_ws/install/evaluator_ros:/opt/ros/jazzy DEBUGINFOD_URLS=https://debuginfod.ubuntu.com /usr/bin/cmake --install /home/abhirup/slam_platform/slam_ws/build/slam_interfaces
[3.852s] Level 1:colcon.colcon_core.environment:create_environment_scripts_only(slam_interfaces)
[3.852s] Level 1:colcon.colcon_core.environment:checking '/home/abhirup/slam_platform/slam_ws/install/slam_interfaces' for CMake module files
[3.852s] DEBUG:colcon.colcon_core.event_handler.log_command:Invoked command in '/home/abhirup/slam_platform/slam_ws/build/slam_interfaces' returned '0': CMAKE_PREFIX_PATH=${CMAKE_PREFIX_PATH}:/home/abhirup/slam_platform/slam_ws/install/world_manager:/home/abhirup/slam_platform/slam_ws/install/tf_manager:/home/abhirup/slam_platform/slam_ws/install/sensor_adapter:/home/abhirup/slam_platform/slam_ws/install/ros_gz_bridge_manager:/home/abhirup/slam_platform/slam_ws/install/robot_bringup:/home/abhirup/slam_platform/slam_ws/install/groung_truth_provider:/home/abhirup/slam_platform/slam_ws/install/ground_truth_provider:/home/abhirup/slam_platform/slam_ws/install/experiment_manager:/home/abhirup/slam_platform/slam_ws/install/evaluator_ros:/opt/ros/jazzy DEBUGINFOD_URLS=https://debuginfod.ubuntu.com /usr/bin/cmake --install /home/abhirup/slam_platform/slam_ws/build/slam_interfaces
[3.853s] Level 1:colcon.colcon_core.environment:checking '/home/abhirup/slam_platform/slam_ws/install/slam_interfaces' for CMake config files
[3.853s] Level 1:colcon.colcon_core.shell:create_environment_hook('slam_interfaces', 'cmake_prefix_path')
[3.853s] INFO:colcon.colcon_core.shell:Creating environment hook '/home/abhirup/slam_platform/slam_ws/install/slam_interfaces/share/slam_interfaces/hook/cmake_prefix_path.ps1'
[3.853s] INFO:colcon.colcon_core.shell:Creating environment descriptor '/home/abhirup/slam_platform/slam_ws/install/slam_interfaces/share/slam_interfaces/hook/cmake_prefix_path.dsv'
[3.853s] INFO:colcon.colcon_core.shell:Creating environment hook '/home/abhirup/slam_platform/slam_ws/install/slam_interfaces/share/slam_interfaces/hook/cmake_prefix_path.sh'
[3.854s] Level 1:colcon.colcon_core.environment:checking '/home/abhirup/slam_platform/slam_ws/install/slam_interfaces/lib'
[3.854s] Level 1:colcon.colcon_core.shell:create_environment_hook('slam_interfaces', 'ld_library_path_lib')
[3.854s] INFO:colcon.colcon_core.shell:Creating environment hook '/home/abhirup/slam_platform/slam_ws/install/slam_interfaces/share/slam_interfaces/hook/ld_library_path_lib.ps1'
[3.854s] INFO:colcon.colcon_core.shell:Creating environment descriptor '/home/abhirup/slam_platform/slam_ws/install/slam_interfaces/share/slam_interfaces/hook/ld_library_path_lib.dsv'
[3.854s] INFO:colcon.colcon_core.shell:Creating environment hook '/home/abhirup/slam_platform/slam_ws/install/slam_interfaces/share/slam_interfaces/hook/ld_library_path_lib.sh'
[3.854s] Level 1:colcon.colcon_core.environment:checking '/home/abhirup/slam_platform/slam_ws/install/slam_interfaces/bin'
[3.854s] Level 1:colcon.colcon_core.environment:checking '/home/abhirup/slam_platform/slam_ws/install/slam_interfaces/lib/pkgconfig/slam_interfaces.pc'
[3.854s] Level 1:colcon.colcon_core.environment:checking '/home/abhirup/slam_platform/slam_ws/install/slam_interfaces/lib/python3.12/site-packages'
[3.854s] Level 1:colcon.colcon_core.shell:create_environment_hook('slam_interfaces', 'pythonpath')
[3.854s] INFO:colcon.colcon_core.shell:Creating environment hook '/home/abhirup/slam_platform/slam_ws/install/slam_interfaces/share/slam_interfaces/hook/pythonpath.ps1'
[3.854s] INFO:colcon.colcon_core.shell:Creating environment descriptor '/home/abhirup/slam_platform/slam_ws/install/slam_interfaces/share/slam_interfaces/hook/pythonpath.dsv'
[3.855s] INFO:colcon.colcon_core.shell:Creating environment hook '/home/abhirup/slam_platform/slam_ws/install/slam_interfaces/share/slam_interfaces/hook/pythonpath.sh'
[3.855s] Level 1:colcon.colcon_core.environment:checking '/home/abhirup/slam_platform/slam_ws/install/slam_interfaces/bin'
[3.855s] INFO:colcon.colcon_core.shell:Creating package script '/home/abhirup/slam_platform/slam_ws/install/slam_interfaces/share/slam_interfaces/package.ps1'
[3.855s] INFO:colcon.colcon_core.shell:Creating package descriptor '/home/abhirup/slam_platform/slam_ws/install/slam_interfaces/share/slam_interfaces/package.dsv'
[3.855s] INFO:colcon.colcon_core.shell:Creating package script '/home/abhirup/slam_platform/slam_ws/install/slam_interfaces/share/slam_interfaces/package.sh'
[3.856s] INFO:colcon.colcon_core.shell:Creating package script '/home/abhirup/slam_platform/slam_ws/install/slam_interfaces/share/slam_interfaces/package.bash'
[3.856s] INFO:colcon.colcon_core.shell:Creating package script '/home/abhirup/slam_platform/slam_ws/install/slam_interfaces/share/slam_interfaces/package.zsh'
[3.856s] Level 1:colcon.colcon_core.environment:create_file_with_runtime_dependencies(/home/abhirup/slam_platform/slam_ws/install/slam_interfaces/share/colcon-core/packages/slam_interfaces)
[3.856s] Level 1:colcon.colcon_core.environment:create_environment_scripts_only(slam_interfaces)
[3.856s] Level 1:colcon.colcon_core.environment:checking '/home/abhirup/slam_platform/slam_ws/install/slam_interfaces' for CMake module files
[3.856s] Level 1:colcon.colcon_core.environment:checking '/home/abhirup/slam_platform/slam_ws/install/slam_interfaces' for CMake config files
[3.856s] Level 1:colcon.colcon_core.shell:create_environment_hook('slam_interfaces', 'cmake_prefix_path')
[3.857s] INFO:colcon.colcon_core.shell:Creating environment hook '/home/abhirup/slam_platform/slam_ws/install/slam_interfaces/share/slam_interfaces/hook/cmake_prefix_path.ps1'
[3.857s] INFO:colcon.colcon_core.shell:Creating environment descriptor '/home/abhirup/slam_platform/slam_ws/install/slam_interfaces/share/slam_interfaces/hook/cmake_prefix_path.dsv'
[3.857s] INFO:colcon.colcon_core.shell:Creating environment hook '/home/abhirup/slam_platform/slam_ws/install/slam_interfaces/share/slam_interfaces/hook/cmake_prefix_path.sh'
[3.857s] Level 1:colcon.colcon_core.environment:checking '/home/abhirup/slam_platform/slam_ws/install/slam_interfaces/lib'
[3.857s] Level 1:colcon.colcon_core.shell:create_environment_hook('slam_interfaces', 'ld_library_path_lib')
[3.857s] INFO:colcon.colcon_core.shell:Creating environment hook '/home/abhirup/slam_platform/slam_ws/install/slam_interfaces/share/slam_interfaces/hook/ld_library_path_lib.ps1'
[3.857s] INFO:colcon.colcon_core.shell:Creating environment descriptor '/home/abhirup/slam_platform/slam_ws/install/slam_interfaces/share/slam_interfaces/hook/ld_library_path_lib.dsv'
[3.857s] INFO:colcon.colcon_core.shell:Creating environment hook '/home/abhirup/slam_platform/slam_ws/install/slam_interfaces/share/slam_interfaces/hook/ld_library_path_lib.sh'
[3.858s] Level 1:colcon.colcon_core.environment:checking '/home/abhirup/slam_platform/slam_ws/install/slam_interfaces/bin'
[3.858s] Level 1:colcon.colcon_core.environment:checking '/home/abhirup/slam_platform/slam_ws/install/slam_interfaces/lib/pkgconfig/slam_interfaces.pc'
[3.858s] Level 1:colcon.colcon_core.environment:checking '/home/abhirup/slam_platform/slam_ws/install/slam_interfaces/lib/python3.12/site-packages'
[3.858s] Level 1:colcon.colcon_core.shell:create_environment_hook('slam_interfaces', 'pythonpath')
[3.858s] INFO:colcon.colcon_core.shell:Creating environment hook '/home/abhirup/slam_platform/slam_ws/install/slam_interfaces/share/slam_interfaces/hook/pythonpath.ps1'
[3.858s] INFO:colcon.colcon_core.shell:Creating environment descriptor '/home/abhirup/slam_platform/slam_ws/install/slam_interfaces/share/slam_interfaces/hook/pythonpath.dsv'
[3.858s] INFO:colcon.colcon_core.shell:Creating environment hook '/home/abhirup/slam_platform/slam_ws/install/slam_interfaces/share/slam_interfaces/hook/pythonpath.sh'
[3.858s] Level 1:colcon.colcon_core.environment:checking '/home/abhirup/slam_platform/slam_ws/install/slam_interfaces/bin'
[3.858s] INFO:colcon.colcon_core.shell:Creating package script '/home/abhirup/slam_platform/slam_ws/install/slam_interfaces/share/slam_interfaces/package.ps1'
[3.859s] INFO:colcon.colcon_core.shell:Creating package descriptor '/home/abhirup/slam_platform/slam_ws/install/slam_interfaces/share/slam_interfaces/package.dsv'
[3.859s] INFO:colcon.colcon_core.shell:Creating package script '/home/abhirup/slam_platform/slam_ws/install/slam_interfaces/share/slam_interfaces/package.sh'
[3.859s] INFO:colcon.colcon_core.shell:Creating package script '/home/abhirup/slam_platform/slam_ws/install/slam_interfaces/share/slam_interfaces/package.bash'
[3.859s] INFO:colcon.colcon_core.shell:Creating package script '/home/abhirup/slam_platform/slam_ws/install/slam_interfaces/share/slam_interfaces/package.zsh'
[3.859s] Level 1:colcon.colcon_core.environment:create_file_with_runtime_dependencies(/home/abhirup/slam_platform/slam_ws/install/slam_interfaces/share/colcon-core/packages/slam_interfaces)
[3.859s] DEBUG:colcon.colcon_parallel_executor.executor.parallel:closing loop
[3.859s] DEBUG:colcon.colcon_parallel_executor.executor.parallel:loop closed
[3.860s] DEBUG:colcon.colcon_parallel_executor.executor.parallel:run_until_complete finished with '0'
[3.860s] DEBUG:colcon.colcon_core.event_reactor:joining thread
[3.865s] INFO:colcon.colcon_core.plugin_system:Skipping extension 'colcon_notification.desktop_notification.terminal_notifier': Not used on non-Darwin systems
[3.865s] INFO:colcon.colcon_core.plugin_system:Skipping extension 'colcon_notification.desktop_notification.win32': Not used on non-Windows systems
[3.865s] INFO:colcon.colcon_notification.desktop_notification:Sending desktop notification using 'notify2'
[3.875s] DEBUG:colcon.colcon_core.event_reactor:joined thread
[3.875s] INFO:colcon.colcon_core.shell:Creating prefix script '/home/abhirup/slam_platform/slam_ws/install/local_setup.ps1'
[3.875s] INFO:colcon.colcon_core.shell:Creating prefix util module '/home/abhirup/slam_platform/slam_ws/install/_local_setup_util_ps1.py'
[3.876s] INFO:colcon.colcon_core.shell:Creating prefix chain script '/home/abhirup/slam_platform/slam_ws/install/setup.ps1'
[3.876s] INFO:colcon.colcon_core.shell:Creating prefix script '/home/abhirup/slam_platform/slam_ws/install/local_setup.sh'
[3.876s] INFO:colcon.colcon_core.shell:Creating prefix util module '/home/abhirup/slam_platform/slam_ws/install/_local_setup_util_sh.py'
[3.877s] INFO:colcon.colcon_core.shell:Creating prefix chain script '/home/abhirup/slam_platform/slam_ws/install/setup.sh'
[3.877s] INFO:colcon.colcon_core.shell:Creating prefix script '/home/abhirup/slam_platform/slam_ws/install/local_setup.bash'
[3.877s] INFO:colcon.colcon_core.shell:Creating prefix chain script '/home/abhirup/slam_platform/slam_ws/install/setup.bash'
[3.878s] INFO:colcon.colcon_core.shell:Creating prefix script '/home/abhirup/slam_platform/slam_ws/install/local_setup.zsh'
[3.878s] INFO:colcon.colcon_core.shell:Creating prefix chain script '/home/abhirup/slam_platform/slam_ws/install/setup.zsh'
