[0.066s] DEBUG:colcon:Command line arguments: ['/usr/bin/colcon', 'build']
[0.066s] DEBUG:colcon:Parsed command line arguments: Namespace(log_base=None, log_level=None, verb_name='build', build_base='build', install_base='install', merge_install=False, symlink_install=False, test_result_base=None, continue_on_error=False, executor='parallel', parallel_workers=28, event_handlers=None, ignore_user_meta=False, metas=['./colcon.meta'], base_paths=['.'], packages_ignore=None, packages_ignore_regex=None, paths=None, packages_up_to=None, packages_up_to_regex=None, packages_above=None, packages_above_and_dependencies=None, packages_above_depth=None, packages_select_by_dep=None, packages_skip_by_dep=None, packages_skip_up_to=None, packages_select_build_failed=False, packages_skip_build_finished=False, packages_select_test_failures=False, packages_skip_test_passed=False, packages_select=None, packages_skip=None, packages_select_regex=None, packages_skip_regex=None, packages_start=None, packages_end=None, allow_overriding=[], cmake_args=None, cmake_target=None, cmake_target_skip_unavailable=False, cmake_clean_cache=False, cmake_clean_first=False, cmake_force_configure=False, ament_cmake_args=None, catkin_cmake_args=None, catkin_skip_building_tests=False, verb_parser=<colcon_defaults.argument_parser.defaults.DefaultArgumentsDecorator object at 0x70735ef52ab0>, verb_extension=<colcon_core.verb.build.BuildVerb object at 0x70735f0773b0>, main=<bound method BuildVerb.main of <colcon_core.verb.build.BuildVerb object at 0x70735f0773b0>>)
[0.093s] Level 1:colcon.colcon_core.package_discovery:discover_packages(colcon_meta) check parameters
[0.093s] Level 1:colcon.colcon_core.package_discovery:discover_packages(recursive) check parameters
[0.093s] Level 1:colcon.colcon_core.package_discovery:discover_packages(ignore) check parameters
[0.093s] Level 1:colcon.colcon_core.package_discovery:discover_packages(path) check parameters
[0.093s] Level 1:colcon.colcon_core.package_discovery:discover_packages(colcon_meta) discover
[0.093s] Level 1:colcon.colcon_core.package_discovery:discover_packages(recursive) discover
[0.093s] INFO:colcon.colcon_core.package_discovery:Crawling recursively for packages in '/home/abhirup/slam_platform'
[0.093s] Level 1:colcon.colcon_core.package_identification:_identify(.) by extensions ['ignore', 'ignore_ament_install']
[0.093s] Level 1:colcon.colcon_core.package_identification:_identify(.) by extension 'ignore'
[0.093s] Level 1:colcon.colcon_core.package_identification:_identify(.) by extension 'ignore_ament_install'
[0.093s] Level 1:colcon.colcon_core.package_identification:_identify(.) by extensions ['colcon_pkg']
[0.093s] Level 1:colcon.colcon_core.package_identification:_identify(.) by extension 'colcon_pkg'
[0.093s] Level 1:colcon.colcon_core.package_identification:_identify(.) by extensions ['colcon_meta']
[0.093s] Level 1:colcon.colcon_core.package_identification:_identify(.) by extension 'colcon_meta'
[0.093s] Level 1:colcon.colcon_core.package_identification:_identify(.) by extensions ['ros']
[0.093s] Level 1:colcon.colcon_core.package_identification:_identify(.) by extension 'ros'
[0.114s] Level 1:colcon.colcon_core.package_identification:_identify(.) by extensions ['cmake', 'python']
[0.114s] Level 1:colcon.colcon_core.package_identification:_identify(.) by extension 'cmake'
[0.114s] Level 1:colcon.colcon_core.package_identification:_identify(.) by extension 'python'
[0.114s] Level 1:colcon.colcon_core.package_identification:_identify(.) by extensions ['python_setup_py']
[0.114s] Level 1:colcon.colcon_core.package_identification:_identify(.) by extension 'python_setup_py'
[0.114s] Level 1:colcon.colcon_core.package_identification:_identify(build) by extensions ['ignore', 'ignore_ament_install']
[0.114s] Level 1:colcon.colcon_core.package_identification:_identify(build) by extension 'ignore'
[0.114s] Level 1:colcon.colcon_core.package_identification:_identify(build) ignored
[0.114s] Level 1:colcon.colcon_core.package_identification:_identify(compose) by extensions ['ignore', 'ignore_ament_install']
[0.114s] Level 1:colcon.colcon_core.package_identification:_identify(compose) by extension 'ignore'
[0.114s] Level 1:colcon.colcon_core.package_identification:_identify(compose) by extension 'ignore_ament_install'
[0.114s] Level 1:colcon.colcon_core.package_identification:_identify(compose) by extensions ['colcon_pkg']
[0.114s] Level 1:colcon.colcon_core.package_identification:_identify(compose) by extension 'colcon_pkg'
[0.114s] Level 1:colcon.colcon_core.package_identification:_identify(compose) by extensions ['colcon_meta']
[0.114s] Level 1:colcon.colcon_core.package_identification:_identify(compose) by extension 'colcon_meta'
[0.114s] Level 1:colcon.colcon_core.package_identification:_identify(compose) by extensions ['ros']
[0.114s] Level 1:colcon.colcon_core.package_identification:_identify(compose) by extension 'ros'
[0.114s] Level 1:colcon.colcon_core.package_identification:_identify(compose) by extensions ['cmake', 'python']
[0.114s] Level 1:colcon.colcon_core.package_identification:_identify(compose) by extension 'cmake'
[0.114s] Level 1:colcon.colcon_core.package_identification:_identify(compose) by extension 'python'
[0.114s] Level 1:colcon.colcon_core.package_identification:_identify(compose) by extensions ['python_setup_py']
[0.114s] Level 1:colcon.colcon_core.package_identification:_identify(compose) by extension 'python_setup_py'
[0.114s] Level 1:colcon.colcon_core.package_identification:_identify(data) by extensions ['ignore', 'ignore_ament_install']
[0.114s] Level 1:colcon.colcon_core.package_identification:_identify(data) by extension 'ignore'
[0.114s] Level 1:colcon.colcon_core.package_identification:_identify(data) by extension 'ignore_ament_install'
[0.114s] Level 1:colcon.colcon_core.package_identification:_identify(data) by extensions ['colcon_pkg']
[0.114s] Level 1:colcon.colcon_core.package_identification:_identify(data) by extension 'colcon_pkg'
[0.114s] Level 1:colcon.colcon_core.package_identification:_identify(data) by extensions ['colcon_meta']
[0.114s] Level 1:colcon.colcon_core.package_identification:_identify(data) by extension 'colcon_meta'
[0.114s] Level 1:colcon.colcon_core.package_identification:_identify(data) by extensions ['ros']
[0.114s] Level 1:colcon.colcon_core.package_identification:_identify(data) by extension 'ros'
[0.114s] Level 1:colcon.colcon_core.package_identification:_identify(data) by extensions ['cmake', 'python']
[0.114s] Level 1:colcon.colcon_core.package_identification:_identify(data) by extension 'cmake'
[0.114s] Level 1:colcon.colcon_core.package_identification:_identify(data) by extension 'python'
[0.114s] Level 1:colcon.colcon_core.package_identification:_identify(data) by extensions ['python_setup_py']
[0.114s] Level 1:colcon.colcon_core.package_identification:_identify(data) by extension 'python_setup_py'
[0.114s] Level 1:colcon.colcon_core.package_identification:_identify(data/bags) by extensions ['ignore', 'ignore_ament_install']
[0.114s] Level 1:colcon.colcon_core.package_identification:_identify(data/bags) by extension 'ignore'
[0.114s] Level 1:colcon.colcon_core.package_identification:_identify(data/bags) by extension 'ignore_ament_install'
[0.114s] Level 1:colcon.colcon_core.package_identification:_identify(data/bags) by extensions ['colcon_pkg']
[0.114s] Level 1:colcon.colcon_core.package_identification:_identify(data/bags) by extension 'colcon_pkg'
[0.114s] Level 1:colcon.colcon_core.package_identification:_identify(data/bags) by extensions ['colcon_meta']
[0.114s] Level 1:colcon.colcon_core.package_identification:_identify(data/bags) by extension 'colcon_meta'
[0.114s] Level 1:colcon.colcon_core.package_identification:_identify(data/bags) by extensions ['ros']
[0.114s] Level 1:colcon.colcon_core.package_identification:_identify(data/bags) by extension 'ros'
[0.115s] Level 1:colcon.colcon_core.package_identification:_identify(data/bags) by extensions ['cmake', 'python']
[0.115s] Level 1:colcon.colcon_core.package_identification:_identify(data/bags) by extension 'cmake'
[0.115s] Level 1:colcon.colcon_core.package_identification:_identify(data/bags) by extension 'python'
[0.115s] Level 1:colcon.colcon_core.package_identification:_identify(data/bags) by extensions ['python_setup_py']
[0.115s] Level 1:colcon.colcon_core.package_identification:_identify(data/bags) by extension 'python_setup_py'
[0.115s] Level 1:colcon.colcon_core.package_identification:_identify(data/csv) by extensions ['ignore', 'ignore_ament_install']
[0.115s] Level 1:colcon.colcon_core.package_identification:_identify(data/csv) by extension 'ignore'
[0.115s] Level 1:colcon.colcon_core.package_identification:_identify(data/csv) by extension 'ignore_ament_install'
[0.115s] Level 1:colcon.colcon_core.package_identification:_identify(data/csv) by extensions ['colcon_pkg']
[0.115s] Level 1:colcon.colcon_core.package_identification:_identify(data/csv) by extension 'colcon_pkg'
[0.115s] Level 1:colcon.colcon_core.package_identification:_identify(data/csv) by extensions ['colcon_meta']
[0.115s] Level 1:colcon.colcon_core.package_identification:_identify(data/csv) by extension 'colcon_meta'
[0.115s] Level 1:colcon.colcon_core.package_identification:_identify(data/csv) by extensions ['ros']
[0.115s] Level 1:colcon.colcon_core.package_identification:_identify(data/csv) by extension 'ros'
[0.115s] Level 1:colcon.colcon_core.package_identification:_identify(data/csv) by extensions ['cmake', 'python']
[0.115s] Level 1:colcon.colcon_core.package_identification:_identify(data/csv) by extension 'cmake'
[0.115s] Level 1:colcon.colcon_core.package_identification:_identify(data/csv) by extension 'python'
[0.115s] Level 1:colcon.colcon_core.package_identification:_identify(data/csv) by extensions ['python_setup_py']
[0.115s] Level 1:colcon.colcon_core.package_identification:_identify(data/csv) by extension 'python_setup_py'
[0.115s] Level 1:colcon.colcon_core.package_identification:_identify(data/json) by extensions ['ignore', 'ignore_ament_install']
[0.115s] Level 1:colcon.colcon_core.package_identification:_identify(data/json) by extension 'ignore'
[0.115s] Level 1:colcon.colcon_core.package_identification:_identify(data/json) by extension 'ignore_ament_install'
[0.115s] Level 1:colcon.colcon_core.package_identification:_identify(data/json) by extensions ['colcon_pkg']
[0.115s] Level 1:colcon.colcon_core.package_identification:_identify(data/json) by extension 'colcon_pkg'
[0.115s] Level 1:colcon.colcon_core.package_identification:_identify(data/json) by extensions ['colcon_meta']
[0.115s] Level 1:colcon.colcon_core.package_identification:_identify(data/json) by extension 'colcon_meta'
[0.115s] Level 1:colcon.colcon_core.package_identification:_identify(data/json) by extensions ['ros']
[0.115s] Level 1:colcon.colcon_core.package_identification:_identify(data/json) by extension 'ros'
[0.115s] Level 1:colcon.colcon_core.package_identification:_identify(data/json) by extensions ['cmake', 'python']
[0.115s] Level 1:colcon.colcon_core.package_identification:_identify(data/json) by extension 'cmake'
[0.115s] Level 1:colcon.colcon_core.package_identification:_identify(data/json) by extension 'python'
[0.115s] Level 1:colcon.colcon_core.package_identification:_identify(data/json) by extensions ['python_setup_py']
[0.115s] Level 1:colcon.colcon_core.package_identification:_identify(data/json) by extension 'python_setup_py'
[0.115s] Level 1:colcon.colcon_core.package_identification:_identify(data/plots) by extensions ['ignore', 'ignore_ament_install']
[0.115s] Level 1:colcon.colcon_core.package_identification:_identify(data/plots) by extension 'ignore'
[0.115s] Level 1:colcon.colcon_core.package_identification:_identify(data/plots) by extension 'ignore_ament_install'
[0.115s] Level 1:colcon.colcon_core.package_identification:_identify(data/plots) by extensions ['colcon_pkg']
[0.115s] Level 1:colcon.colcon_core.package_identification:_identify(data/plots) by extension 'colcon_pkg'
[0.115s] Level 1:colcon.colcon_core.package_identification:_identify(data/plots) by extensions ['colcon_meta']
[0.115s] Level 1:colcon.colcon_core.package_identification:_identify(data/plots) by extension 'colcon_meta'
[0.115s] Level 1:colcon.colcon_core.package_identification:_identify(data/plots) by extensions ['ros']
[0.115s] Level 1:colcon.colcon_core.package_identification:_identify(data/plots) by extension 'ros'
[0.115s] Level 1:colcon.colcon_core.package_identification:_identify(data/plots) by extensions ['cmake', 'python']
[0.115s] Level 1:colcon.colcon_core.package_identification:_identify(data/plots) by extension 'cmake'
[0.115s] Level 1:colcon.colcon_core.package_identification:_identify(data/plots) by extension 'python'
[0.115s] Level 1:colcon.colcon_core.package_identification:_identify(data/plots) by extensions ['python_setup_py']
[0.115s] Level 1:colcon.colcon_core.package_identification:_identify(data/plots) by extension 'python_setup_py'
[0.115s] Level 1:colcon.colcon_core.package_identification:_identify(data/reports) by extensions ['ignore', 'ignore_ament_install']
[0.115s] Level 1:colcon.colcon_core.package_identification:_identify(data/reports) by extension 'ignore'
[0.115s] Level 1:colcon.colcon_core.package_identification:_identify(data/reports) by extension 'ignore_ament_install'
[0.115s] Level 1:colcon.colcon_core.package_identification:_identify(data/reports) by extensions ['colcon_pkg']
[0.115s] Level 1:colcon.colcon_core.package_identification:_identify(data/reports) by extension 'colcon_pkg'
[0.115s] Level 1:colcon.colcon_core.package_identification:_identify(data/reports) by extensions ['colcon_meta']
[0.115s] Level 1:colcon.colcon_core.package_identification:_identify(data/reports) by extension 'colcon_meta'
[0.115s] Level 1:colcon.colcon_core.package_identification:_identify(data/reports) by extensions ['ros']
[0.115s] Level 1:colcon.colcon_core.package_identification:_identify(data/reports) by extension 'ros'
[0.116s] Level 1:colcon.colcon_core.package_identification:_identify(data/reports) by extensions ['cmake', 'python']
[0.116s] Level 1:colcon.colcon_core.package_identification:_identify(data/reports) by extension 'cmake'
[0.116s] Level 1:colcon.colcon_core.package_identification:_identify(data/reports) by extension 'python'
[0.116s] Level 1:colcon.colcon_core.package_identification:_identify(data/reports) by extensions ['python_setup_py']
[0.116s] Level 1:colcon.colcon_core.package_identification:_identify(data/reports) by extension 'python_setup_py'
[0.116s] Level 1:colcon.colcon_core.package_identification:_identify(docker) by extensions ['ignore', 'ignore_ament_install']
[0.116s] Level 1:colcon.colcon_core.package_identification:_identify(docker) by extension 'ignore'
[0.116s] Level 1:colcon.colcon_core.package_identification:_identify(docker) by extension 'ignore_ament_install'
[0.116s] Level 1:colcon.colcon_core.package_identification:_identify(docker) by extensions ['colcon_pkg']
[0.116s] Level 1:colcon.colcon_core.package_identification:_identify(docker) by extension 'colcon_pkg'
[0.116s] Level 1:colcon.colcon_core.package_identification:_identify(docker) by extensions ['colcon_meta']
[0.116s] Level 1:colcon.colcon_core.package_identification:_identify(docker) by extension 'colcon_meta'
[0.116s] Level 1:colcon.colcon_core.package_identification:_identify(docker) by extensions ['ros']
[0.116s] Level 1:colcon.colcon_core.package_identification:_identify(docker) by extension 'ros'
[0.116s] Level 1:colcon.colcon_core.package_identification:_identify(docker) by extensions ['cmake', 'python']
[0.116s] Level 1:colcon.colcon_core.package_identification:_identify(docker) by extension 'cmake'
[0.116s] Level 1:colcon.colcon_core.package_identification:_identify(docker) by extension 'python'
[0.116s] Level 1:colcon.colcon_core.package_identification:_identify(docker) by extensions ['python_setup_py']
[0.116s] Level 1:colcon.colcon_core.package_identification:_identify(docker) by extension 'python_setup_py'
[0.116s] Level 1:colcon.colcon_core.package_identification:_identify(docker/base) by extensions ['ignore', 'ignore_ament_install']
[0.116s] Level 1:colcon.colcon_core.package_identification:_identify(docker/base) by extension 'ignore'
[0.116s] Level 1:colcon.colcon_core.package_identification:_identify(docker/base) by extension 'ignore_ament_install'
[0.116s] Level 1:colcon.colcon_core.package_identification:_identify(docker/base) by extensions ['colcon_pkg']
[0.116s] Level 1:colcon.colcon_core.package_identification:_identify(docker/base) by extension 'colcon_pkg'
[0.116s] Level 1:colcon.colcon_core.package_identification:_identify(docker/base) by extensions ['colcon_meta']
[0.116s] Level 1:colcon.colcon_core.package_identification:_identify(docker/base) by extension 'colcon_meta'
[0.116s] Level 1:colcon.colcon_core.package_identification:_identify(docker/base) by extensions ['ros']
[0.116s] Level 1:colcon.colcon_core.package_identification:_identify(docker/base) by extension 'ros'
[0.116s] Level 1:colcon.colcon_core.package_identification:_identify(docker/base) by extensions ['cmake', 'python']
[0.116s] Level 1:colcon.colcon_core.package_identification:_identify(docker/base) by extension 'cmake'
[0.116s] Level 1:colcon.colcon_core.package_identification:_identify(docker/base) by extension 'python'
[0.116s] Level 1:colcon.colcon_core.package_identification:_identify(docker/base) by extensions ['python_setup_py']
[0.116s] Level 1:colcon.colcon_core.package_identification:_identify(docker/base) by extension 'python_setup_py'
[0.116s] Level 1:colcon.colcon_core.package_identification:_identify(docker/evaluator) by extensions ['ignore', 'ignore_ament_install']
[0.116s] Level 1:colcon.colcon_core.package_identification:_identify(docker/evaluator) by extension 'ignore'
[0.116s] Level 1:colcon.colcon_core.package_identification:_identify(docker/evaluator) by extension 'ignore_ament_install'
[0.116s] Level 1:colcon.colcon_core.package_identification:_identify(docker/evaluator) by extensions ['colcon_pkg']
[0.116s] Level 1:colcon.colcon_core.package_identification:_identify(docker/evaluator) by extension 'colcon_pkg'
[0.116s] Level 1:colcon.colcon_core.package_identification:_identify(docker/evaluator) by extensions ['colcon_meta']
[0.116s] Level 1:colcon.colcon_core.package_identification:_identify(docker/evaluator) by extension 'colcon_meta'
[0.116s] Level 1:colcon.colcon_core.package_identification:_identify(docker/evaluator) by extensions ['ros']
[0.116s] Level 1:colcon.colcon_core.package_identification:_identify(docker/evaluator) by extension 'ros'
[0.116s] Level 1:colcon.colcon_core.package_identification:_identify(docker/evaluator) by extensions ['cmake', 'python']
[0.116s] Level 1:colcon.colcon_core.package_identification:_identify(docker/evaluator) by extension 'cmake'
[0.116s] Level 1:colcon.colcon_core.package_identification:_identify(docker/evaluator) by extension 'python'
[0.116s] Level 1:colcon.colcon_core.package_identification:_identify(docker/evaluator) by extensions ['python_setup_py']
[0.116s] Level 1:colcon.colcon_core.package_identification:_identify(docker/evaluator) by extension 'python_setup_py'
[0.116s] Level 1:colcon.colcon_core.package_identification:_identify(docker/gazebo) by extensions ['ignore', 'ignore_ament_install']
[0.116s] Level 1:colcon.colcon_core.package_identification:_identify(docker/gazebo) by extension 'ignore'
[0.116s] Level 1:colcon.colcon_core.package_identification:_identify(docker/gazebo) by extension 'ignore_ament_install'
[0.116s] Level 1:colcon.colcon_core.package_identification:_identify(docker/gazebo) by extensions ['colcon_pkg']
[0.116s] Level 1:colcon.colcon_core.package_identification:_identify(docker/gazebo) by extension 'colcon_pkg'
[0.116s] Level 1:colcon.colcon_core.package_identification:_identify(docker/gazebo) by extensions ['colcon_meta']
[0.116s] Level 1:colcon.colcon_core.package_identification:_identify(docker/gazebo) by extension 'colcon_meta'
[0.116s] Level 1:colcon.colcon_core.package_identification:_identify(docker/gazebo) by extensions ['ros']
[0.116s] Level 1:colcon.colcon_core.package_identification:_identify(docker/gazebo) by extension 'ros'
[0.116s] Level 1:colcon.colcon_core.package_identification:_identify(docker/gazebo) by extensions ['cmake', 'python']
[0.116s] Level 1:colcon.colcon_core.package_identification:_identify(docker/gazebo) by extension 'cmake'
[0.117s] Level 1:colcon.colcon_core.package_identification:_identify(docker/gazebo) by extension 'python'
[0.117s] Level 1:colcon.colcon_core.package_identification:_identify(docker/gazebo) by extensions ['python_setup_py']
[0.117s] Level 1:colcon.colcon_core.package_identification:_identify(docker/gazebo) by extension 'python_setup_py'
[0.117s] Level 1:colcon.colcon_core.package_identification:_identify(docker/orchestrator) by extensions ['ignore', 'ignore_ament_install']
[0.117s] Level 1:colcon.colcon_core.package_identification:_identify(docker/orchestrator) by extension 'ignore'
[0.117s] Level 1:colcon.colcon_core.package_identification:_identify(docker/orchestrator) by extension 'ignore_ament_install'
[0.117s] Level 1:colcon.colcon_core.package_identification:_identify(docker/orchestrator) by extensions ['colcon_pkg']
[0.117s] Level 1:colcon.colcon_core.package_identification:_identify(docker/orchestrator) by extension 'colcon_pkg'
[0.117s] Level 1:colcon.colcon_core.package_identification:_identify(docker/orchestrator) by extensions ['colcon_meta']
[0.117s] Level 1:colcon.colcon_core.package_identification:_identify(docker/orchestrator) by extension 'colcon_meta'
[0.117s] Level 1:colcon.colcon_core.package_identification:_identify(docker/orchestrator) by extensions ['ros']
[0.117s] Level 1:colcon.colcon_core.package_identification:_identify(docker/orchestrator) by extension 'ros'
[0.117s] Level 1:colcon.colcon_core.package_identification:_identify(docker/orchestrator) by extensions ['cmake', 'python']
[0.117s] Level 1:colcon.colcon_core.package_identification:_identify(docker/orchestrator) by extension 'cmake'
[0.117s] Level 1:colcon.colcon_core.package_identification:_identify(docker/orchestrator) by extension 'python'
[0.117s] Level 1:colcon.colcon_core.package_identification:_identify(docker/orchestrator) by extensions ['python_setup_py']
[0.117s] Level 1:colcon.colcon_core.package_identification:_identify(docker/orchestrator) by extension 'python_setup_py'
[0.117s] Level 1:colcon.colcon_core.package_identification:_identify(docker/plugins) by extensions ['ignore', 'ignore_ament_install']
[0.117s] Level 1:colcon.colcon_core.package_identification:_identify(docker/plugins) by extension 'ignore'
[0.117s] Level 1:colcon.colcon_core.package_identification:_identify(docker/plugins) by extension 'ignore_ament_install'
[0.117s] Level 1:colcon.colcon_core.package_identification:_identify(docker/plugins) by extensions ['colcon_pkg']
[0.117s] Level 1:colcon.colcon_core.package_identification:_identify(docker/plugins) by extension 'colcon_pkg'
[0.117s] Level 1:colcon.colcon_core.package_identification:_identify(docker/plugins) by extensions ['colcon_meta']
[0.117s] Level 1:colcon.colcon_core.package_identification:_identify(docker/plugins) by extension 'colcon_meta'
[0.117s] Level 1:colcon.colcon_core.package_identification:_identify(docker/plugins) by extensions ['ros']
[0.117s] Level 1:colcon.colcon_core.package_identification:_identify(docker/plugins) by extension 'ros'
[0.117s] Level 1:colcon.colcon_core.package_identification:_identify(docker/plugins) by extensions ['cmake', 'python']
[0.117s] Level 1:colcon.colcon_core.package_identification:_identify(docker/plugins) by extension 'cmake'
[0.117s] Level 1:colcon.colcon_core.package_identification:_identify(docker/plugins) by extension 'python'
[0.117s] Level 1:colcon.colcon_core.package_identification:_identify(docker/plugins) by extensions ['python_setup_py']
[0.117s] Level 1:colcon.colcon_core.package_identification:_identify(docker/plugins) by extension 'python_setup_py'
[0.117s] Level 1:colcon.colcon_core.package_identification:_identify(docker/visualization) by extensions ['ignore', 'ignore_ament_install']
[0.117s] Level 1:colcon.colcon_core.package_identification:_identify(docker/visualization) by extension 'ignore'
[0.117s] Level 1:colcon.colcon_core.package_identification:_identify(docker/visualization) by extension 'ignore_ament_install'
[0.117s] Level 1:colcon.colcon_core.package_identification:_identify(docker/visualization) by extensions ['colcon_pkg']
[0.117s] Level 1:colcon.colcon_core.package_identification:_identify(docker/visualization) by extension 'colcon_pkg'
[0.117s] Level 1:colcon.colcon_core.package_identification:_identify(docker/visualization) by extensions ['colcon_meta']
[0.117s] Level 1:colcon.colcon_core.package_identification:_identify(docker/visualization) by extension 'colcon_meta'
[0.117s] Level 1:colcon.colcon_core.package_identification:_identify(docker/visualization) by extensions ['ros']
[0.117s] Level 1:colcon.colcon_core.package_identification:_identify(docker/visualization) by extension 'ros'
[0.117s] Level 1:colcon.colcon_core.package_identification:_identify(docker/visualization) by extensions ['cmake', 'python']
[0.117s] Level 1:colcon.colcon_core.package_identification:_identify(docker/visualization) by extension 'cmake'
[0.117s] Level 1:colcon.colcon_core.package_identification:_identify(docker/visualization) by extension 'python'
[0.117s] Level 1:colcon.colcon_core.package_identification:_identify(docker/visualization) by extensions ['python_setup_py']
[0.117s] Level 1:colcon.colcon_core.package_identification:_identify(docker/visualization) by extension 'python_setup_py'
[0.117s] Level 1:colcon.colcon_core.package_identification:_identify(docs) by extensions ['ignore', 'ignore_ament_install']
[0.117s] Level 1:colcon.colcon_core.package_identification:_identify(docs) by extension 'ignore'
[0.117s] Level 1:colcon.colcon_core.package_identification:_identify(docs) by extension 'ignore_ament_install'
[0.117s] Level 1:colcon.colcon_core.package_identification:_identify(docs) by extensions ['colcon_pkg']
[0.117s] Level 1:colcon.colcon_core.package_identification:_identify(docs) by extension 'colcon_pkg'
[0.117s] Level 1:colcon.colcon_core.package_identification:_identify(docs) by extensions ['colcon_meta']
[0.117s] Level 1:colcon.colcon_core.package_identification:_identify(docs) by extension 'colcon_meta'
[0.117s] Level 1:colcon.colcon_core.package_identification:_identify(docs) by extensions ['ros']
[0.117s] Level 1:colcon.colcon_core.package_identification:_identify(docs) by extension 'ros'
[0.117s] Level 1:colcon.colcon_core.package_identification:_identify(docs) by extensions ['cmake', 'python']
[0.117s] Level 1:colcon.colcon_core.package_identification:_identify(docs) by extension 'cmake'
[0.118s] Level 1:colcon.colcon_core.package_identification:_identify(docs) by extension 'python'
[0.118s] Level 1:colcon.colcon_core.package_identification:_identify(docs) by extensions ['python_setup_py']
[0.118s] Level 1:colcon.colcon_core.package_identification:_identify(docs) by extension 'python_setup_py'
[0.118s] Level 1:colcon.colcon_core.package_identification:_identify(install) by extensions ['ignore', 'ignore_ament_install']
[0.118s] Level 1:colcon.colcon_core.package_identification:_identify(install) by extension 'ignore'
[0.118s] Level 1:colcon.colcon_core.package_identification:_identify(install) ignored
[0.118s] Level 1:colcon.colcon_core.package_identification:_identify(log) by extensions ['ignore', 'ignore_ament_install']
[0.118s] Level 1:colcon.colcon_core.package_identification:_identify(log) by extension 'ignore'
[0.118s] Level 1:colcon.colcon_core.package_identification:_identify(log) ignored
[0.118s] Level 1:colcon.colcon_core.package_identification:_identify(plugins) by extensions ['ignore', 'ignore_ament_install']
[0.118s] Level 1:colcon.colcon_core.package_identification:_identify(plugins) by extension 'ignore'
[0.118s] Level 1:colcon.colcon_core.package_identification:_identify(plugins) by extension 'ignore_ament_install'
[0.118s] Level 1:colcon.colcon_core.package_identification:_identify(plugins) by extensions ['colcon_pkg']
[0.118s] Level 1:colcon.colcon_core.package_identification:_identify(plugins) by extension 'colcon_pkg'
[0.118s] Level 1:colcon.colcon_core.package_identification:_identify(plugins) by extensions ['colcon_meta']
[0.118s] Level 1:colcon.colcon_core.package_identification:_identify(plugins) by extension 'colcon_meta'
[0.118s] Level 1:colcon.colcon_core.package_identification:_identify(plugins) by extensions ['ros']
[0.118s] Level 1:colcon.colcon_core.package_identification:_identify(plugins) by extension 'ros'
[0.118s] Level 1:colcon.colcon_core.package_identification:_identify(plugins) by extensions ['cmake', 'python']
[0.118s] Level 1:colcon.colcon_core.package_identification:_identify(plugins) by extension 'cmake'
[0.118s] Level 1:colcon.colcon_core.package_identification:_identify(plugins) by extension 'python'
[0.118s] Level 1:colcon.colcon_core.package_identification:_identify(plugins) by extensions ['python_setup_py']
[0.118s] Level 1:colcon.colcon_core.package_identification:_identify(plugins) by extension 'python_setup_py'
[0.118s] Level 1:colcon.colcon_core.package_identification:_identify(plugins/cnn-slam) by extensions ['ignore', 'ignore_ament_install']
[0.118s] Level 1:colcon.colcon_core.package_identification:_identify(plugins/cnn-slam) by extension 'ignore'
[0.118s] Level 1:colcon.colcon_core.package_identification:_identify(plugins/cnn-slam) by extension 'ignore_ament_install'
[0.118s] Level 1:colcon.colcon_core.package_identification:_identify(plugins/cnn-slam) by extensions ['colcon_pkg']
[0.118s] Level 1:colcon.colcon_core.package_identification:_identify(plugins/cnn-slam) by extension 'colcon_pkg'
[0.118s] Level 1:colcon.colcon_core.package_identification:_identify(plugins/cnn-slam) by extensions ['colcon_meta']
[0.118s] Level 1:colcon.colcon_core.package_identification:_identify(plugins/cnn-slam) by extension 'colcon_meta'
[0.118s] Level 1:colcon.colcon_core.package_identification:_identify(plugins/cnn-slam) by extensions ['ros']
[0.118s] Level 1:colcon.colcon_core.package_identification:_identify(plugins/cnn-slam) by extension 'ros'
[0.118s] Level 1:colcon.colcon_core.package_identification:_identify(plugins/cnn-slam) by extensions ['cmake', 'python']
[0.118s] Level 1:colcon.colcon_core.package_identification:_identify(plugins/cnn-slam) by extension 'cmake'
[0.118s] Level 1:colcon.colcon_core.package_identification:_identify(plugins/cnn-slam) by extension 'python'
[0.118s] Level 1:colcon.colcon_core.package_identification:_identify(plugins/cnn-slam) by extensions ['python_setup_py']
[0.118s] Level 1:colcon.colcon_core.package_identification:_identify(plugins/cnn-slam) by extension 'python_setup_py'
[0.118s] Level 1:colcon.colcon_core.package_identification:_identify(plugins/orb-slam3) by extensions ['ignore', 'ignore_ament_install']
[0.118s] Level 1:colcon.colcon_core.package_identification:_identify(plugins/orb-slam3) by extension 'ignore'
[0.118s] Level 1:colcon.colcon_core.package_identification:_identify(plugins/orb-slam3) by extension 'ignore_ament_install'
[0.118s] Level 1:colcon.colcon_core.package_identification:_identify(plugins/orb-slam3) by extensions ['colcon_pkg']
[0.118s] Level 1:colcon.colcon_core.package_identification:_identify(plugins/orb-slam3) by extension 'colcon_pkg'
[0.118s] Level 1:colcon.colcon_core.package_identification:_identify(plugins/orb-slam3) by extensions ['colcon_meta']
[0.118s] Level 1:colcon.colcon_core.package_identification:_identify(plugins/orb-slam3) by extension 'colcon_meta'
[0.118s] Level 1:colcon.colcon_core.package_identification:_identify(plugins/orb-slam3) by extensions ['ros']
[0.118s] Level 1:colcon.colcon_core.package_identification:_identify(plugins/orb-slam3) by extension 'ros'
[0.118s] Level 1:colcon.colcon_core.package_identification:_identify(plugins/orb-slam3) by extensions ['cmake', 'python']
[0.118s] Level 1:colcon.colcon_core.package_identification:_identify(plugins/orb-slam3) by extension 'cmake'
[0.118s] Level 1:colcon.colcon_core.package_identification:_identify(plugins/orb-slam3) by extension 'python'
[0.118s] Level 1:colcon.colcon_core.package_identification:_identify(plugins/orb-slam3) by extensions ['python_setup_py']
[0.118s] Level 1:colcon.colcon_core.package_identification:_identify(plugins/orb-slam3) by extension 'python_setup_py'
[0.118s] Level 1:colcon.colcon_core.package_identification:_identify(plugins/rl-slam) by extensions ['ignore', 'ignore_ament_install']
[0.118s] Level 1:colcon.colcon_core.package_identification:_identify(plugins/rl-slam) by extension 'ignore'
[0.118s] Level 1:colcon.colcon_core.package_identification:_identify(plugins/rl-slam) by extension 'ignore_ament_install'
[0.118s] Level 1:colcon.colcon_core.package_identification:_identify(plugins/rl-slam) by extensions ['colcon_pkg']
[0.118s] Level 1:colcon.colcon_core.package_identification:_identify(plugins/rl-slam) by extension 'colcon_pkg'
[0.119s] Level 1:colcon.colcon_core.package_identification:_identify(plugins/rl-slam) by extensions ['colcon_meta']
[0.119s] Level 1:colcon.colcon_core.package_identification:_identify(plugins/rl-slam) by extension 'colcon_meta'
[0.119s] Level 1:colcon.colcon_core.package_identification:_identify(plugins/rl-slam) by extensions ['ros']
[0.119s] Level 1:colcon.colcon_core.package_identification:_identify(plugins/rl-slam) by extension 'ros'
[0.119s] Level 1:colcon.colcon_core.package_identification:_identify(plugins/rl-slam) by extensions ['cmake', 'python']
[0.119s] Level 1:colcon.colcon_core.package_identification:_identify(plugins/rl-slam) by extension 'cmake'
[0.119s] Level 1:colcon.colcon_core.package_identification:_identify(plugins/rl-slam) by extension 'python'
[0.119s] Level 1:colcon.colcon_core.package_identification:_identify(plugins/rl-slam) by extensions ['python_setup_py']
[0.119s] Level 1:colcon.colcon_core.package_identification:_identify(plugins/rl-slam) by extension 'python_setup_py'
[0.119s] Level 1:colcon.colcon_core.package_identification:_identify(slam_ws) by extensions ['ignore', 'ignore_ament_install']
[0.119s] Level 1:colcon.colcon_core.package_identification:_identify(slam_ws) by extension 'ignore'
[0.119s] Level 1:colcon.colcon_core.package_identification:_identify(slam_ws) by extension 'ignore_ament_install'
[0.119s] Level 1:colcon.colcon_core.package_identification:_identify(slam_ws) by extensions ['colcon_pkg']
[0.119s] Level 1:colcon.colcon_core.package_identification:_identify(slam_ws) by extension 'colcon_pkg'
[0.119s] Level 1:colcon.colcon_core.package_identification:_identify(slam_ws) by extensions ['colcon_meta']
[0.119s] Level 1:colcon.colcon_core.package_identification:_identify(slam_ws) by extension 'colcon_meta'
[0.119s] Level 1:colcon.colcon_core.package_identification:_identify(slam_ws) by extensions ['ros']
[0.119s] Level 1:colcon.colcon_core.package_identification:_identify(slam_ws) by extension 'ros'
[0.119s] Level 1:colcon.colcon_core.package_identification:_identify(slam_ws) by extensions ['cmake', 'python']
[0.119s] Level 1:colcon.colcon_core.package_identification:_identify(slam_ws) by extension 'cmake'
[0.119s] Level 1:colcon.colcon_core.package_identification:_identify(slam_ws) by extension 'python'
[0.119s] Level 1:colcon.colcon_core.package_identification:_identify(slam_ws) by extensions ['python_setup_py']
[0.119s] Level 1:colcon.colcon_core.package_identification:_identify(slam_ws) by extension 'python_setup_py'
[0.119s] Level 1:colcon.colcon_core.package_identification:_identify(slam_ws/build) by extensions ['ignore', 'ignore_ament_install']
[0.119s] Level 1:colcon.colcon_core.package_identification:_identify(slam_ws/build) by extension 'ignore'
[0.119s] Level 1:colcon.colcon_core.package_identification:_identify(slam_ws/build) ignored
[0.119s] Level 1:colcon.colcon_core.package_identification:_identify(slam_ws/install) by extensions ['ignore', 'ignore_ament_install']
[0.119s] Level 1:colcon.colcon_core.package_identification:_identify(slam_ws/install) by extension 'ignore'
[0.119s] Level 1:colcon.colcon_core.package_identification:_identify(slam_ws/install) ignored
[0.119s] Level 1:colcon.colcon_core.package_identification:_identify(slam_ws/log) by extensions ['ignore', 'ignore_ament_install']
[0.119s] Level 1:colcon.colcon_core.package_identification:_identify(slam_ws/log) by extension 'ignore'
[0.119s] Level 1:colcon.colcon_core.package_identification:_identify(slam_ws/log) ignored
[0.119s] Level 1:colcon.colcon_core.package_identification:_identify(slam_ws/robots) by extensions ['ignore', 'ignore_ament_install']
[0.119s] Level 1:colcon.colcon_core.package_identification:_identify(slam_ws/robots) by extension 'ignore'
[0.119s] Level 1:colcon.colcon_core.package_identification:_identify(slam_ws/robots) by extension 'ignore_ament_install'
[0.119s] Level 1:colcon.colcon_core.package_identification:_identify(slam_ws/robots) by extensions ['colcon_pkg']
[0.119s] Level 1:colcon.colcon_core.package_identification:_identify(slam_ws/robots) by extension 'colcon_pkg'
[0.119s] Level 1:colcon.colcon_core.package_identification:_identify(slam_ws/robots) by extensions ['colcon_meta']
[0.119s] Level 1:colcon.colcon_core.package_identification:_identify(slam_ws/robots) by extension 'colcon_meta'
[0.119s] Level 1:colcon.colcon_core.package_identification:_identify(slam_ws/robots) by extensions ['ros']
[0.119s] Level 1:colcon.colcon_core.package_identification:_identify(slam_ws/robots) by extension 'ros'
[0.119s] Level 1:colcon.colcon_core.package_identification:_identify(slam_ws/robots) by extensions ['cmake', 'python']
[0.119s] Level 1:colcon.colcon_core.package_identification:_identify(slam_ws/robots) by extension 'cmake'
[0.119s] Level 1:colcon.colcon_core.package_identification:_identify(slam_ws/robots) by extension 'python'
[0.119s] Level 1:colcon.colcon_core.package_identification:_identify(slam_ws/robots) by extensions ['python_setup_py']
[0.119s] Level 1:colcon.colcon_core.package_identification:_identify(slam_ws/robots) by extension 'python_setup_py'
[0.119s] Level 1:colcon.colcon_core.package_identification:_identify(slam_ws/robots/ackerman_robot) by extensions ['ignore', 'ignore_ament_install']
[0.119s] Level 1:colcon.colcon_core.package_identification:_identify(slam_ws/robots/ackerman_robot) by extension 'ignore'
[0.119s] Level 1:colcon.colcon_core.package_identification:_identify(slam_ws/robots/ackerman_robot) by extension 'ignore_ament_install'
[0.119s] Level 1:colcon.colcon_core.package_identification:_identify(slam_ws/robots/ackerman_robot) by extensions ['colcon_pkg']
[0.119s] Level 1:colcon.colcon_core.package_identification:_identify(slam_ws/robots/ackerman_robot) by extension 'colcon_pkg'
[0.119s] Level 1:colcon.colcon_core.package_identification:_identify(slam_ws/robots/ackerman_robot) by extensions ['colcon_meta']
[0.119s] Level 1:colcon.colcon_core.package_identification:_identify(slam_ws/robots/ackerman_robot) by extension 'colcon_meta'
[0.120s] Level 1:colcon.colcon_core.package_identification:_identify(slam_ws/robots/ackerman_robot) by extensions ['ros']
[0.120s] Level 1:colcon.colcon_core.package_identification:_identify(slam_ws/robots/ackerman_robot) by extension 'ros'
[0.120s] Level 1:colcon.colcon_core.package_identification:_identify(slam_ws/robots/ackerman_robot) by extensions ['cmake', 'python']
[0.120s] Level 1:colcon.colcon_core.package_identification:_identify(slam_ws/robots/ackerman_robot) by extension 'cmake'
[0.120s] Level 1:colcon.colcon_core.package_identification:_identify(slam_ws/robots/ackerman_robot) by extension 'python'
[0.120s] Level 1:colcon.colcon_core.package_identification:_identify(slam_ws/robots/ackerman_robot) by extensions ['python_setup_py']
[0.120s] Level 1:colcon.colcon_core.package_identification:_identify(slam_ws/robots/ackerman_robot) by extension 'python_setup_py'
[0.120s] Level 1:colcon.colcon_core.package_identification:_identify(slam_ws/robots/differential_robot) by extensions ['ignore', 'ignore_ament_install']
[0.120s] Level 1:colcon.colcon_core.package_identification:_identify(slam_ws/robots/differential_robot) by extension 'ignore'
[0.120s] Level 1:colcon.colcon_core.package_identification:_identify(slam_ws/robots/differential_robot) by extension 'ignore_ament_install'
[0.120s] Level 1:colcon.colcon_core.package_identification:_identify(slam_ws/robots/differential_robot) by extensions ['colcon_pkg']
[0.120s] Level 1:colcon.colcon_core.package_identification:_identify(slam_ws/robots/differential_robot) by extension 'colcon_pkg'
[0.120s] Level 1:colcon.colcon_core.package_identification:_identify(slam_ws/robots/differential_robot) by extensions ['colcon_meta']
[0.120s] Level 1:colcon.colcon_core.package_identification:_identify(slam_ws/robots/differential_robot) by extension 'colcon_meta'
[0.120s] Level 1:colcon.colcon_core.package_identification:_identify(slam_ws/robots/differential_robot) by extensions ['ros']
[0.120s] Level 1:colcon.colcon_core.package_identification:_identify(slam_ws/robots/differential_robot) by extension 'ros'
[0.120s] Level 1:colcon.colcon_core.package_identification:_identify(slam_ws/robots/differential_robot) by extensions ['cmake', 'python']
[0.120s] Level 1:colcon.colcon_core.package_identification:_identify(slam_ws/robots/differential_robot) by extension 'cmake'
[0.120s] Level 1:colcon.colcon_core.package_identification:_identify(slam_ws/robots/differential_robot) by extension 'python'
[0.120s] Level 1:colcon.colcon_core.package_identification:_identify(slam_ws/robots/differential_robot) by extensions ['python_setup_py']
[0.120s] Level 1:colcon.colcon_core.package_identification:_identify(slam_ws/robots/differential_robot) by extension 'python_setup_py'
[0.120s] Level 1:colcon.colcon_core.package_identification:_identify(slam_ws/robots/differential_robot/config) by extensions ['ignore', 'ignore_ament_install']
[0.120s] Level 1:colcon.colcon_core.package_identification:_identify(slam_ws/robots/differential_robot/config) by extension 'ignore'
[0.120s] Level 1:colcon.colcon_core.package_identification:_identify(slam_ws/robots/differential_robot/config) by extension 'ignore_ament_install'
[0.120s] Level 1:colcon.colcon_core.package_identification:_identify(slam_ws/robots/differential_robot/config) by extensions ['colcon_pkg']
[0.120s] Level 1:colcon.colcon_core.package_identification:_identify(slam_ws/robots/differential_robot/config) by extension 'colcon_pkg'
[0.120s] Level 1:colcon.colcon_core.package_identification:_identify(slam_ws/robots/differential_robot/config) by extensions ['colcon_meta']
[0.120s] Level 1:colcon.colcon_core.package_identification:_identify(slam_ws/robots/differential_robot/config) by extension 'colcon_meta'
[0.120s] Level 1:colcon.colcon_core.package_identification:_identify(slam_ws/robots/differential_robot/config) by extensions ['ros']
[0.120s] Level 1:colcon.colcon_core.package_identification:_identify(slam_ws/robots/differential_robot/config) by extension 'ros'
[0.120s] Level 1:colcon.colcon_core.package_identification:_identify(slam_ws/robots/differential_robot/config) by extensions ['cmake', 'python']
[0.120s] Level 1:colcon.colcon_core.package_identification:_identify(slam_ws/robots/differential_robot/config) by extension 'cmake'
[0.120s] Level 1:colcon.colcon_core.package_identification:_identify(slam_ws/robots/differential_robot/config) by extension 'python'
[0.120s] Level 1:colcon.colcon_core.package_identification:_identify(slam_ws/robots/differential_robot/config) by extensions ['python_setup_py']
[0.120s] Level 1:colcon.colcon_core.package_identification:_identify(slam_ws/robots/differential_robot/config) by extension 'python_setup_py'
[0.120s] Level 1:colcon.colcon_core.package_identification:_identify(slam_ws/robots/differential_robot/meshes) by extensions ['ignore', 'ignore_ament_install']
[0.120s] Level 1:colcon.colcon_core.package_identification:_identify(slam_ws/robots/differential_robot/meshes) by extension 'ignore'
[0.120s] Level 1:colcon.colcon_core.package_identification:_identify(slam_ws/robots/differential_robot/meshes) by extension 'ignore_ament_install'
[0.120s] Level 1:colcon.colcon_core.package_identification:_identify(slam_ws/robots/differential_robot/meshes) by extensions ['colcon_pkg']
[0.120s] Level 1:colcon.colcon_core.package_identification:_identify(slam_ws/robots/differential_robot/meshes) by extension 'colcon_pkg'
[0.120s] Level 1:colcon.colcon_core.package_identification:_identify(slam_ws/robots/differential_robot/meshes) by extensions ['colcon_meta']
[0.120s] Level 1:colcon.colcon_core.package_identification:_identify(slam_ws/robots/differential_robot/meshes) by extension 'colcon_meta'
[0.120s] Level 1:colcon.colcon_core.package_identification:_identify(slam_ws/robots/differential_robot/meshes) by extensions ['ros']
[0.120s] Level 1:colcon.colcon_core.package_identification:_identify(slam_ws/robots/differential_robot/meshes) by extension 'ros'
[0.120s] Level 1:colcon.colcon_core.package_identification:_identify(slam_ws/robots/differential_robot/meshes) by extensions ['cmake', 'python']
[0.120s] Level 1:colcon.colcon_core.package_identification:_identify(slam_ws/robots/differential_robot/meshes) by extension 'cmake'
[0.120s] Level 1:colcon.colcon_core.package_identification:_identify(slam_ws/robots/differential_robot/meshes) by extension 'python'
[0.120s] Level 1:colcon.colcon_core.package_identification:_identify(slam_ws/robots/differential_robot/meshes) by extensions ['python_setup_py']
[0.120s] Level 1:colcon.colcon_core.package_identification:_identify(slam_ws/robots/differential_robot/meshes) by extension 'python_setup_py'
[0.120s] Level 1:colcon.colcon_core.package_identification:_identify(slam_ws/robots/differential_robot/urdf) by extensions ['ignore', 'ignore_ament_install']
[0.120s] Level 1:colcon.colcon_core.package_identification:_identify(slam_ws/robots/differential_robot/urdf) by extension 'ignore'
[0.120s] Level 1:colcon.colcon_core.package_identification:_identify(slam_ws/robots/differential_robot/urdf) by extension 'ignore_ament_install'
[0.120s] Level 1:colcon.colcon_core.package_identification:_identify(slam_ws/robots/differential_robot/urdf) by extensions ['colcon_pkg']
[0.120s] Level 1:colcon.colcon_core.package_identification:_identify(slam_ws/robots/differential_robot/urdf) by extension 'colcon_pkg'
[0.120s] Level 1:colcon.colcon_core.package_identification:_identify(slam_ws/robots/differential_robot/urdf) by extensions ['colcon_meta']
[0.120s] Level 1:colcon.colcon_core.package_identification:_identify(slam_ws/robots/differential_robot/urdf) by extension 'colcon_meta'
[0.121s] Level 1:colcon.colcon_core.package_identification:_identify(slam_ws/robots/differential_robot/urdf) by extensions ['ros']
[0.121s] Level 1:colcon.colcon_core.package_identification:_identify(slam_ws/robots/differential_robot/urdf) by extension 'ros'
[0.121s] Level 1:colcon.colcon_core.package_identification:_identify(slam_ws/robots/differential_robot/urdf) by extensions ['cmake', 'python']
[0.121s] Level 1:colcon.colcon_core.package_identification:_identify(slam_ws/robots/differential_robot/urdf) by extension 'cmake'
[0.121s] Level 1:colcon.colcon_core.package_identification:_identify(slam_ws/robots/differential_robot/urdf) by extension 'python'
[0.121s] Level 1:colcon.colcon_core.package_identification:_identify(slam_ws/robots/differential_robot/urdf) by extensions ['python_setup_py']
[0.121s] Level 1:colcon.colcon_core.package_identification:_identify(slam_ws/robots/differential_robot/urdf) by extension 'python_setup_py'
[0.121s] Level 1:colcon.colcon_core.package_identification:_identify(slam_ws/robots/differential_robot/urdf/build) by extensions ['ignore', 'ignore_ament_install']
[0.121s] Level 1:colcon.colcon_core.package_identification:_identify(slam_ws/robots/differential_robot/urdf/build) by extension 'ignore'
[0.121s] Level 1:colcon.colcon_core.package_identification:_identify(slam_ws/robots/differential_robot/urdf/build) ignored
[0.121s] Level 1:colcon.colcon_core.package_identification:_identify(slam_ws/robots/differential_robot/urdf/install) by extensions ['ignore', 'ignore_ament_install']
[0.121s] Level 1:colcon.colcon_core.package_identification:_identify(slam_ws/robots/differential_robot/urdf/install) by extension 'ignore'
[0.121s] Level 1:colcon.colcon_core.package_identification:_identify(slam_ws/robots/differential_robot/urdf/install) ignored
[0.121s] Level 1:colcon.colcon_core.package_identification:_identify(slam_ws/robots/differential_robot/urdf/log) by extensions ['ignore', 'ignore_ament_install']
[0.121s] Level 1:colcon.colcon_core.package_identification:_identify(slam_ws/robots/differential_robot/urdf/log) by extension 'ignore'
[0.121s] Level 1:colcon.colcon_core.package_identification:_identify(slam_ws/robots/differential_robot/urdf/log) ignored
[0.121s] Level 1:colcon.colcon_core.package_identification:_identify(slam_ws/src) by extensions ['ignore', 'ignore_ament_install']
[0.121s] Level 1:colcon.colcon_core.package_identification:_identify(slam_ws/src) by extension 'ignore'
[0.121s] Level 1:colcon.colcon_core.package_identification:_identify(slam_ws/src) by extension 'ignore_ament_install'
[0.121s] Level 1:colcon.colcon_core.package_identification:_identify(slam_ws/src) by extensions ['colcon_pkg']
[0.121s] Level 1:colcon.colcon_core.package_identification:_identify(slam_ws/src) by extension 'colcon_pkg'
[0.121s] Level 1:colcon.colcon_core.package_identification:_identify(slam_ws/src) by extensions ['colcon_meta']
[0.121s] Level 1:colcon.colcon_core.package_identification:_identify(slam_ws/src) by extension 'colcon_meta'
[0.121s] Level 1:colcon.colcon_core.package_identification:_identify(slam_ws/src) by extensions ['ros']
[0.121s] Level 1:colcon.colcon_core.package_identification:_identify(slam_ws/src) by extension 'ros'
[0.121s] Level 1:colcon.colcon_core.package_identification:_identify(slam_ws/src) by extensions ['cmake', 'python']
[0.121s] Level 1:colcon.colcon_core.package_identification:_identify(slam_ws/src) by extension 'cmake'
[0.121s] Level 1:colcon.colcon_core.package_identification:_identify(slam_ws/src) by extension 'python'
[0.121s] Level 1:colcon.colcon_core.package_identification:_identify(slam_ws/src) by extensions ['python_setup_py']
[0.121s] Level 1:colcon.colcon_core.package_identification:_identify(slam_ws/src) by extension 'python_setup_py'
[0.121s] Level 1:colcon.colcon_core.package_identification:_identify(slam_ws/src/evaluator_ros) by extensions ['ignore', 'ignore_ament_install']
[0.121s] Level 1:colcon.colcon_core.package_identification:_identify(slam_ws/src/evaluator_ros) by extension 'ignore'
[0.121s] Level 1:colcon.colcon_core.package_identification:_identify(slam_ws/src/evaluator_ros) by extension 'ignore_ament_install'
[0.121s] Level 1:colcon.colcon_core.package_identification:_identify(slam_ws/src/evaluator_ros) by extensions ['colcon_pkg']
[0.121s] Level 1:colcon.colcon_core.package_identification:_identify(slam_ws/src/evaluator_ros) by extension 'colcon_pkg'
[0.121s] Level 1:colcon.colcon_core.package_identification:_identify(slam_ws/src/evaluator_ros) by extensions ['colcon_meta']
[0.121s] Level 1:colcon.colcon_core.package_identification:_identify(slam_ws/src/evaluator_ros) by extension 'colcon_meta'
[0.121s] Level 1:colcon.colcon_core.package_identification:_identify(slam_ws/src/evaluator_ros) by extensions ['ros']
[0.121s] Level 1:colcon.colcon_core.package_identification:_identify(slam_ws/src/evaluator_ros) by extension 'ros'
[0.123s] DEBUG:colcon.colcon_core.package_identification:Package 'slam_ws/src/evaluator_ros' with type 'ros.ament_python' and name 'evaluator_ros'
[0.123s] Level 1:colcon.colcon_core.package_identification:_identify(slam_ws/src/experiment_manager) by extensions ['ignore', 'ignore_ament_install']
[0.123s] Level 1:colcon.colcon_core.package_identification:_identify(slam_ws/src/experiment_manager) by extension 'ignore'
[0.123s] Level 1:colcon.colcon_core.package_identification:_identify(slam_ws/src/experiment_manager) by extension 'ignore_ament_install'
[0.123s] Level 1:colcon.colcon_core.package_identification:_identify(slam_ws/src/experiment_manager) by extensions ['colcon_pkg']
[0.123s] Level 1:colcon.colcon_core.package_identification:_identify(slam_ws/src/experiment_manager) by extension 'colcon_pkg'
[0.123s] Level 1:colcon.colcon_core.package_identification:_identify(slam_ws/src/experiment_manager) by extensions ['colcon_meta']
[0.123s] Level 1:colcon.colcon_core.package_identification:_identify(slam_ws/src/experiment_manager) by extension 'colcon_meta'
[0.123s] Level 1:colcon.colcon_core.package_identification:_identify(slam_ws/src/experiment_manager) by extensions ['ros']
[0.123s] Level 1:colcon.colcon_core.package_identification:_identify(slam_ws/src/experiment_manager) by extension 'ros'
[0.124s] DEBUG:colcon.colcon_core.package_identification:Package 'slam_ws/src/experiment_manager' with type 'ros.ament_python' and name 'experiment_manager'
[0.124s] Level 1:colcon.colcon_core.package_identification:_identify(slam_ws/src/ground_truth_provider) by extensions ['ignore', 'ignore_ament_install']
[0.124s] Level 1:colcon.colcon_core.package_identification:_identify(slam_ws/src/ground_truth_provider) by extension 'ignore'
[0.124s] Level 1:colcon.colcon_core.package_identification:_identify(slam_ws/src/ground_truth_provider) by extension 'ignore_ament_install'
[0.124s] Level 1:colcon.colcon_core.package_identification:_identify(slam_ws/src/ground_truth_provider) by extensions ['colcon_pkg']
[0.124s] Level 1:colcon.colcon_core.package_identification:_identify(slam_ws/src/ground_truth_provider) by extension 'colcon_pkg'
[0.124s] Level 1:colcon.colcon_core.package_identification:_identify(slam_ws/src/ground_truth_provider) by extensions ['colcon_meta']
[0.124s] Level 1:colcon.colcon_core.package_identification:_identify(slam_ws/src/ground_truth_provider) by extension 'colcon_meta'
[0.124s] Level 1:colcon.colcon_core.package_identification:_identify(slam_ws/src/ground_truth_provider) by extensions ['ros']
[0.124s] Level 1:colcon.colcon_core.package_identification:_identify(slam_ws/src/ground_truth_provider) by extension 'ros'
[0.124s] DEBUG:colcon.colcon_core.package_identification:Package 'slam_ws/src/ground_truth_provider' with type 'ros.ament_python' and name 'ground_truth_provider'
[0.124s] Level 1:colcon.colcon_core.package_identification:_identify(slam_ws/src/robot_bringup) by extensions ['ignore', 'ignore_ament_install']
[0.124s] Level 1:colcon.colcon_core.package_identification:_identify(slam_ws/src/robot_bringup) by extension 'ignore'
[0.124s] Level 1:colcon.colcon_core.package_identification:_identify(slam_ws/src/robot_bringup) by extension 'ignore_ament_install'
[0.124s] Level 1:colcon.colcon_core.package_identification:_identify(slam_ws/src/robot_bringup) by extensions ['colcon_pkg']
[0.124s] Level 1:colcon.colcon_core.package_identification:_identify(slam_ws/src/robot_bringup) by extension 'colcon_pkg'
[0.124s] Level 1:colcon.colcon_core.package_identification:_identify(slam_ws/src/robot_bringup) by extensions ['colcon_meta']
[0.124s] Level 1:colcon.colcon_core.package_identification:_identify(slam_ws/src/robot_bringup) by extension 'colcon_meta'
[0.124s] Level 1:colcon.colcon_core.package_identification:_identify(slam_ws/src/robot_bringup) by extensions ['ros']
[0.124s] Level 1:colcon.colcon_core.package_identification:_identify(slam_ws/src/robot_bringup) by extension 'ros'
[0.125s] DEBUG:colcon.colcon_core.package_identification:Package 'slam_ws/src/robot_bringup' with type 'ros.ament_python' and name 'robot_bringup'
[0.125s] Level 1:colcon.colcon_core.package_identification:_identify(slam_ws/src/ros_gz_bridge_manager) by extensions ['ignore', 'ignore_ament_install']
[0.125s] Level 1:colcon.colcon_core.package_identification:_identify(slam_ws/src/ros_gz_bridge_manager) by extension 'ignore'
[0.125s] Level 1:colcon.colcon_core.package_identification:_identify(slam_ws/src/ros_gz_bridge_manager) by extension 'ignore_ament_install'
[0.125s] Level 1:colcon.colcon_core.package_identification:_identify(slam_ws/src/ros_gz_bridge_manager) by extensions ['colcon_pkg']
[0.125s] Level 1:colcon.colcon_core.package_identification:_identify(slam_ws/src/ros_gz_bridge_manager) by extension 'colcon_pkg'
[0.125s] Level 1:colcon.colcon_core.package_identification:_identify(slam_ws/src/ros_gz_bridge_manager) by extensions ['colcon_meta']
[0.125s] Level 1:colcon.colcon_core.package_identification:_identify(slam_ws/src/ros_gz_bridge_manager) by extension 'colcon_meta'
[0.125s] Level 1:colcon.colcon_core.package_identification:_identify(slam_ws/src/ros_gz_bridge_manager) by extensions ['ros']
[0.125s] Level 1:colcon.colcon_core.package_identification:_identify(slam_ws/src/ros_gz_bridge_manager) by extension 'ros'
[0.125s] DEBUG:colcon.colcon_core.package_identification:Package 'slam_ws/src/ros_gz_bridge_manager' with type 'ros.ament_python' and name 'ros_gz_bridge_manager'
[0.125s] Level 1:colcon.colcon_core.package_identification:_identify(slam_ws/src/sensor_adapter) by extensions ['ignore', 'ignore_ament_install']
[0.125s] Level 1:colcon.colcon_core.package_identification:_identify(slam_ws/src/sensor_adapter) by extension 'ignore'
[0.125s] Level 1:colcon.colcon_core.package_identification:_identify(slam_ws/src/sensor_adapter) by extension 'ignore_ament_install'
[0.125s] Level 1:colcon.colcon_core.package_identification:_identify(slam_ws/src/sensor_adapter) by extensions ['colcon_pkg']
[0.125s] Level 1:colcon.colcon_core.package_identification:_identify(slam_ws/src/sensor_adapter) by extension 'colcon_pkg'
[0.125s] Level 1:colcon.colcon_core.package_identification:_identify(slam_ws/src/sensor_adapter) by extensions ['colcon_meta']
[0.125s] Level 1:colcon.colcon_core.package_identification:_identify(slam_ws/src/sensor_adapter) by extension 'colcon_meta'
[0.125s] Level 1:colcon.colcon_core.package_identification:_identify(slam_ws/src/sensor_adapter) by extensions ['ros']
[0.125s] Level 1:colcon.colcon_core.package_identification:_identify(slam_ws/src/sensor_adapter) by extension 'ros'
[0.126s] DEBUG:colcon.colcon_core.package_identification:Package 'slam_ws/src/sensor_adapter' with type 'ros.ament_python' and name 'sensor_adapter'
[0.126s] Level 1:colcon.colcon_core.package_identification:_identify(slam_ws/src/slam_interfaces) by extensions ['ignore', 'ignore_ament_install']
[0.126s] Level 1:colcon.colcon_core.package_identification:_identify(slam_ws/src/slam_interfaces) by extension 'ignore'
[0.126s] Level 1:colcon.colcon_core.package_identification:_identify(slam_ws/src/slam_interfaces) by extension 'ignore_ament_install'
[0.126s] Level 1:colcon.colcon_core.package_identification:_identify(slam_ws/src/slam_interfaces) by extensions ['colcon_pkg']
[0.126s] Level 1:colcon.colcon_core.package_identification:_identify(slam_ws/src/slam_interfaces) by extension 'colcon_pkg'
[0.126s] Level 1:colcon.colcon_core.package_identification:_identify(slam_ws/src/slam_interfaces) by extensions ['colcon_meta']
[0.126s] Level 1:colcon.colcon_core.package_identification:_identify(slam_ws/src/slam_interfaces) by extension 'colcon_meta'
[0.126s] Level 1:colcon.colcon_core.package_identification:_identify(slam_ws/src/slam_interfaces) by extensions ['ros']
[0.126s] Level 1:colcon.colcon_core.package_identification:_identify(slam_ws/src/slam_interfaces) by extension 'ros'
[0.126s] DEBUG:colcon.colcon_core.package_identification:Package 'slam_ws/src/slam_interfaces' with type 'ros.ament_cmake' and name 'slam_interfaces'
[0.126s] Level 1:colcon.colcon_core.package_identification:_identify(slam_ws/src/tf_manager) by extensions ['ignore', 'ignore_ament_install']
[0.126s] Level 1:colcon.colcon_core.package_identification:_identify(slam_ws/src/tf_manager) by extension 'ignore'
[0.126s] Level 1:colcon.colcon_core.package_identification:_identify(slam_ws/src/tf_manager) by extension 'ignore_ament_install'
[0.126s] Level 1:colcon.colcon_core.package_identification:_identify(slam_ws/src/tf_manager) by extensions ['colcon_pkg']
[0.126s] Level 1:colcon.colcon_core.package_identification:_identify(slam_ws/src/tf_manager) by extension 'colcon_pkg'
[0.126s] Level 1:colcon.colcon_core.package_identification:_identify(slam_ws/src/tf_manager) by extensions ['colcon_meta']
[0.126s] Level 1:colcon.colcon_core.package_identification:_identify(slam_ws/src/tf_manager) by extension 'colcon_meta'
[0.126s] Level 1:colcon.colcon_core.package_identification:_identify(slam_ws/src/tf_manager) by extensions ['ros']
[0.126s] Level 1:colcon.colcon_core.package_identification:_identify(slam_ws/src/tf_manager) by extension 'ros'
[0.127s] DEBUG:colcon.colcon_core.package_identification:Package 'slam_ws/src/tf_manager' with type 'ros.ament_python' and name 'tf_manager'
[0.127s] Level 1:colcon.colcon_core.package_identification:_identify(slam_ws/src/world_manager) by extensions ['ignore', 'ignore_ament_install']
[0.127s] Level 1:colcon.colcon_core.package_identification:_identify(slam_ws/src/world_manager) by extension 'ignore'
[0.127s] Level 1:colcon.colcon_core.package_identification:_identify(slam_ws/src/world_manager) by extension 'ignore_ament_install'
[0.127s] Level 1:colcon.colcon_core.package_identification:_identify(slam_ws/src/world_manager) by extensions ['colcon_pkg']
[0.127s] Level 1:colcon.colcon_core.package_identification:_identify(slam_ws/src/world_manager) by extension 'colcon_pkg'
[0.127s] Level 1:colcon.colcon_core.package_identification:_identify(slam_ws/src/world_manager) by extensions ['colcon_meta']
[0.127s] Level 1:colcon.colcon_core.package_identification:_identify(slam_ws/src/world_manager) by extension 'colcon_meta'
[0.127s] Level 1:colcon.colcon_core.package_identification:_identify(slam_ws/src/world_manager) by extensions ['ros']
[0.127s] Level 1:colcon.colcon_core.package_identification:_identify(slam_ws/src/world_manager) by extension 'ros'
[0.127s] DEBUG:colcon.colcon_core.package_identification:Package 'slam_ws/src/world_manager' with type 'ros.ament_python' and name 'world_manager'
[0.127s] Level 1:colcon.colcon_core.package_identification:_identify(slam_ws/worlds) by extensions ['ignore', 'ignore_ament_install']
[0.127s] Level 1:colcon.colcon_core.package_identification:_identify(slam_ws/worlds) by extension 'ignore'
[0.127s] Level 1:colcon.colcon_core.package_identification:_identify(slam_ws/worlds) by extension 'ignore_ament_install'
[0.127s] Level 1:colcon.colcon_core.package_identification:_identify(slam_ws/worlds) by extensions ['colcon_pkg']
[0.127s] Level 1:colcon.colcon_core.package_identification:_identify(slam_ws/worlds) by extension 'colcon_pkg'
[0.127s] Level 1:colcon.colcon_core.package_identification:_identify(slam_ws/worlds) by extensions ['colcon_meta']
[0.127s] Level 1:colcon.colcon_core.package_identification:_identify(slam_ws/worlds) by extension 'colcon_meta'
[0.127s] Level 1:colcon.colcon_core.package_identification:_identify(slam_ws/worlds) by extensions ['ros']
[0.127s] Level 1:colcon.colcon_core.package_identification:_identify(slam_ws/worlds) by extension 'ros'
[0.127s] Level 1:colcon.colcon_core.package_identification:_identify(slam_ws/worlds) by extensions ['cmake', 'python']
[0.127s] Level 1:colcon.colcon_core.package_identification:_identify(slam_ws/worlds) by extension 'cmake'
[0.127s] Level 1:colcon.colcon_core.package_identification:_identify(slam_ws/worlds) by extension 'python'
[0.127s] Level 1:colcon.colcon_core.package_identification:_identify(slam_ws/worlds) by extensions ['python_setup_py']
[0.127s] Level 1:colcon.colcon_core.package_identification:_identify(slam_ws/worlds) by extension 'python_setup_py'
[0.128s] Level 1:colcon.colcon_core.package_identification:_identify(slam_ws/worlds/corridor) by extensions ['ignore', 'ignore_ament_install']
[0.128s] Level 1:colcon.colcon_core.package_identification:_identify(slam_ws/worlds/corridor) by extension 'ignore'
[0.128s] Level 1:colcon.colcon_core.package_identification:_identify(slam_ws/worlds/corridor) by extension 'ignore_ament_install'
[0.128s] Level 1:colcon.colcon_core.package_identification:_identify(slam_ws/worlds/corridor) by extensions ['colcon_pkg']
[0.128s] Level 1:colcon.colcon_core.package_identification:_identify(slam_ws/worlds/corridor) by extension 'colcon_pkg'
[0.128s] Level 1:colcon.colcon_core.package_identification:_identify(slam_ws/worlds/corridor) by extensions ['colcon_meta']
[0.128s] Level 1:colcon.colcon_core.package_identification:_identify(slam_ws/worlds/corridor) by extension 'colcon_meta'
[0.128s] Level 1:colcon.colcon_core.package_identification:_identify(slam_ws/worlds/corridor) by extensions ['ros']
[0.128s] Level 1:colcon.colcon_core.package_identification:_identify(slam_ws/worlds/corridor) by extension 'ros'
[0.128s] Level 1:colcon.colcon_core.package_identification:_identify(slam_ws/worlds/corridor) by extensions ['cmake', 'python']
[0.128s] Level 1:colcon.colcon_core.package_identification:_identify(slam_ws/worlds/corridor) by extension 'cmake'
[0.128s] Level 1:colcon.colcon_core.package_identification:_identify(slam_ws/worlds/corridor) by extension 'python'
[0.128s] Level 1:colcon.colcon_core.package_identification:_identify(slam_ws/worlds/corridor) by extensions ['python_setup_py']
[0.128s] Level 1:colcon.colcon_core.package_identification:_identify(slam_ws/worlds/corridor) by extension 'python_setup_py'
[0.128s] Level 1:colcon.colcon_core.package_identification:_identify(slam_ws/worlds/multiroom) by extensions ['ignore', 'ignore_ament_install']
[0.128s] Level 1:colcon.colcon_core.package_identification:_identify(slam_ws/worlds/multiroom) by extension 'ignore'
[0.128s] Level 1:colcon.colcon_core.package_identification:_identify(slam_ws/worlds/multiroom) by extension 'ignore_ament_install'
[0.128s] Level 1:colcon.colcon_core.package_identification:_identify(slam_ws/worlds/multiroom) by extensions ['colcon_pkg']
[0.128s] Level 1:colcon.colcon_core.package_identification:_identify(slam_ws/worlds/multiroom) by extension 'colcon_pkg'
[0.128s] Level 1:colcon.colcon_core.package_identification:_identify(slam_ws/worlds/multiroom) by extensions ['colcon_meta']
[0.128s] Level 1:colcon.colcon_core.package_identification:_identify(slam_ws/worlds/multiroom) by extension 'colcon_meta'
[0.128s] Level 1:colcon.colcon_core.package_identification:_identify(slam_ws/worlds/multiroom) by extensions ['ros']
[0.128s] Level 1:colcon.colcon_core.package_identification:_identify(slam_ws/worlds/multiroom) by extension 'ros'
[0.128s] Level 1:colcon.colcon_core.package_identification:_identify(slam_ws/worlds/multiroom) by extensions ['cmake', 'python']
[0.128s] Level 1:colcon.colcon_core.package_identification:_identify(slam_ws/worlds/multiroom) by extension 'cmake'
[0.128s] Level 1:colcon.colcon_core.package_identification:_identify(slam_ws/worlds/multiroom) by extension 'python'
[0.128s] Level 1:colcon.colcon_core.package_identification:_identify(slam_ws/worlds/multiroom) by extensions ['python_setup_py']
[0.128s] Level 1:colcon.colcon_core.package_identification:_identify(slam_ws/worlds/multiroom) by extension 'python_setup_py'
[0.128s] Level 1:colcon.colcon_core.package_identification:_identify(slam_ws/worlds/office) by extensions ['ignore', 'ignore_ament_install']
[0.128s] Level 1:colcon.colcon_core.package_identification:_identify(slam_ws/worlds/office) by extension 'ignore'
[0.128s] Level 1:colcon.colcon_core.package_identification:_identify(slam_ws/worlds/office) by extension 'ignore_ament_install'
[0.128s] Level 1:colcon.colcon_core.package_identification:_identify(slam_ws/worlds/office) by extensions ['colcon_pkg']
[0.128s] Level 1:colcon.colcon_core.package_identification:_identify(slam_ws/worlds/office) by extension 'colcon_pkg'
[0.128s] Level 1:colcon.colcon_core.package_identification:_identify(slam_ws/worlds/office) by extensions ['colcon_meta']
[0.128s] Level 1:colcon.colcon_core.package_identification:_identify(slam_ws/worlds/office) by extension 'colcon_meta'
[0.128s] Level 1:colcon.colcon_core.package_identification:_identify(slam_ws/worlds/office) by extensions ['ros']
[0.128s] Level 1:colcon.colcon_core.package_identification:_identify(slam_ws/worlds/office) by extension 'ros'
[0.128s] Level 1:colcon.colcon_core.package_identification:_identify(slam_ws/worlds/office) by extensions ['cmake', 'python']
[0.128s] Level 1:colcon.colcon_core.package_identification:_identify(slam_ws/worlds/office) by extension 'cmake'
[0.128s] Level 1:colcon.colcon_core.package_identification:_identify(slam_ws/worlds/office) by extension 'python'
[0.128s] Level 1:colcon.colcon_core.package_identification:_identify(slam_ws/worlds/office) by extensions ['python_setup_py']
[0.128s] Level 1:colcon.colcon_core.package_identification:_identify(slam_ws/worlds/office) by extension 'python_setup_py'
[0.128s] Level 1:colcon.colcon_core.package_identification:_identify(slam_ws/worlds/test_world) by extensions ['ignore', 'ignore_ament_install']
[0.128s] Level 1:colcon.colcon_core.package_identification:_identify(slam_ws/worlds/test_world) by extension 'ignore'
[0.128s] Level 1:colcon.colcon_core.package_identification:_identify(slam_ws/worlds/test_world) by extension 'ignore_ament_install'
[0.128s] Level 1:colcon.colcon_core.package_identification:_identify(slam_ws/worlds/test_world) by extensions ['colcon_pkg']
[0.128s] Level 1:colcon.colcon_core.package_identification:_identify(slam_ws/worlds/test_world) by extension 'colcon_pkg'
[0.128s] Level 1:colcon.colcon_core.package_identification:_identify(slam_ws/worlds/test_world) by extensions ['colcon_meta']
[0.128s] Level 1:colcon.colcon_core.package_identification:_identify(slam_ws/worlds/test_world) by extension 'colcon_meta'
[0.128s] Level 1:colcon.colcon_core.package_identification:_identify(slam_ws/worlds/test_world) by extensions ['ros']
[0.128s] Level 1:colcon.colcon_core.package_identification:_identify(slam_ws/worlds/test_world) by extension 'ros'
[0.128s] Level 1:colcon.colcon_core.package_identification:_identify(slam_ws/worlds/test_world) by extensions ['cmake', 'python']
[0.128s] Level 1:colcon.colcon_core.package_identification:_identify(slam_ws/worlds/test_world) by extension 'cmake'
[0.128s] Level 1:colcon.colcon_core.package_identification:_identify(slam_ws/worlds/test_world) by extension 'python'
[0.128s] Level 1:colcon.colcon_core.package_identification:_identify(slam_ws/worlds/test_world) by extensions ['python_setup_py']
[0.128s] Level 1:colcon.colcon_core.package_identification:_identify(slam_ws/worlds/test_world) by extension 'python_setup_py'
[0.129s] Level 1:colcon.colcon_core.package_identification:_identify(slam_ws/worlds/warehouse) by extensions ['ignore', 'ignore_ament_install']
[0.129s] Level 1:colcon.colcon_core.package_identification:_identify(slam_ws/worlds/warehouse) by extension 'ignore'
[0.129s] Level 1:colcon.colcon_core.package_identification:_identify(slam_ws/worlds/warehouse) by extension 'ignore_ament_install'
[0.129s] Level 1:colcon.colcon_core.package_identification:_identify(slam_ws/worlds/warehouse) by extensions ['colcon_pkg']
[0.129s] Level 1:colcon.colcon_core.package_identification:_identify(slam_ws/worlds/warehouse) by extension 'colcon_pkg'
[0.129s] Level 1:colcon.colcon_core.package_identification:_identify(slam_ws/worlds/warehouse) by extensions ['colcon_meta']
[0.129s] Level 1:colcon.colcon_core.package_identification:_identify(slam_ws/worlds/warehouse) by extension 'colcon_meta'
[0.129s] Level 1:colcon.colcon_core.package_identification:_identify(slam_ws/worlds/warehouse) by extensions ['ros']
[0.129s] Level 1:colcon.colcon_core.package_identification:_identify(slam_ws/worlds/warehouse) by extension 'ros'
[0.129s] Level 1:colcon.colcon_core.package_identification:_identify(slam_ws/worlds/warehouse) by extensions ['cmake', 'python']
[0.129s] Level 1:colcon.colcon_core.package_identification:_identify(slam_ws/worlds/warehouse) by extension 'cmake'
[0.129s] Level 1:colcon.colcon_core.package_identification:_identify(slam_ws/worlds/warehouse) by extension 'python'
[0.129s] Level 1:colcon.colcon_core.package_identification:_identify(slam_ws/worlds/warehouse) by extensions ['python_setup_py']
[0.129s] Level 1:colcon.colcon_core.package_identification:_identify(slam_ws/worlds/warehouse) by extension 'python_setup_py'
[0.129s] Level 1:colcon.colcon_core.package_discovery:discover_packages(recursive) using defaults
[0.129s] Level 1:colcon.colcon_core.package_discovery:discover_packages(ignore) discover
[0.129s] Level 1:colcon.colcon_core.package_discovery:discover_packages(ignore) using defaults
[0.129s] Level 1:colcon.colcon_core.package_discovery:discover_packages(path) discover
[0.129s] Level 1:colcon.colcon_core.package_discovery:discover_packages(path) using defaults
[0.144s] Level 1:colcon.colcon_core.package_discovery:discover_packages(prefix_path) check parameters
[0.144s] Level 1:colcon.colcon_core.package_discovery:discover_packages(prefix_path) discover
[0.145s] DEBUG:colcon.colcon_installed_package_information.package_discovery:Found 194 installed packages in /opt/ros/jazzy
[0.146s] Level 1:colcon.colcon_core.package_discovery:discover_packages(prefix_path) using defaults
[0.157s] Level 5:colcon.colcon_core.verb:set package 'evaluator_ros' build argument 'cmake_args' from command line to 'None'
[0.157s] Level 5:colcon.colcon_core.verb:set package 'evaluator_ros' build argument 'cmake_target' from command line to 'None'
[0.157s] Level 5:colcon.colcon_core.verb:set package 'evaluator_ros' build argument 'cmake_target_skip_unavailable' from command line to 'False'
[0.157s] Level 5:colcon.colcon_core.verb:set package 'evaluator_ros' build argument 'cmake_clean_cache' from command line to 'False'
[0.157s] Level 5:colcon.colcon_core.verb:set package 'evaluator_ros' build argument 'cmake_clean_first' from command line to 'False'
[0.157s] Level 5:colcon.colcon_core.verb:set package 'evaluator_ros' build argument 'cmake_force_configure' from command line to 'False'
[0.157s] Level 5:colcon.colcon_core.verb:set package 'evaluator_ros' build argument 'ament_cmake_args' from command line to 'None'
[0.157s] Level 5:colcon.colcon_core.verb:set package 'evaluator_ros' build argument 'catkin_cmake_args' from command line to 'None'
[0.157s] Level 5:colcon.colcon_core.verb:set package 'evaluator_ros' build argument 'catkin_skip_building_tests' from command line to 'False'
[0.157s] DEBUG:colcon.colcon_core.verb:Building package 'evaluator_ros' with the following arguments: {'ament_cmake_args': None, 'build_base': '/home/abhirup/slam_platform/build/evaluator_ros', 'catkin_cmake_args': None, 'catkin_skip_building_tests': False, 'cmake_args': None, 'cmake_clean_cache': False, 'cmake_clean_first': False, 'cmake_force_configure': False, 'cmake_target': None, 'cmake_target_skip_unavailable': False, 'install_base': '/home/abhirup/slam_platform/install/evaluator_ros', 'merge_install': False, 'path': '/home/abhirup/slam_platform/slam_ws/src/evaluator_ros', 'symlink_install': False, 'test_result_base': None}
[0.157s] Level 5:colcon.colcon_core.verb:set package 'experiment_manager' build argument 'cmake_args' from command line to 'None'
[0.157s] Level 5:colcon.colcon_core.verb:set package 'experiment_manager' build argument 'cmake_target' from command line to 'None'
[0.157s] Level 5:colcon.colcon_core.verb:set package 'experiment_manager' build argument 'cmake_target_skip_unavailable' from command line to 'False'
[0.157s] Level 5:colcon.colcon_core.verb:set package 'experiment_manager' build argument 'cmake_clean_cache' from command line to 'False'
[0.157s] Level 5:colcon.colcon_core.verb:set package 'experiment_manager' build argument 'cmake_clean_first' from command line to 'False'
[0.157s] Level 5:colcon.colcon_core.verb:set package 'experiment_manager' build argument 'cmake_force_configure' from command line to 'False'
[0.157s] Level 5:colcon.colcon_core.verb:set package 'experiment_manager' build argument 'ament_cmake_args' from command line to 'None'
[0.157s] Level 5:colcon.colcon_core.verb:set package 'experiment_manager' build argument 'catkin_cmake_args' from command line to 'None'
[0.157s] Level 5:colcon.colcon_core.verb:set package 'experiment_manager' build argument 'catkin_skip_building_tests' from command line to 'False'
[0.157s] DEBUG:colcon.colcon_core.verb:Building package 'experiment_manager' with the following arguments: {'ament_cmake_args': None, 'build_base': '/home/abhirup/slam_platform/build/experiment_manager', 'catkin_cmake_args': None, 'catkin_skip_building_tests': False, 'cmake_args': None, 'cmake_clean_cache': False, 'cmake_clean_first': False, 'cmake_force_configure': False, 'cmake_target': None, 'cmake_target_skip_unavailable': False, 'install_base': '/home/abhirup/slam_platform/install/experiment_manager', 'merge_install': False, 'path': '/home/abhirup/slam_platform/slam_ws/src/experiment_manager', 'symlink_install': False, 'test_result_base': None}
[0.157s] Level 5:colcon.colcon_core.verb:set package 'ground_truth_provider' build argument 'cmake_args' from command line to 'None'
[0.157s] Level 5:colcon.colcon_core.verb:set package 'ground_truth_provider' build argument 'cmake_target' from command line to 'None'
[0.157s] Level 5:colcon.colcon_core.verb:set package 'ground_truth_provider' build argument 'cmake_target_skip_unavailable' from command line to 'False'
[0.157s] Level 5:colcon.colcon_core.verb:set package 'ground_truth_provider' build argument 'cmake_clean_cache' from command line to 'False'
[0.157s] Level 5:colcon.colcon_core.verb:set package 'ground_truth_provider' build argument 'cmake_clean_first' from command line to 'False'
[0.157s] Level 5:colcon.colcon_core.verb:set package 'ground_truth_provider' build argument 'cmake_force_configure' from command line to 'False'
[0.157s] Level 5:colcon.colcon_core.verb:set package 'ground_truth_provider' build argument 'ament_cmake_args' from command line to 'None'
[0.157s] Level 5:colcon.colcon_core.verb:set package 'ground_truth_provider' build argument 'catkin_cmake_args' from command line to 'None'
[0.157s] Level 5:colcon.colcon_core.verb:set package 'ground_truth_provider' build argument 'catkin_skip_building_tests' from command line to 'False'
[0.157s] DEBUG:colcon.colcon_core.verb:Building package 'ground_truth_provider' with the following arguments: {'ament_cmake_args': None, 'build_base': '/home/abhirup/slam_platform/build/ground_truth_provider', 'catkin_cmake_args': None, 'catkin_skip_building_tests': False, 'cmake_args': None, 'cmake_clean_cache': False, 'cmake_clean_first': False, 'cmake_force_configure': False, 'cmake_target': None, 'cmake_target_skip_unavailable': False, 'install_base': '/home/abhirup/slam_platform/install/ground_truth_provider', 'merge_install': False, 'path': '/home/abhirup/slam_platform/slam_ws/src/ground_truth_provider', 'symlink_install': False, 'test_result_base': None}
[0.157s] Level 5:colcon.colcon_core.verb:set package 'robot_bringup' build argument 'cmake_args' from command line to 'None'
[0.157s] Level 5:colcon.colcon_core.verb:set package 'robot_bringup' build argument 'cmake_target' from command line to 'None'
[0.157s] Level 5:colcon.colcon_core.verb:set package 'robot_bringup' build argument 'cmake_target_skip_unavailable' from command line to 'False'
[0.157s] Level 5:colcon.colcon_core.verb:set package 'robot_bringup' build argument 'cmake_clean_cache' from command line to 'False'
[0.157s] Level 5:colcon.colcon_core.verb:set package 'robot_bringup' build argument 'cmake_clean_first' from command line to 'False'
[0.157s] Level 5:colcon.colcon_core.verb:set package 'robot_bringup' build argument 'cmake_force_configure' from command line to 'False'
[0.157s] Level 5:colcon.colcon_core.verb:set package 'robot_bringup' build argument 'ament_cmake_args' from command line to 'None'
[0.157s] Level 5:colcon.colcon_core.verb:set package 'robot_bringup' build argument 'catkin_cmake_args' from command line to 'None'
[0.157s] Level 5:colcon.colcon_core.verb:set package 'robot_bringup' build argument 'catkin_skip_building_tests' from command line to 'False'
[0.157s] DEBUG:colcon.colcon_core.verb:Building package 'robot_bringup' with the following arguments: {'ament_cmake_args': None, 'build_base': '/home/abhirup/slam_platform/build/robot_bringup', 'catkin_cmake_args': None, 'catkin_skip_building_tests': False, 'cmake_args': None, 'cmake_clean_cache': False, 'cmake_clean_first': False, 'cmake_force_configure': False, 'cmake_target': None, 'cmake_target_skip_unavailable': False, 'install_base': '/home/abhirup/slam_platform/install/robot_bringup', 'merge_install': False, 'path': '/home/abhirup/slam_platform/slam_ws/src/robot_bringup', 'symlink_install': False, 'test_result_base': None}
[0.157s] Level 5:colcon.colcon_core.verb:set package 'ros_gz_bridge_manager' build argument 'cmake_args' from command line to 'None'
[0.157s] Level 5:colcon.colcon_core.verb:set package 'ros_gz_bridge_manager' build argument 'cmake_target' from command line to 'None'
[0.157s] Level 5:colcon.colcon_core.verb:set package 'ros_gz_bridge_manager' build argument 'cmake_target_skip_unavailable' from command line to 'False'
[0.157s] Level 5:colcon.colcon_core.verb:set package 'ros_gz_bridge_manager' build argument 'cmake_clean_cache' from command line to 'False'
[0.157s] Level 5:colcon.colcon_core.verb:set package 'ros_gz_bridge_manager' build argument 'cmake_clean_first' from command line to 'False'
[0.157s] Level 5:colcon.colcon_core.verb:set package 'ros_gz_bridge_manager' build argument 'cmake_force_configure' from command line to 'False'
[0.157s] Level 5:colcon.colcon_core.verb:set package 'ros_gz_bridge_manager' build argument 'ament_cmake_args' from command line to 'None'
[0.157s] Level 5:colcon.colcon_core.verb:set package 'ros_gz_bridge_manager' build argument 'catkin_cmake_args' from command line to 'None'
[0.157s] Level 5:colcon.colcon_core.verb:set package 'ros_gz_bridge_manager' build argument 'catkin_skip_building_tests' from command line to 'False'
[0.157s] DEBUG:colcon.colcon_core.verb:Building package 'ros_gz_bridge_manager' with the following arguments: {'ament_cmake_args': None, 'build_base': '/home/abhirup/slam_platform/build/ros_gz_bridge_manager', 'catkin_cmake_args': None, 'catkin_skip_building_tests': False, 'cmake_args': None, 'cmake_clean_cache': False, 'cmake_clean_first': False, 'cmake_force_configure': False, 'cmake_target': None, 'cmake_target_skip_unavailable': False, 'install_base': '/home/abhirup/slam_platform/install/ros_gz_bridge_manager', 'merge_install': False, 'path': '/home/abhirup/slam_platform/slam_ws/src/ros_gz_bridge_manager', 'symlink_install': False, 'test_result_base': None}
[0.158s] Level 5:colcon.colcon_core.verb:set package 'sensor_adapter' build argument 'cmake_args' from command line to 'None'
[0.158s] Level 5:colcon.colcon_core.verb:set package 'sensor_adapter' build argument 'cmake_target' from command line to 'None'
[0.158s] Level 5:colcon.colcon_core.verb:set package 'sensor_adapter' build argument 'cmake_target_skip_unavailable' from command line to 'False'
[0.158s] Level 5:colcon.colcon_core.verb:set package 'sensor_adapter' build argument 'cmake_clean_cache' from command line to 'False'
[0.158s] Level 5:colcon.colcon_core.verb:set package 'sensor_adapter' build argument 'cmake_clean_first' from command line to 'False'
[0.158s] Level 5:colcon.colcon_core.verb:set package 'sensor_adapter' build argument 'cmake_force_configure' from command line to 'False'
[0.158s] Level 5:colcon.colcon_core.verb:set package 'sensor_adapter' build argument 'ament_cmake_args' from command line to 'None'
[0.158s] Level 5:colcon.colcon_core.verb:set package 'sensor_adapter' build argument 'catkin_cmake_args' from command line to 'None'
[0.158s] Level 5:colcon.colcon_core.verb:set package 'sensor_adapter' build argument 'catkin_skip_building_tests' from command line to 'False'
[0.158s] DEBUG:colcon.colcon_core.verb:Building package 'sensor_adapter' with the following arguments: {'ament_cmake_args': None, 'build_base': '/home/abhirup/slam_platform/build/sensor_adapter', 'catkin_cmake_args': None, 'catkin_skip_building_tests': False, 'cmake_args': None, 'cmake_clean_cache': False, 'cmake_clean_first': False, 'cmake_force_configure': False, 'cmake_target': None, 'cmake_target_skip_unavailable': False, 'install_base': '/home/abhirup/slam_platform/install/sensor_adapter', 'merge_install': False, 'path': '/home/abhirup/slam_platform/slam_ws/src/sensor_adapter', 'symlink_install': False, 'test_result_base': None}
[0.158s] Level 5:colcon.colcon_core.verb:set package 'slam_interfaces' build argument 'cmake_args' from command line to 'None'
[0.158s] Level 5:colcon.colcon_core.verb:set package 'slam_interfaces' build argument 'cmake_target' from command line to 'None'
[0.158s] Level 5:colcon.colcon_core.verb:set package 'slam_interfaces' build argument 'cmake_target_skip_unavailable' from command line to 'False'
[0.158s] Level 5:colcon.colcon_core.verb:set package 'slam_interfaces' build argument 'cmake_clean_cache' from command line to 'False'
[0.158s] Level 5:colcon.colcon_core.verb:set package 'slam_interfaces' build argument 'cmake_clean_first' from command line to 'False'
[0.158s] Level 5:colcon.colcon_core.verb:set package 'slam_interfaces' build argument 'cmake_force_configure' from command line to 'False'
[0.158s] Level 5:colcon.colcon_core.verb:set package 'slam_interfaces' build argument 'ament_cmake_args' from command line to 'None'
[0.158s] Level 5:colcon.colcon_core.verb:set package 'slam_interfaces' build argument 'catkin_cmake_args' from command line to 'None'
[0.158s] Level 5:colcon.colcon_core.verb:set package 'slam_interfaces' build argument 'catkin_skip_building_tests' from command line to 'False'
[0.158s] DEBUG:colcon.colcon_core.verb:Building package 'slam_interfaces' with the following arguments: {'ament_cmake_args': None, 'build_base': '/home/abhirup/slam_platform/build/slam_interfaces', 'catkin_cmake_args': None, 'catkin_skip_building_tests': False, 'cmake_args': None, 'cmake_clean_cache': False, 'cmake_clean_first': False, 'cmake_force_configure': False, 'cmake_target': None, 'cmake_target_skip_unavailable': False, 'install_base': '/home/abhirup/slam_platform/install/slam_interfaces', 'merge_install': False, 'path': '/home/abhirup/slam_platform/slam_ws/src/slam_interfaces', 'symlink_install': False, 'test_result_base': None}
[0.158s] Level 5:colcon.colcon_core.verb:set package 'tf_manager' build argument 'cmake_args' from command line to 'None'
[0.158s] Level 5:colcon.colcon_core.verb:set package 'tf_manager' build argument 'cmake_target' from command line to 'None'
[0.158s] Level 5:colcon.colcon_core.verb:set package 'tf_manager' build argument 'cmake_target_skip_unavailable' from command line to 'False'
[0.158s] Level 5:colcon.colcon_core.verb:set package 'tf_manager' build argument 'cmake_clean_cache' from command line to 'False'
[0.158s] Level 5:colcon.colcon_core.verb:set package 'tf_manager' build argument 'cmake_clean_first' from command line to 'False'
[0.158s] Level 5:colcon.colcon_core.verb:set package 'tf_manager' build argument 'cmake_force_configure' from command line to 'False'
[0.158s] Level 5:colcon.colcon_core.verb:set package 'tf_manager' build argument 'ament_cmake_args' from command line to 'None'
[0.158s] Level 5:colcon.colcon_core.verb:set package 'tf_manager' build argument 'catkin_cmake_args' from command line to 'None'
[0.158s] Level 5:colcon.colcon_core.verb:set package 'tf_manager' build argument 'catkin_skip_building_tests' from command line to 'False'
[0.158s] DEBUG:colcon.colcon_core.verb:Building package 'tf_manager' with the following arguments: {'ament_cmake_args': None, 'build_base': '/home/abhirup/slam_platform/build/tf_manager', 'catkin_cmake_args': None, 'catkin_skip_building_tests': False, 'cmake_args': None, 'cmake_clean_cache': False, 'cmake_clean_first': False, 'cmake_force_configure': False, 'cmake_target': None, 'cmake_target_skip_unavailable': False, 'install_base': '/home/abhirup/slam_platform/install/tf_manager', 'merge_install': False, 'path': '/home/abhirup/slam_platform/slam_ws/src/tf_manager', 'symlink_install': False, 'test_result_base': None}
[0.158s] Level 5:colcon.colcon_core.verb:set package 'world_manager' build argument 'cmake_args' from command line to 'None'
[0.158s] Level 5:colcon.colcon_core.verb:set package 'world_manager' build argument 'cmake_target' from command line to 'None'
[0.158s] Level 5:colcon.colcon_core.verb:set package 'world_manager' build argument 'cmake_target_skip_unavailable' from command line to 'False'
[0.158s] Level 5:colcon.colcon_core.verb:set package 'world_manager' build argument 'cmake_clean_cache' from command line to 'False'
[0.158s] Level 5:colcon.colcon_core.verb:set package 'world_manager' build argument 'cmake_clean_first' from command line to 'False'
[0.158s] Level 5:colcon.colcon_core.verb:set package 'world_manager' build argument 'cmake_force_configure' from command line to 'False'
[0.158s] Level 5:colcon.colcon_core.verb:set package 'world_manager' build argument 'ament_cmake_args' from command line to 'None'
[0.158s] Level 5:colcon.colcon_core.verb:set package 'world_manager' build argument 'catkin_cmake_args' from command line to 'None'
[0.158s] Level 5:colcon.colcon_core.verb:set package 'world_manager' build argument 'catkin_skip_building_tests' from command line to 'False'
[0.158s] DEBUG:colcon.colcon_core.verb:Building package 'world_manager' with the following arguments: {'ament_cmake_args': None, 'build_base': '/home/abhirup/slam_platform/build/world_manager', 'catkin_cmake_args': None, 'catkin_skip_building_tests': False, 'cmake_args': None, 'cmake_clean_cache': False, 'cmake_clean_first': False, 'cmake_force_configure': False, 'cmake_target': None, 'cmake_target_skip_unavailable': False, 'install_base': '/home/abhirup/slam_platform/install/world_manager', 'merge_install': False, 'path': '/home/abhirup/slam_platform/slam_ws/src/world_manager', 'symlink_install': False, 'test_result_base': None}
[0.158s] INFO:colcon.colcon_core.executor:Executing jobs using 'parallel' executor
[0.159s] DEBUG:colcon.colcon_parallel_executor.executor.parallel:run_until_complete
[0.159s] INFO:colcon.colcon_ros.task.ament_python.build:Building ROS package in '/home/abhirup/slam_platform/slam_ws/src/evaluator_ros' with build type 'ament_python'
[0.159s] Level 1:colcon.colcon_core.shell:create_environment_hook('evaluator_ros', 'ament_prefix_path')
[0.160s] INFO:colcon.colcon_core.plugin_system:Skipping extension 'colcon_core.shell.bat': Not used on non-Windows systems
[0.160s] INFO:colcon.colcon_core.shell:Creating environment hook '/home/abhirup/slam_platform/install/evaluator_ros/share/evaluator_ros/hook/ament_prefix_path.ps1'
[0.161s] INFO:colcon.colcon_core.shell:Creating environment descriptor '/home/abhirup/slam_platform/install/evaluator_ros/share/evaluator_ros/hook/ament_prefix_path.dsv'
[0.161s] INFO:colcon.colcon_core.shell:Creating environment hook '/home/abhirup/slam_platform/install/evaluator_ros/share/evaluator_ros/hook/ament_prefix_path.sh'
[0.161s] INFO:colcon.colcon_core.shell:Skip shell extension 'powershell' for command environment: Not usable outside of PowerShell
[0.161s] DEBUG:colcon.colcon_core.shell:Skip shell extension 'dsv' for command environment
[0.163s] INFO:colcon.colcon_ros.task.ament_python.build:Building ROS package in '/home/abhirup/slam_platform/slam_ws/src/experiment_manager' with build type 'ament_python'
[0.163s] Level 1:colcon.colcon_core.shell:create_environment_hook('experiment_manager', 'ament_prefix_path')
[0.163s] INFO:colcon.colcon_core.shell:Creating environment hook '/home/abhirup/slam_platform/install/experiment_manager/share/experiment_manager/hook/ament_prefix_path.ps1'
[0.163s] INFO:colcon.colcon_core.shell:Creating environment descriptor '/home/abhirup/slam_platform/install/experiment_manager/share/experiment_manager/hook/ament_prefix_path.dsv'
[0.163s] INFO:colcon.colcon_core.shell:Creating environment hook '/home/abhirup/slam_platform/install/experiment_manager/share/experiment_manager/hook/ament_prefix_path.sh'
[0.163s] INFO:colcon.colcon_core.shell:Skip shell extension 'powershell' for command environment: Not usable outside of PowerShell
[0.163s] DEBUG:colcon.colcon_core.shell:Skip shell extension 'dsv' for command environment
[0.164s] INFO:colcon.colcon_ros.task.ament_python.build:Building ROS package in '/home/abhirup/slam_platform/slam_ws/src/ground_truth_provider' with build type 'ament_python'
[0.164s] Level 1:colcon.colcon_core.shell:create_environment_hook('ground_truth_provider', 'ament_prefix_path')
[0.164s] INFO:colcon.colcon_core.shell:Creating environment hook '/home/abhirup/slam_platform/install/ground_truth_provider/share/ground_truth_provider/hook/ament_prefix_path.ps1'
[0.165s] INFO:colcon.colcon_core.shell:Creating environment descriptor '/home/abhirup/slam_platform/install/ground_truth_provider/share/ground_truth_provider/hook/ament_prefix_path.dsv'
[0.165s] INFO:colcon.colcon_core.shell:Creating environment hook '/home/abhirup/slam_platform/install/ground_truth_provider/share/ground_truth_provider/hook/ament_prefix_path.sh'
[0.165s] INFO:colcon.colcon_core.shell:Skip shell extension 'powershell' for command environment: Not usable outside of PowerShell
[0.165s] DEBUG:colcon.colcon_core.shell:Skip shell extension 'dsv' for command environment
[0.166s] INFO:colcon.colcon_ros.task.ament_python.build:Building ROS package in '/home/abhirup/slam_platform/slam_ws/src/robot_bringup' with build type 'ament_python'
[0.166s] Level 1:colcon.colcon_core.shell:create_environment_hook('robot_bringup', 'ament_prefix_path')
[0.166s] INFO:colcon.colcon_core.shell:Creating environment hook '/home/abhirup/slam_platform/install/robot_bringup/share/robot_bringup/hook/ament_prefix_path.ps1'
[0.166s] INFO:colcon.colcon_core.shell:Creating environment descriptor '/home/abhirup/slam_platform/install/robot_bringup/share/robot_bringup/hook/ament_prefix_path.dsv'
[0.166s] INFO:colcon.colcon_core.shell:Creating environment hook '/home/abhirup/slam_platform/install/robot_bringup/share/robot_bringup/hook/ament_prefix_path.sh'
[0.166s] INFO:colcon.colcon_core.shell:Skip shell extension 'powershell' for command environment: Not usable outside of PowerShell
[0.166s] DEBUG:colcon.colcon_core.shell:Skip shell extension 'dsv' for command environment
[0.167s] INFO:colcon.colcon_ros.task.ament_python.build:Building ROS package in '/home/abhirup/slam_platform/slam_ws/src/ros_gz_bridge_manager' with build type 'ament_python'
[0.167s] Level 1:colcon.colcon_core.shell:create_environment_hook('ros_gz_bridge_manager', 'ament_prefix_path')
[0.167s] INFO:colcon.colcon_core.shell:Creating environment hook '/home/abhirup/slam_platform/install/ros_gz_bridge_manager/share/ros_gz_bridge_manager/hook/ament_prefix_path.ps1'
[0.168s] INFO:colcon.colcon_core.shell:Creating environment descriptor '/home/abhirup/slam_platform/install/ros_gz_bridge_manager/share/ros_gz_bridge_manager/hook/ament_prefix_path.dsv'
[0.168s] INFO:colcon.colcon_core.shell:Creating environment hook '/home/abhirup/slam_platform/install/ros_gz_bridge_manager/share/ros_gz_bridge_manager/hook/ament_prefix_path.sh'
[0.168s] INFO:colcon.colcon_core.shell:Skip shell extension 'powershell' for command environment: Not usable outside of PowerShell
[0.168s] DEBUG:colcon.colcon_core.shell:Skip shell extension 'dsv' for command environment
[0.169s] INFO:colcon.colcon_ros.task.ament_python.build:Building ROS package in '/home/abhirup/slam_platform/slam_ws/src/sensor_adapter' with build type 'ament_python'
[0.169s] Level 1:colcon.colcon_core.shell:create_environment_hook('sensor_adapter', 'ament_prefix_path')
[0.169s] INFO:colcon.colcon_core.shell:Creating environment hook '/home/abhirup/slam_platform/install/sensor_adapter/share/sensor_adapter/hook/ament_prefix_path.ps1'
[0.169s] INFO:colcon.colcon_core.shell:Creating environment descriptor '/home/abhirup/slam_platform/install/sensor_adapter/share/sensor_adapter/hook/ament_prefix_path.dsv'
[0.169s] INFO:colcon.colcon_core.shell:Creating environment hook '/home/abhirup/slam_platform/install/sensor_adapter/share/sensor_adapter/hook/ament_prefix_path.sh'
[0.169s] INFO:colcon.colcon_core.shell:Skip shell extension 'powershell' for command environment: Not usable outside of PowerShell
[0.169s] DEBUG:colcon.colcon_core.shell:Skip shell extension 'dsv' for command environment
[0.170s] INFO:colcon.colcon_ros.task.ament_cmake.build:Building ROS package in '/home/abhirup/slam_platform/slam_ws/src/slam_interfaces' with build type 'ament_cmake'
[0.170s] INFO:colcon.colcon_cmake.task.cmake.build:Building CMake package in '/home/abhirup/slam_platform/slam_ws/src/slam_interfaces'
[0.170s] INFO:colcon.colcon_core.shell:Skip shell extension 'powershell' for command environment: Not usable outside of PowerShell
[0.170s] DEBUG:colcon.colcon_core.shell:Skip shell extension 'dsv' for command environment
[0.171s] INFO:colcon.colcon_ros.task.ament_python.build:Building ROS package in '/home/abhirup/slam_platform/slam_ws/src/tf_manager' with build type 'ament_python'
[0.171s] Level 1:colcon.colcon_core.shell:create_environment_hook('tf_manager', 'ament_prefix_path')
[0.171s] INFO:colcon.colcon_core.shell:Creating environment hook '/home/abhirup/slam_platform/install/tf_manager/share/tf_manager/hook/ament_prefix_path.ps1'
[0.171s] INFO:colcon.colcon_core.shell:Creating environment descriptor '/home/abhirup/slam_platform/install/tf_manager/share/tf_manager/hook/ament_prefix_path.dsv'
[0.172s] INFO:colcon.colcon_core.shell:Creating environment hook '/home/abhirup/slam_platform/install/tf_manager/share/tf_manager/hook/ament_prefix_path.sh'
[0.172s] INFO:colcon.colcon_core.shell:Skip shell extension 'powershell' for command environment: Not usable outside of PowerShell
[0.172s] DEBUG:colcon.colcon_core.shell:Skip shell extension 'dsv' for command environment
[0.173s] INFO:colcon.colcon_ros.task.ament_python.build:Building ROS package in '/home/abhirup/slam_platform/slam_ws/src/world_manager' with build type 'ament_python'
[0.173s] Level 1:colcon.colcon_core.shell:create_environment_hook('world_manager', 'ament_prefix_path')
[0.173s] INFO:colcon.colcon_core.shell:Creating environment hook '/home/abhirup/slam_platform/install/world_manager/share/world_manager/hook/ament_prefix_path.ps1'
[0.173s] INFO:colcon.colcon_core.shell:Creating environment descriptor '/home/abhirup/slam_platform/install/world_manager/share/world_manager/hook/ament_prefix_path.dsv'
[0.173s] INFO:colcon.colcon_core.shell:Creating environment hook '/home/abhirup/slam_platform/install/world_manager/share/world_manager/hook/ament_prefix_path.sh'
[0.173s] INFO:colcon.colcon_core.shell:Skip shell extension 'powershell' for command environment: Not usable outside of PowerShell
[0.173s] DEBUG:colcon.colcon_core.shell:Skip shell extension 'dsv' for command environment
[0.269s] INFO:colcon.colcon_core.task.python.build:Building Python package in '/home/abhirup/slam_platform/slam_ws/src/evaluator_ros'
[0.270s] INFO:colcon.colcon_core.shell:Skip shell extension 'powershell' for command environment: Not usable outside of PowerShell
[0.270s] DEBUG:colcon.colcon_core.shell:Skip shell extension 'dsv' for command environment
[0.359s] INFO:colcon.colcon_core.task.python.build:Building Python package in '/home/abhirup/slam_platform/slam_ws/src/experiment_manager'
[0.359s] INFO:colcon.colcon_core.shell:Skip shell extension 'powershell' for command environment: Not usable outside of PowerShell
[0.359s] DEBUG:colcon.colcon_core.shell:Skip shell extension 'dsv' for command environment
[0.451s] INFO:colcon.colcon_core.task.python.build:Building Python package in '/home/abhirup/slam_platform/slam_ws/src/ground_truth_provider'
[0.451s] INFO:colcon.colcon_core.shell:Skip shell extension 'powershell' for command environment: Not usable outside of PowerShell
[0.451s] DEBUG:colcon.colcon_core.shell:Skip shell extension 'dsv' for command environment
[0.542s] INFO:colcon.colcon_core.task.python.build:Building Python package in '/home/abhirup/slam_platform/slam_ws/src/robot_bringup'
[0.542s] INFO:colcon.colcon_core.shell:Skip shell extension 'powershell' for command environment: Not usable outside of PowerShell
[0.542s] DEBUG:colcon.colcon_core.shell:Skip shell extension 'dsv' for command environment
[0.636s] INFO:colcon.colcon_core.task.python.build:Building Python package in '/home/abhirup/slam_platform/slam_ws/src/ros_gz_bridge_manager'
[0.636s] INFO:colcon.colcon_core.shell:Skip shell extension 'powershell' for command environment: Not usable outside of PowerShell
[0.636s] DEBUG:colcon.colcon_core.shell:Skip shell extension 'dsv' for command environment
[0.727s] INFO:colcon.colcon_core.task.python.build:Building Python package in '/home/abhirup/slam_platform/slam_ws/src/sensor_adapter'
[0.727s] INFO:colcon.colcon_core.shell:Skip shell extension 'powershell' for command environment: Not usable outside of PowerShell
[0.727s] DEBUG:colcon.colcon_core.shell:Skip shell extension 'dsv' for command environment
[0.729s] DEBUG:colcon.colcon_core.event_handler.log_command:Invoking command in '/home/abhirup/slam_platform/build/slam_interfaces': CMAKE_PREFIX_PATH=${CMAKE_PREFIX_PATH}:/opt/ros/jazzy DEBUGINFOD_URLS=https://debuginfod.ubuntu.com /usr/bin/cmake /home/abhirup/slam_platform/slam_ws/src/slam_interfaces -DCMAKE_INSTALL_PREFIX=/home/abhirup/slam_platform/install/slam_interfaces
[0.819s] INFO:colcon.colcon_core.task.python.build:Building Python package in '/home/abhirup/slam_platform/slam_ws/src/tf_manager'
[0.819s] INFO:colcon.colcon_core.shell:Skip shell extension 'powershell' for command environment: Not usable outside of PowerShell
[0.819s] DEBUG:colcon.colcon_core.shell:Skip shell extension 'dsv' for command environment
[0.913s] INFO:colcon.colcon_core.task.python.build:Building Python package in '/home/abhirup/slam_platform/slam_ws/src/world_manager'
[0.913s] INFO:colcon.colcon_core.shell:Skip shell extension 'powershell' for command environment: Not usable outside of PowerShell
[0.913s] DEBUG:colcon.colcon_core.shell:Skip shell extension 'dsv' for command environment
[1.234s] DEBUG:colcon.colcon_core.event_handler.log_command:Invoking command in '/home/abhirup/slam_platform/slam_ws/src/ros_gz_bridge_manager': DEBUGINFOD_URLS=https://debuginfod.ubuntu.com PYTHONPATH=/home/abhirup/slam_platform/build/ros_gz_bridge_manager/prefix_override:/usr/lib/python3/dist-packages/colcon_core/task/python/colcon_distutils_commands:/home/abhirup/slam_platform/install/ros_gz_bridge_manager/lib/python3.12/site-packages:${PYTHONPATH} /usr/bin/python3 -W ignore:setup.py install is deprecated -W ignore:easy_install command is deprecated setup.py egg_info --egg-base ../../../build/ros_gz_bridge_manager build --build-base /home/abhirup/slam_platform/build/ros_gz_bridge_manager/build install --record /home/abhirup/slam_platform/build/ros_gz_bridge_manager/install.log --single-version-externally-managed install_data
[1.235s] DEBUG:colcon.colcon_core.event_handler.log_command:Invoking command in '/home/abhirup/slam_platform/slam_ws/src/ground_truth_provider': DEBUGINFOD_URLS=https://debuginfod.ubuntu.com PYTHONPATH=/home/abhirup/slam_platform/build/ground_truth_provider/prefix_override:/usr/lib/python3/dist-packages/colcon_core/task/python/colcon_distutils_commands:/home/abhirup/slam_platform/install/ground_truth_provider/lib/python3.12/site-packages:${PYTHONPATH} /usr/bin/python3 -W ignore:setup.py install is deprecated -W ignore:easy_install command is deprecated setup.py egg_info --egg-base ../../../build/ground_truth_provider build --build-base /home/abhirup/slam_platform/build/ground_truth_provider/build install --record /home/abhirup/slam_platform/build/ground_truth_provider/install.log --single-version-externally-managed install_data
[1.236s] DEBUG:colcon.colcon_core.event_handler.log_command:Invoking command in '/home/abhirup/slam_platform/slam_ws/src/evaluator_ros': DEBUGINFOD_URLS=https://debuginfod.ubuntu.com PYTHONPATH=/home/abhirup/slam_platform/build/evaluator_ros/prefix_override:/usr/lib/python3/dist-packages/colcon_core/task/python/colcon_distutils_commands:/home/abhirup/slam_platform/install/evaluator_ros/lib/python3.12/site-packages:${PYTHONPATH} /usr/bin/python3 -W ignore:setup.py install is deprecated -W ignore:easy_install command is deprecated setup.py egg_info --egg-base ../../../build/evaluator_ros build --build-base /home/abhirup/slam_platform/build/evaluator_ros/build install --record /home/abhirup/slam_platform/build/evaluator_ros/install.log --single-version-externally-managed install_data
[1.237s] DEBUG:colcon.colcon_core.event_handler.log_command:Invoking command in '/home/abhirup/slam_platform/slam_ws/src/robot_bringup': DEBUGINFOD_URLS=https://debuginfod.ubuntu.com PYTHONPATH=/home/abhirup/slam_platform/build/robot_bringup/prefix_override:/usr/lib/python3/dist-packages/colcon_core/task/python/colcon_distutils_commands:/home/abhirup/slam_platform/install/robot_bringup/lib/python3.12/site-packages:${PYTHONPATH} /usr/bin/python3 -W ignore:setup.py install is deprecated -W ignore:easy_install command is deprecated setup.py egg_info --egg-base ../../../build/robot_bringup build --build-base /home/abhirup/slam_platform/build/robot_bringup/build install --record /home/abhirup/slam_platform/build/robot_bringup/install.log --single-version-externally-managed install_data
[1.237s] DEBUG:colcon.colcon_core.event_handler.log_command:Invoking command in '/home/abhirup/slam_platform/slam_ws/src/world_manager': DEBUGINFOD_URLS=https://debuginfod.ubuntu.com PYTHONPATH=/home/abhirup/slam_platform/build/world_manager/prefix_override:/usr/lib/python3/dist-packages/colcon_core/task/python/colcon_distutils_commands:/home/abhirup/slam_platform/install/world_manager/lib/python3.12/site-packages:${PYTHONPATH} /usr/bin/python3 -W ignore:setup.py install is deprecated -W ignore:easy_install command is deprecated setup.py egg_info --egg-base ../../../build/world_manager build --build-base /home/abhirup/slam_platform/build/world_manager/build install --record /home/abhirup/slam_platform/build/world_manager/install.log --single-version-externally-managed install_data
[1.238s] DEBUG:colcon.colcon_core.event_handler.log_command:Invoking command in '/home/abhirup/slam_platform/slam_ws/src/experiment_manager': DEBUGINFOD_URLS=https://debuginfod.ubuntu.com PYTHONPATH=/home/abhirup/slam_platform/build/experiment_manager/prefix_override:/usr/lib/python3/dist-packages/colcon_core/task/python/colcon_distutils_commands:/home/abhirup/slam_platform/install/experiment_manager/lib/python3.12/site-packages:${PYTHONPATH} /usr/bin/python3 -W ignore:setup.py install is deprecated -W ignore:easy_install command is deprecated setup.py egg_info --egg-base ../../../build/experiment_manager build --build-base /home/abhirup/slam_platform/build/experiment_manager/build install --record /home/abhirup/slam_platform/build/experiment_manager/install.log --single-version-externally-managed install_data
[1.240s] DEBUG:colcon.colcon_core.event_handler.log_command:Invoking command in '/home/abhirup/slam_platform/slam_ws/src/tf_manager': DEBUGINFOD_URLS=https://debuginfod.ubuntu.com PYTHONPATH=/home/abhirup/slam_platform/build/tf_manager/prefix_override:/usr/lib/python3/dist-packages/colcon_core/task/python/colcon_distutils_commands:/home/abhirup/slam_platform/install/tf_manager/lib/python3.12/site-packages:${PYTHONPATH} /usr/bin/python3 -W ignore:setup.py install is deprecated -W ignore:easy_install command is deprecated setup.py egg_info --egg-base ../../../build/tf_manager build --build-base /home/abhirup/slam_platform/build/tf_manager/build install --record /home/abhirup/slam_platform/build/tf_manager/install.log --single-version-externally-managed install_data
[1.249s] DEBUG:colcon.colcon_core.event_handler.log_command:Invoking command in '/home/abhirup/slam_platform/slam_ws/src/sensor_adapter': DEBUGINFOD_URLS=https://debuginfod.ubuntu.com PYTHONPATH=/home/abhirup/slam_platform/build/sensor_adapter/prefix_override:/usr/lib/python3/dist-packages/colcon_core/task/python/colcon_distutils_commands:/home/abhirup/slam_platform/install/sensor_adapter/lib/python3.12/site-packages:${PYTHONPATH} /usr/bin/python3 -W ignore:setup.py install is deprecated -W ignore:easy_install command is deprecated setup.py egg_info --egg-base ../../../build/sensor_adapter build --build-base /home/abhirup/slam_platform/build/sensor_adapter/build install --record /home/abhirup/slam_platform/build/sensor_adapter/install.log --single-version-externally-managed install_data
[1.346s] DEBUG:colcon.colcon_core.event_handler.log_command:Invoked command in '/home/abhirup/slam_platform/build/slam_interfaces' returned '0': CMAKE_PREFIX_PATH=${CMAKE_PREFIX_PATH}:/opt/ros/jazzy DEBUGINFOD_URLS=https://debuginfod.ubuntu.com /usr/bin/cmake /home/abhirup/slam_platform/slam_ws/src/slam_interfaces -DCMAKE_INSTALL_PREFIX=/home/abhirup/slam_platform/install/slam_interfaces
[1.347s] DEBUG:colcon.colcon_core.event_handler.log_command:Invoking command in '/home/abhirup/slam_platform/build/slam_interfaces': CMAKE_PREFIX_PATH=${CMAKE_PREFIX_PATH}:/opt/ros/jazzy DEBUGINFOD_URLS=https://debuginfod.ubuntu.com /usr/bin/cmake --build /home/abhirup/slam_platform/build/slam_interfaces -- -j28 -l28
[1.376s] DEBUG:colcon.colcon_core.event_handler.log_command:Invoked command in '/home/abhirup/slam_platform/build/slam_interfaces' returned '0': CMAKE_PREFIX_PATH=${CMAKE_PREFIX_PATH}:/opt/ros/jazzy DEBUGINFOD_URLS=https://debuginfod.ubuntu.com /usr/bin/cmake --build /home/abhirup/slam_platform/build/slam_interfaces -- -j28 -l28
[1.383s] DEBUG:colcon.colcon_core.event_handler.log_command:Invoking command in '/home/abhirup/slam_platform/build/slam_interfaces': CMAKE_PREFIX_PATH=${CMAKE_PREFIX_PATH}:/opt/ros/jazzy DEBUGINFOD_URLS=https://debuginfod.ubuntu.com /usr/bin/cmake --install /home/abhirup/slam_platform/build/slam_interfaces
[1.391s] Level 1:colcon.colcon_core.environment:create_environment_scripts_only(slam_interfaces)
[1.391s] DEBUG:colcon.colcon_core.event_handler.log_command:Invoked command in '/home/abhirup/slam_platform/build/slam_interfaces' returned '0': CMAKE_PREFIX_PATH=${CMAKE_PREFIX_PATH}:/opt/ros/jazzy DEBUGINFOD_URLS=https://debuginfod.ubuntu.com /usr/bin/cmake --install /home/abhirup/slam_platform/build/slam_interfaces
[1.393s] Level 1:colcon.colcon_core.environment:checking '/home/abhirup/slam_platform/install/slam_interfaces' for CMake module files
[1.394s] Level 1:colcon.colcon_core.environment:checking '/home/abhirup/slam_platform/install/slam_interfaces' for CMake config files
[1.394s] Level 1:colcon.colcon_core.shell:create_environment_hook('slam_interfaces', 'cmake_prefix_path')
[1.394s] INFO:colcon.colcon_core.shell:Creating environment hook '/home/abhirup/slam_platform/install/slam_interfaces/share/slam_interfaces/hook/cmake_prefix_path.ps1'
[1.394s] INFO:colcon.colcon_core.shell:Creating environment descriptor '/home/abhirup/slam_platform/install/slam_interfaces/share/slam_interfaces/hook/cmake_prefix_path.dsv'
[1.394s] INFO:colcon.colcon_core.shell:Creating environment hook '/home/abhirup/slam_platform/install/slam_interfaces/share/slam_interfaces/hook/cmake_prefix_path.sh'
[1.395s] Level 1:colcon.colcon_core.environment:checking '/home/abhirup/slam_platform/install/slam_interfaces/bin'
[1.395s] Level 1:colcon.colcon_core.environment:checking '/home/abhirup/slam_platform/install/slam_interfaces/lib/pkgconfig/slam_interfaces.pc'
[1.395s] Level 1:colcon.colcon_core.environment:checking '/home/abhirup/slam_platform/install/slam_interfaces/lib/python3.12/site-packages'
[1.395s] Level 1:colcon.colcon_core.environment:checking '/home/abhirup/slam_platform/install/slam_interfaces/bin'
[1.396s] INFO:colcon.colcon_core.shell:Creating package script '/home/abhirup/slam_platform/install/slam_interfaces/share/slam_interfaces/package.ps1'
[1.396s] INFO:colcon.colcon_core.shell:Creating package descriptor '/home/abhirup/slam_platform/install/slam_interfaces/share/slam_interfaces/package.dsv'
[1.397s] INFO:colcon.colcon_core.shell:Creating package script '/home/abhirup/slam_platform/install/slam_interfaces/share/slam_interfaces/package.sh'
[1.397s] INFO:colcon.colcon_core.shell:Creating package script '/home/abhirup/slam_platform/install/slam_interfaces/share/slam_interfaces/package.bash'
[1.398s] INFO:colcon.colcon_core.shell:Creating package script '/home/abhirup/slam_platform/install/slam_interfaces/share/slam_interfaces/package.zsh'
[1.398s] Level 1:colcon.colcon_core.environment:create_file_with_runtime_dependencies(/home/abhirup/slam_platform/install/slam_interfaces/share/colcon-core/packages/slam_interfaces)
[1.399s] Level 1:colcon.colcon_core.environment:create_environment_scripts_only(slam_interfaces)
[1.399s] Level 1:colcon.colcon_core.environment:checking '/home/abhirup/slam_platform/install/slam_interfaces' for CMake module files
[1.399s] Level 1:colcon.colcon_core.environment:checking '/home/abhirup/slam_platform/install/slam_interfaces' for CMake config files
[1.399s] Level 1:colcon.colcon_core.shell:create_environment_hook('slam_interfaces', 'cmake_prefix_path')
[1.399s] INFO:colcon.colcon_core.shell:Creating environment hook '/home/abhirup/slam_platform/install/slam_interfaces/share/slam_interfaces/hook/cmake_prefix_path.ps1'
[1.399s] INFO:colcon.colcon_core.shell:Creating environment descriptor '/home/abhirup/slam_platform/install/slam_interfaces/share/slam_interfaces/hook/cmake_prefix_path.dsv'
[1.400s] INFO:colcon.colcon_core.shell:Creating environment hook '/home/abhirup/slam_platform/install/slam_interfaces/share/slam_interfaces/hook/cmake_prefix_path.sh'
[1.401s] Level 1:colcon.colcon_core.environment:checking '/home/abhirup/slam_platform/install/slam_interfaces/bin'
[1.401s] Level 1:colcon.colcon_core.environment:checking '/home/abhirup/slam_platform/install/slam_interfaces/lib/pkgconfig/slam_interfaces.pc'
[1.401s] Level 1:colcon.colcon_core.environment:checking '/home/abhirup/slam_platform/install/slam_interfaces/lib/python3.12/site-packages'
[1.401s] Level 1:colcon.colcon_core.environment:checking '/home/abhirup/slam_platform/install/slam_interfaces/bin'
[1.402s] INFO:colcon.colcon_core.shell:Creating package script '/home/abhirup/slam_platform/install/slam_interfaces/share/slam_interfaces/package.ps1'
[1.403s] INFO:colcon.colcon_core.shell:Creating package descriptor '/home/abhirup/slam_platform/install/slam_interfaces/share/slam_interfaces/package.dsv'
[1.404s] INFO:colcon.colcon_core.shell:Creating package script '/home/abhirup/slam_platform/install/slam_interfaces/share/slam_interfaces/package.sh'
[1.404s] INFO:colcon.colcon_core.shell:Creating package script '/home/abhirup/slam_platform/install/slam_interfaces/share/slam_interfaces/package.bash'
[1.404s] INFO:colcon.colcon_core.shell:Creating package script '/home/abhirup/slam_platform/install/slam_interfaces/share/slam_interfaces/package.zsh'
[1.405s] Level 1:colcon.colcon_core.environment:create_file_with_runtime_dependencies(/home/abhirup/slam_platform/install/slam_interfaces/share/colcon-core/packages/slam_interfaces)
[1.442s] Level 1:colcon.colcon_core.environment:checking '/home/abhirup/slam_platform/install/ros_gz_bridge_manager' for CMake module files
[1.442s] Level 1:colcon.colcon_core.environment:checking '/home/abhirup/slam_platform/install/ros_gz_bridge_manager' for CMake config files
[1.442s] DEBUG:colcon.colcon_core.event_handler.log_command:Invoked command in '/home/abhirup/slam_platform/slam_ws/src/ros_gz_bridge_manager' returned '0': DEBUGINFOD_URLS=https://debuginfod.ubuntu.com PYTHONPATH=/home/abhirup/slam_platform/build/ros_gz_bridge_manager/prefix_override:/usr/lib/python3/dist-packages/colcon_core/task/python/colcon_distutils_commands:/home/abhirup/slam_platform/install/ros_gz_bridge_manager/lib/python3.12/site-packages:${PYTHONPATH} /usr/bin/python3 -W ignore:setup.py install is deprecated -W ignore:easy_install command is deprecated setup.py egg_info --egg-base ../../../build/ros_gz_bridge_manager build --build-base /home/abhirup/slam_platform/build/ros_gz_bridge_manager/build install --record /home/abhirup/slam_platform/build/ros_gz_bridge_manager/install.log --single-version-externally-managed install_data
[1.443s] Level 1:colcon.colcon_core.environment:checking '/home/abhirup/slam_platform/install/ros_gz_bridge_manager/lib'
[1.443s] Level 1:colcon.colcon_core.environment:checking '/home/abhirup/slam_platform/install/ros_gz_bridge_manager/bin'
[1.443s] Level 1:colcon.colcon_core.environment:checking '/home/abhirup/slam_platform/install/ros_gz_bridge_manager/lib/pkgconfig/ros_gz_bridge_manager.pc'
[1.443s] Level 1:colcon.colcon_core.environment:checking '/home/abhirup/slam_platform/install/ros_gz_bridge_manager/lib/python3.12/site-packages'
[1.443s] Level 1:colcon.colcon_core.shell:create_environment_hook('ros_gz_bridge_manager', 'pythonpath')
[1.443s] INFO:colcon.colcon_core.shell:Creating environment hook '/home/abhirup/slam_platform/install/ros_gz_bridge_manager/share/ros_gz_bridge_manager/hook/pythonpath.ps1'
[1.443s] INFO:colcon.colcon_core.shell:Creating environment descriptor '/home/abhirup/slam_platform/install/ros_gz_bridge_manager/share/ros_gz_bridge_manager/hook/pythonpath.dsv'
[1.443s] INFO:colcon.colcon_core.shell:Creating environment hook '/home/abhirup/slam_platform/install/ros_gz_bridge_manager/share/ros_gz_bridge_manager/hook/pythonpath.sh'
[1.444s] Level 1:colcon.colcon_core.environment:checking '/home/abhirup/slam_platform/install/ros_gz_bridge_manager/bin'
[1.444s] Level 1:colcon.colcon_core.environment:create_environment_scripts_only(ros_gz_bridge_manager)
[1.444s] INFO:colcon.colcon_core.shell:Creating package script '/home/abhirup/slam_platform/install/ros_gz_bridge_manager/share/ros_gz_bridge_manager/package.ps1'
[1.444s] INFO:colcon.colcon_core.shell:Creating package descriptor '/home/abhirup/slam_platform/install/ros_gz_bridge_manager/share/ros_gz_bridge_manager/package.dsv'
[1.444s] INFO:colcon.colcon_core.shell:Creating package script '/home/abhirup/slam_platform/install/ros_gz_bridge_manager/share/ros_gz_bridge_manager/package.sh'
[1.444s] INFO:colcon.colcon_core.shell:Creating package script '/home/abhirup/slam_platform/install/ros_gz_bridge_manager/share/ros_gz_bridge_manager/package.bash'
[1.445s] INFO:colcon.colcon_core.shell:Creating package script '/home/abhirup/slam_platform/install/ros_gz_bridge_manager/share/ros_gz_bridge_manager/package.zsh'
[1.445s] Level 1:colcon.colcon_core.environment:create_file_with_runtime_dependencies(/home/abhirup/slam_platform/install/ros_gz_bridge_manager/share/colcon-core/packages/ros_gz_bridge_manager)
[1.446s] Level 1:colcon.colcon_core.environment:checking '/home/abhirup/slam_platform/install/evaluator_ros' for CMake module files
[1.446s] DEBUG:colcon.colcon_core.event_handler.log_command:Invoked command in '/home/abhirup/slam_platform/slam_ws/src/evaluator_ros' returned '0': DEBUGINFOD_URLS=https://debuginfod.ubuntu.com PYTHONPATH=/home/abhirup/slam_platform/build/evaluator_ros/prefix_override:/usr/lib/python3/dist-packages/colcon_core/task/python/colcon_distutils_commands:/home/abhirup/slam_platform/install/evaluator_ros/lib/python3.12/site-packages:${PYTHONPATH} /usr/bin/python3 -W ignore:setup.py install is deprecated -W ignore:easy_install command is deprecated setup.py egg_info --egg-base ../../../build/evaluator_ros build --build-base /home/abhirup/slam_platform/build/evaluator_ros/build install --record /home/abhirup/slam_platform/build/evaluator_ros/install.log --single-version-externally-managed install_data
[1.446s] Level 1:colcon.colcon_core.environment:checking '/home/abhirup/slam_platform/install/evaluator_ros' for CMake config files
[1.447s] Level 1:colcon.colcon_core.environment:checking '/home/abhirup/slam_platform/install/evaluator_ros/lib'
[1.448s] Level 1:colcon.colcon_core.environment:checking '/home/abhirup/slam_platform/install/evaluator_ros/bin'
[1.448s] Level 1:colcon.colcon_core.environment:checking '/home/abhirup/slam_platform/install/evaluator_ros/lib/pkgconfig/evaluator_ros.pc'
[1.449s] Level 1:colcon.colcon_core.environment:checking '/home/abhirup/slam_platform/install/evaluator_ros/lib/python3.12/site-packages'
[1.449s] Level 1:colcon.colcon_core.shell:create_environment_hook('evaluator_ros', 'pythonpath')
[1.449s] INFO:colcon.colcon_core.shell:Creating environment hook '/home/abhirup/slam_platform/install/evaluator_ros/share/evaluator_ros/hook/pythonpath.ps1'
[1.449s] INFO:colcon.colcon_core.shell:Creating environment descriptor '/home/abhirup/slam_platform/install/evaluator_ros/share/evaluator_ros/hook/pythonpath.dsv'
[1.449s] INFO:colcon.colcon_core.shell:Creating environment hook '/home/abhirup/slam_platform/install/evaluator_ros/share/evaluator_ros/hook/pythonpath.sh'
[1.450s] Level 1:colcon.colcon_core.environment:checking '/home/abhirup/slam_platform/install/evaluator_ros/bin'
[1.450s] Level 1:colcon.colcon_core.environment:create_environment_scripts_only(evaluator_ros)
[1.450s] INFO:colcon.colcon_core.shell:Creating package script '/home/abhirup/slam_platform/install/evaluator_ros/share/evaluator_ros/package.ps1'
[1.450s] INFO:colcon.colcon_core.shell:Creating package descriptor '/home/abhirup/slam_platform/install/evaluator_ros/share/evaluator_ros/package.dsv'
[1.451s] INFO:colcon.colcon_core.shell:Creating package script '/home/abhirup/slam_platform/install/evaluator_ros/share/evaluator_ros/package.sh'
[1.451s] INFO:colcon.colcon_core.shell:Creating package script '/home/abhirup/slam_platform/install/evaluator_ros/share/evaluator_ros/package.bash'
[1.451s] INFO:colcon.colcon_core.shell:Creating package script '/home/abhirup/slam_platform/install/evaluator_ros/share/evaluator_ros/package.zsh'
[1.452s] Level 1:colcon.colcon_core.environment:create_file_with_runtime_dependencies(/home/abhirup/slam_platform/install/evaluator_ros/share/colcon-core/packages/evaluator_ros)
[1.452s] Level 1:colcon.colcon_core.environment:checking '/home/abhirup/slam_platform/install/experiment_manager' for CMake module files
[1.453s] DEBUG:colcon.colcon_core.event_handler.log_command:Invoked command in '/home/abhirup/slam_platform/slam_ws/src/experiment_manager' returned '0': DEBUGINFOD_URLS=https://debuginfod.ubuntu.com PYTHONPATH=/home/abhirup/slam_platform/build/experiment_manager/prefix_override:/usr/lib/python3/dist-packages/colcon_core/task/python/colcon_distutils_commands:/home/abhirup/slam_platform/install/experiment_manager/lib/python3.12/site-packages:${PYTHONPATH} /usr/bin/python3 -W ignore:setup.py install is deprecated -W ignore:easy_install command is deprecated setup.py egg_info --egg-base ../../../build/experiment_manager build --build-base /home/abhirup/slam_platform/build/experiment_manager/build install --record /home/abhirup/slam_platform/build/experiment_manager/install.log --single-version-externally-managed install_data
[1.453s] Level 1:colcon.colcon_core.environment:checking '/home/abhirup/slam_platform/install/experiment_manager' for CMake config files
[1.453s] Level 1:colcon.colcon_core.environment:checking '/home/abhirup/slam_platform/install/experiment_manager/lib'
[1.453s] Level 1:colcon.colcon_core.environment:checking '/home/abhirup/slam_platform/install/experiment_manager/bin'
[1.453s] Level 1:colcon.colcon_core.environment:checking '/home/abhirup/slam_platform/install/experiment_manager/lib/pkgconfig/experiment_manager.pc'
[1.453s] Level 1:colcon.colcon_core.environment:checking '/home/abhirup/slam_platform/install/experiment_manager/lib/python3.12/site-packages'
[1.454s] Level 1:colcon.colcon_core.shell:create_environment_hook('experiment_manager', 'pythonpath')
[1.454s] INFO:colcon.colcon_core.shell:Creating environment hook '/home/abhirup/slam_platform/install/experiment_manager/share/experiment_manager/hook/pythonpath.ps1'
[1.454s] INFO:colcon.colcon_core.shell:Creating environment descriptor '/home/abhirup/slam_platform/install/experiment_manager/share/experiment_manager/hook/pythonpath.dsv'
[1.454s] INFO:colcon.colcon_core.shell:Creating environment hook '/home/abhirup/slam_platform/install/experiment_manager/share/experiment_manager/hook/pythonpath.sh'
[1.454s] Level 1:colcon.colcon_core.environment:checking '/home/abhirup/slam_platform/install/experiment_manager/bin'
[1.454s] Level 1:colcon.colcon_core.environment:create_environment_scripts_only(experiment_manager)
[1.454s] INFO:colcon.colcon_core.shell:Creating package script '/home/abhirup/slam_platform/install/experiment_manager/share/experiment_manager/package.ps1'
[1.454s] INFO:colcon.colcon_core.shell:Creating package descriptor '/home/abhirup/slam_platform/install/experiment_manager/share/experiment_manager/package.dsv'
[1.455s] INFO:colcon.colcon_core.shell:Creating package script '/home/abhirup/slam_platform/install/experiment_manager/share/experiment_manager/package.sh'
[1.455s] INFO:colcon.colcon_core.shell:Creating package script '/home/abhirup/slam_platform/install/experiment_manager/share/experiment_manager/package.bash'
[1.455s] INFO:colcon.colcon_core.shell:Creating package script '/home/abhirup/slam_platform/install/experiment_manager/share/experiment_manager/package.zsh'
[1.455s] Level 1:colcon.colcon_core.environment:create_file_with_runtime_dependencies(/home/abhirup/slam_platform/install/experiment_manager/share/colcon-core/packages/experiment_manager)
[1.456s] Level 1:colcon.colcon_core.environment:checking '/home/abhirup/slam_platform/install/world_manager' for CMake module files
[1.456s] DEBUG:colcon.colcon_core.event_handler.log_command:Invoked command in '/home/abhirup/slam_platform/slam_ws/src/world_manager' returned '0': DEBUGINFOD_URLS=https://debuginfod.ubuntu.com PYTHONPATH=/home/abhirup/slam_platform/build/world_manager/prefix_override:/usr/lib/python3/dist-packages/colcon_core/task/python/colcon_distutils_commands:/home/abhirup/slam_platform/install/world_manager/lib/python3.12/site-packages:${PYTHONPATH} /usr/bin/python3 -W ignore:setup.py install is deprecated -W ignore:easy_install command is deprecated setup.py egg_info --egg-base ../../../build/world_manager build --build-base /home/abhirup/slam_platform/build/world_manager/build install --record /home/abhirup/slam_platform/build/world_manager/install.log --single-version-externally-managed install_data
[1.456s] Level 1:colcon.colcon_core.environment:checking '/home/abhirup/slam_platform/install/world_manager' for CMake config files
[1.457s] Level 1:colcon.colcon_core.environment:checking '/home/abhirup/slam_platform/install/world_manager/lib'
[1.457s] Level 1:colcon.colcon_core.environment:checking '/home/abhirup/slam_platform/install/world_manager/bin'
[1.457s] Level 1:colcon.colcon_core.environment:checking '/home/abhirup/slam_platform/install/world_manager/lib/pkgconfig/world_manager.pc'
[1.457s] Level 1:colcon.colcon_core.environment:checking '/home/abhirup/slam_platform/install/world_manager/lib/python3.12/site-packages'
[1.457s] Level 1:colcon.colcon_core.shell:create_environment_hook('world_manager', 'pythonpath')
[1.457s] INFO:colcon.colcon_core.shell:Creating environment hook '/home/abhirup/slam_platform/install/world_manager/share/world_manager/hook/pythonpath.ps1'
[1.457s] INFO:colcon.colcon_core.shell:Creating environment descriptor '/home/abhirup/slam_platform/install/world_manager/share/world_manager/hook/pythonpath.dsv'
[1.457s] INFO:colcon.colcon_core.shell:Creating environment hook '/home/abhirup/slam_platform/install/world_manager/share/world_manager/hook/pythonpath.sh'
[1.458s] Level 1:colcon.colcon_core.environment:checking '/home/abhirup/slam_platform/install/world_manager/bin'
[1.458s] Level 1:colcon.colcon_core.environment:create_environment_scripts_only(world_manager)
[1.458s] INFO:colcon.colcon_core.shell:Creating package script '/home/abhirup/slam_platform/install/world_manager/share/world_manager/package.ps1'
[1.458s] INFO:colcon.colcon_core.shell:Creating package descriptor '/home/abhirup/slam_platform/install/world_manager/share/world_manager/package.dsv'
[1.459s] INFO:colcon.colcon_core.shell:Creating package script '/home/abhirup/slam_platform/install/world_manager/share/world_manager/package.sh'
[1.459s] INFO:colcon.colcon_core.shell:Creating package script '/home/abhirup/slam_platform/install/world_manager/share/world_manager/package.bash'
[1.459s] INFO:colcon.colcon_core.shell:Creating package script '/home/abhirup/slam_platform/install/world_manager/share/world_manager/package.zsh'
[1.459s] Level 1:colcon.colcon_core.environment:create_file_with_runtime_dependencies(/home/abhirup/slam_platform/install/world_manager/share/colcon-core/packages/world_manager)
[1.460s] Level 1:colcon.colcon_core.environment:checking '/home/abhirup/slam_platform/install/tf_manager' for CMake module files
[1.460s] Level 1:colcon.colcon_core.environment:checking '/home/abhirup/slam_platform/install/tf_manager' for CMake config files
[1.461s] Level 1:colcon.colcon_core.environment:checking '/home/abhirup/slam_platform/install/tf_manager/lib'
[1.461s] Level 1:colcon.colcon_core.environment:checking '/home/abhirup/slam_platform/install/tf_manager/bin'
[1.461s] Level 1:colcon.colcon_core.environment:checking '/home/abhirup/slam_platform/install/tf_manager/lib/pkgconfig/tf_manager.pc'
[1.461s] Level 1:colcon.colcon_core.environment:checking '/home/abhirup/slam_platform/install/tf_manager/lib/python3.12/site-packages'
[1.461s] Level 1:colcon.colcon_core.shell:create_environment_hook('tf_manager', 'pythonpath')
[1.461s] INFO:colcon.colcon_core.shell:Creating environment hook '/home/abhirup/slam_platform/install/tf_manager/share/tf_manager/hook/pythonpath.ps1'
[1.462s] DEBUG:colcon.colcon_core.event_handler.log_command:Invoked command in '/home/abhirup/slam_platform/slam_ws/src/tf_manager' returned '0': DEBUGINFOD_URLS=https://debuginfod.ubuntu.com PYTHONPATH=/home/abhirup/slam_platform/build/tf_manager/prefix_override:/usr/lib/python3/dist-packages/colcon_core/task/python/colcon_distutils_commands:/home/abhirup/slam_platform/install/tf_manager/lib/python3.12/site-packages:${PYTHONPATH} /usr/bin/python3 -W ignore:setup.py install is deprecated -W ignore:easy_install command is deprecated setup.py egg_info --egg-base ../../../build/tf_manager build --build-base /home/abhirup/slam_platform/build/tf_manager/build install --record /home/abhirup/slam_platform/build/tf_manager/install.log --single-version-externally-managed install_data
[1.462s] INFO:colcon.colcon_core.shell:Creating environment descriptor '/home/abhirup/slam_platform/install/tf_manager/share/tf_manager/hook/pythonpath.dsv'
[1.462s] INFO:colcon.colcon_core.shell:Creating environment hook '/home/abhirup/slam_platform/install/tf_manager/share/tf_manager/hook/pythonpath.sh'
[1.462s] Level 1:colcon.colcon_core.environment:checking '/home/abhirup/slam_platform/install/tf_manager/bin'
[1.462s] Level 1:colcon.colcon_core.environment:create_environment_scripts_only(tf_manager)
[1.462s] INFO:colcon.colcon_core.shell:Creating package script '/home/abhirup/slam_platform/install/tf_manager/share/tf_manager/package.ps1'
[1.462s] INFO:colcon.colcon_core.shell:Creating package descriptor '/home/abhirup/slam_platform/install/tf_manager/share/tf_manager/package.dsv'
[1.463s] INFO:colcon.colcon_core.shell:Creating package script '/home/abhirup/slam_platform/install/tf_manager/share/tf_manager/package.sh'
[1.463s] INFO:colcon.colcon_core.shell:Creating package script '/home/abhirup/slam_platform/install/tf_manager/share/tf_manager/package.bash'
[1.463s] INFO:colcon.colcon_core.shell:Creating package script '/home/abhirup/slam_platform/install/tf_manager/share/tf_manager/package.zsh'
[1.463s] Level 1:colcon.colcon_core.environment:create_file_with_runtime_dependencies(/home/abhirup/slam_platform/install/tf_manager/share/colcon-core/packages/tf_manager)
[1.482s] Level 1:colcon.colcon_core.environment:checking '/home/abhirup/slam_platform/install/robot_bringup' for CMake module files
[1.482s] DEBUG:colcon.colcon_core.event_handler.log_command:Invoked command in '/home/abhirup/slam_platform/slam_ws/src/robot_bringup' returned '0': DEBUGINFOD_URLS=https://debuginfod.ubuntu.com PYTHONPATH=/home/abhirup/slam_platform/build/robot_bringup/prefix_override:/usr/lib/python3/dist-packages/colcon_core/task/python/colcon_distutils_commands:/home/abhirup/slam_platform/install/robot_bringup/lib/python3.12/site-packages:${PYTHONPATH} /usr/bin/python3 -W ignore:setup.py install is deprecated -W ignore:easy_install command is deprecated setup.py egg_info --egg-base ../../../build/robot_bringup build --build-base /home/abhirup/slam_platform/build/robot_bringup/build install --record /home/abhirup/slam_platform/build/robot_bringup/install.log --single-version-externally-managed install_data
[1.483s] Level 1:colcon.colcon_core.environment:checking '/home/abhirup/slam_platform/install/robot_bringup' for CMake config files
[1.483s] Level 1:colcon.colcon_core.environment:checking '/home/abhirup/slam_platform/install/robot_bringup/lib'
[1.483s] Level 1:colcon.colcon_core.environment:checking '/home/abhirup/slam_platform/install/robot_bringup/bin'
[1.483s] Level 1:colcon.colcon_core.environment:checking '/home/abhirup/slam_platform/install/robot_bringup/lib/pkgconfig/robot_bringup.pc'
[1.483s] Level 1:colcon.colcon_core.environment:checking '/home/abhirup/slam_platform/install/robot_bringup/lib/python3.12/site-packages'
[1.483s] Level 1:colcon.colcon_core.shell:create_environment_hook('robot_bringup', 'pythonpath')
[1.483s] INFO:colcon.colcon_core.shell:Creating environment hook '/home/abhirup/slam_platform/install/robot_bringup/share/robot_bringup/hook/pythonpath.ps1'
[1.483s] INFO:colcon.colcon_core.shell:Creating environment descriptor '/home/abhirup/slam_platform/install/robot_bringup/share/robot_bringup/hook/pythonpath.dsv'
[1.483s] INFO:colcon.colcon_core.shell:Creating environment hook '/home/abhirup/slam_platform/install/robot_bringup/share/robot_bringup/hook/pythonpath.sh'
[1.484s] Level 1:colcon.colcon_core.environment:checking '/home/abhirup/slam_platform/install/robot_bringup/bin'
[1.484s] Level 1:colcon.colcon_core.environment:create_environment_scripts_only(robot_bringup)
[1.484s] INFO:colcon.colcon_core.shell:Creating package script '/home/abhirup/slam_platform/install/robot_bringup/share/robot_bringup/package.ps1'
[1.484s] INFO:colcon.colcon_core.shell:Creating package descriptor '/home/abhirup/slam_platform/install/robot_bringup/share/robot_bringup/package.dsv'
[1.484s] INFO:colcon.colcon_core.shell:Creating package script '/home/abhirup/slam_platform/install/robot_bringup/share/robot_bringup/package.sh'
[1.484s] INFO:colcon.colcon_core.shell:Creating package script '/home/abhirup/slam_platform/install/robot_bringup/share/robot_bringup/package.bash'
[1.485s] INFO:colcon.colcon_core.shell:Creating package script '/home/abhirup/slam_platform/install/robot_bringup/share/robot_bringup/package.zsh'
[1.485s] Level 1:colcon.colcon_core.environment:create_file_with_runtime_dependencies(/home/abhirup/slam_platform/install/robot_bringup/share/colcon-core/packages/robot_bringup)
[1.485s] Level 1:colcon.colcon_core.environment:checking '/home/abhirup/slam_platform/install/ground_truth_provider' for CMake module files
[1.485s] DEBUG:colcon.colcon_core.event_handler.log_command:Invoked command in '/home/abhirup/slam_platform/slam_ws/src/ground_truth_provider' returned '0': DEBUGINFOD_URLS=https://debuginfod.ubuntu.com PYTHONPATH=/home/abhirup/slam_platform/build/ground_truth_provider/prefix_override:/usr/lib/python3/dist-packages/colcon_core/task/python/colcon_distutils_commands:/home/abhirup/slam_platform/install/ground_truth_provider/lib/python3.12/site-packages:${PYTHONPATH} /usr/bin/python3 -W ignore:setup.py install is deprecated -W ignore:easy_install command is deprecated setup.py egg_info --egg-base ../../../build/ground_truth_provider build --build-base /home/abhirup/slam_platform/build/ground_truth_provider/build install --record /home/abhirup/slam_platform/build/ground_truth_provider/install.log --single-version-externally-managed install_data
[1.486s] Level 1:colcon.colcon_core.environment:checking '/home/abhirup/slam_platform/install/ground_truth_provider' for CMake config files
[1.486s] Level 1:colcon.colcon_core.environment:checking '/home/abhirup/slam_platform/install/ground_truth_provider/lib'
[1.486s] Level 1:colcon.colcon_core.environment:checking '/home/abhirup/slam_platform/install/ground_truth_provider/bin'
[1.486s] Level 1:colcon.colcon_core.environment:checking '/home/abhirup/slam_platform/install/ground_truth_provider/lib/pkgconfig/ground_truth_provider.pc'
[1.486s] Level 1:colcon.colcon_core.environment:checking '/home/abhirup/slam_platform/install/ground_truth_provider/lib/python3.12/site-packages'
[1.486s] Level 1:colcon.colcon_core.shell:create_environment_hook('ground_truth_provider', 'pythonpath')
[1.486s] INFO:colcon.colcon_core.shell:Creating environment hook '/home/abhirup/slam_platform/install/ground_truth_provider/share/ground_truth_provider/hook/pythonpath.ps1'
[1.486s] INFO:colcon.colcon_core.shell:Creating environment descriptor '/home/abhirup/slam_platform/install/ground_truth_provider/share/ground_truth_provider/hook/pythonpath.dsv'
[1.486s] INFO:colcon.colcon_core.shell:Creating environment hook '/home/abhirup/slam_platform/install/ground_truth_provider/share/ground_truth_provider/hook/pythonpath.sh'
[1.487s] Level 1:colcon.colcon_core.environment:checking '/home/abhirup/slam_platform/install/ground_truth_provider/bin'
[1.487s] Level 1:colcon.colcon_core.environment:create_environment_scripts_only(ground_truth_provider)
[1.487s] INFO:colcon.colcon_core.shell:Creating package script '/home/abhirup/slam_platform/install/ground_truth_provider/share/ground_truth_provider/package.ps1'
[1.487s] INFO:colcon.colcon_core.shell:Creating package descriptor '/home/abhirup/slam_platform/install/ground_truth_provider/share/ground_truth_provider/package.dsv'
[1.487s] INFO:colcon.colcon_core.shell:Creating package script '/home/abhirup/slam_platform/install/ground_truth_provider/share/ground_truth_provider/package.sh'
[1.487s] INFO:colcon.colcon_core.shell:Creating package script '/home/abhirup/slam_platform/install/ground_truth_provider/share/ground_truth_provider/package.bash'
[1.487s] INFO:colcon.colcon_core.shell:Creating package script '/home/abhirup/slam_platform/install/ground_truth_provider/share/ground_truth_provider/package.zsh'
[1.487s] Level 1:colcon.colcon_core.environment:create_file_with_runtime_dependencies(/home/abhirup/slam_platform/install/ground_truth_provider/share/colcon-core/packages/ground_truth_provider)
[1.528s] Level 1:colcon.colcon_core.environment:checking '/home/abhirup/slam_platform/install/sensor_adapter' for CMake module files
[1.528s] DEBUG:colcon.colcon_core.event_handler.log_command:Invoked command in '/home/abhirup/slam_platform/slam_ws/src/sensor_adapter' returned '0': DEBUGINFOD_URLS=https://debuginfod.ubuntu.com PYTHONPATH=/home/abhirup/slam_platform/build/sensor_adapter/prefix_override:/usr/lib/python3/dist-packages/colcon_core/task/python/colcon_distutils_commands:/home/abhirup/slam_platform/install/sensor_adapter/lib/python3.12/site-packages:${PYTHONPATH} /usr/bin/python3 -W ignore:setup.py install is deprecated -W ignore:easy_install command is deprecated setup.py egg_info --egg-base ../../../build/sensor_adapter build --build-base /home/abhirup/slam_platform/build/sensor_adapter/build install --record /home/abhirup/slam_platform/build/sensor_adapter/install.log --single-version-externally-managed install_data
[1.529s] Level 1:colcon.colcon_core.environment:checking '/home/abhirup/slam_platform/install/sensor_adapter' for CMake config files
[1.529s] Level 1:colcon.colcon_core.environment:checking '/home/abhirup/slam_platform/install/sensor_adapter/lib'
[1.529s] Level 1:colcon.colcon_core.environment:checking '/home/abhirup/slam_platform/install/sensor_adapter/bin'
[1.529s] Level 1:colcon.colcon_core.environment:checking '/home/abhirup/slam_platform/install/sensor_adapter/lib/pkgconfig/sensor_adapter.pc'
[1.529s] Level 1:colcon.colcon_core.environment:checking '/home/abhirup/slam_platform/install/sensor_adapter/lib/python3.12/site-packages'
[1.529s] Level 1:colcon.colcon_core.shell:create_environment_hook('sensor_adapter', 'pythonpath')
[1.530s] INFO:colcon.colcon_core.shell:Creating environment hook '/home/abhirup/slam_platform/install/sensor_adapter/share/sensor_adapter/hook/pythonpath.ps1'
[1.530s] INFO:colcon.colcon_core.shell:Creating environment descriptor '/home/abhirup/slam_platform/install/sensor_adapter/share/sensor_adapter/hook/pythonpath.dsv'
[1.530s] INFO:colcon.colcon_core.shell:Creating environment hook '/home/abhirup/slam_platform/install/sensor_adapter/share/sensor_adapter/hook/pythonpath.sh'
[1.531s] Level 1:colcon.colcon_core.environment:checking '/home/abhirup/slam_platform/install/sensor_adapter/bin'
[1.531s] Level 1:colcon.colcon_core.environment:create_environment_scripts_only(sensor_adapter)
[1.531s] INFO:colcon.colcon_core.shell:Creating package script '/home/abhirup/slam_platform/install/sensor_adapter/share/sensor_adapter/package.ps1'
[1.531s] INFO:colcon.colcon_core.shell:Creating package descriptor '/home/abhirup/slam_platform/install/sensor_adapter/share/sensor_adapter/package.dsv'
[1.532s] INFO:colcon.colcon_core.shell:Creating package script '/home/abhirup/slam_platform/install/sensor_adapter/share/sensor_adapter/package.sh'
[1.532s] INFO:colcon.colcon_core.shell:Creating package script '/home/abhirup/slam_platform/install/sensor_adapter/share/sensor_adapter/package.bash'
[1.532s] INFO:colcon.colcon_core.shell:Creating package script '/home/abhirup/slam_platform/install/sensor_adapter/share/sensor_adapter/package.zsh'
[1.532s] Level 1:colcon.colcon_core.environment:create_file_with_runtime_dependencies(/home/abhirup/slam_platform/install/sensor_adapter/share/colcon-core/packages/sensor_adapter)
[1.532s] DEBUG:colcon.colcon_parallel_executor.executor.parallel:closing loop
[1.533s] DEBUG:colcon.colcon_parallel_executor.executor.parallel:loop closed
[1.533s] DEBUG:colcon.colcon_parallel_executor.executor.parallel:run_until_complete finished with '0'
[1.533s] DEBUG:colcon.colcon_core.event_reactor:joining thread
[1.537s] INFO:colcon.colcon_core.plugin_system:Skipping extension 'colcon_notification.desktop_notification.terminal_notifier': Not used on non-Darwin systems
[1.537s] INFO:colcon.colcon_core.plugin_system:Skipping extension 'colcon_notification.desktop_notification.win32': Not used on non-Windows systems
[1.537s] INFO:colcon.colcon_notification.desktop_notification:Sending desktop notification using 'notify2'
[1.544s] DEBUG:colcon.colcon_core.event_reactor:joined thread
[1.544s] INFO:colcon.colcon_core.shell:Creating prefix script '/home/abhirup/slam_platform/install/local_setup.ps1'
[1.545s] INFO:colcon.colcon_core.shell:Creating prefix util module '/home/abhirup/slam_platform/install/_local_setup_util_ps1.py'
[1.546s] INFO:colcon.colcon_core.shell:Creating prefix chain script '/home/abhirup/slam_platform/install/setup.ps1'
[1.547s] INFO:colcon.colcon_core.shell:Creating prefix script '/home/abhirup/slam_platform/install/local_setup.sh'
[1.547s] INFO:colcon.colcon_core.shell:Creating prefix util module '/home/abhirup/slam_platform/install/_local_setup_util_sh.py'
[1.547s] INFO:colcon.colcon_core.shell:Creating prefix chain script '/home/abhirup/slam_platform/install/setup.sh'
[1.548s] INFO:colcon.colcon_core.shell:Creating prefix script '/home/abhirup/slam_platform/install/local_setup.bash'
[1.548s] INFO:colcon.colcon_core.shell:Creating prefix chain script '/home/abhirup/slam_platform/install/setup.bash'
[1.548s] INFO:colcon.colcon_core.shell:Creating prefix script '/home/abhirup/slam_platform/install/local_setup.zsh'
[1.548s] INFO:colcon.colcon_core.shell:Creating prefix chain script '/home/abhirup/slam_platform/install/setup.zsh'
