[0.047s] DEBUG:colcon:Command line arguments: ['/usr/bin/colcon', 'build', '--symlink-install']
[0.047s] DEBUG:colcon:Parsed command line arguments: Namespace(log_base=None, log_level=None, verb_name='build', build_base='build', install_base='install', merge_install=False, symlink_install=True, test_result_base=None, continue_on_error=False, executor='parallel', parallel_workers=28, event_handlers=None, ignore_user_meta=False, metas=['./colcon.meta'], base_paths=['.'], packages_ignore=None, packages_ignore_regex=None, paths=None, packages_up_to=None, packages_up_to_regex=None, packages_above=None, packages_above_and_dependencies=None, packages_above_depth=None, packages_select_by_dep=None, packages_skip_by_dep=None, packages_skip_up_to=None, packages_select_build_failed=False, packages_skip_build_finished=False, packages_select_test_failures=False, packages_skip_test_passed=False, packages_select=None, packages_skip=None, packages_select_regex=None, packages_skip_regex=None, packages_start=None, packages_end=None, allow_overriding=[], cmake_args=None, cmake_target=None, cmake_target_skip_unavailable=False, cmake_clean_cache=False, cmake_clean_first=False, cmake_force_configure=False, ament_cmake_args=None, catkin_cmake_args=None, catkin_skip_building_tests=False, verb_parser=<colcon_defaults.argument_parser.defaults.DefaultArgumentsDecorator object at 0x707bf6a57dd0>, verb_extension=<colcon_core.verb.build.BuildVerb object at 0x707bf6ba4a40>, main=<bound method BuildVerb.main of <colcon_core.verb.build.BuildVerb object at 0x707bf6ba4a40>>)
[0.065s] Level 1:colcon.colcon_core.package_discovery:discover_packages(colcon_meta) check parameters
[0.065s] Level 1:colcon.colcon_core.package_discovery:discover_packages(recursive) check parameters
[0.065s] Level 1:colcon.colcon_core.package_discovery:discover_packages(ignore) check parameters
[0.065s] Level 1:colcon.colcon_core.package_discovery:discover_packages(path) check parameters
[0.065s] Level 1:colcon.colcon_core.package_discovery:discover_packages(colcon_meta) discover
[0.065s] Level 1:colcon.colcon_core.package_discovery:discover_packages(recursive) discover
[0.065s] INFO:colcon.colcon_core.package_discovery:Crawling recursively for packages in '/home/abhirup/slam_platform/slam_ws'
[0.065s] Level 1:colcon.colcon_core.package_identification:_identify(.) by extensions ['ignore', 'ignore_ament_install']
[0.065s] Level 1:colcon.colcon_core.package_identification:_identify(.) by extension 'ignore'
[0.065s] Level 1:colcon.colcon_core.package_identification:_identify(.) by extension 'ignore_ament_install'
[0.066s] Level 1:colcon.colcon_core.package_identification:_identify(.) by extensions ['colcon_pkg']
[0.066s] Level 1:colcon.colcon_core.package_identification:_identify(.) by extension 'colcon_pkg'
[0.066s] Level 1:colcon.colcon_core.package_identification:_identify(.) by extensions ['colcon_meta']
[0.066s] Level 1:colcon.colcon_core.package_identification:_identify(.) by extension 'colcon_meta'
[0.066s] Level 1:colcon.colcon_core.package_identification:_identify(.) by extensions ['ros']
[0.066s] Level 1:colcon.colcon_core.package_identification:_identify(.) by extension 'ros'
[0.078s] Level 1:colcon.colcon_core.package_identification:_identify(.) by extensions ['cmake', 'python']
[0.078s] Level 1:colcon.colcon_core.package_identification:_identify(.) by extension 'cmake'
[0.078s] Level 1:colcon.colcon_core.package_identification:_identify(.) by extension 'python'
[0.078s] Level 1:colcon.colcon_core.package_identification:_identify(.) by extensions ['python_setup_py']
[0.078s] Level 1:colcon.colcon_core.package_identification:_identify(.) by extension 'python_setup_py'
[0.078s] Level 1:colcon.colcon_core.package_identification:_identify(build) by extensions ['ignore', 'ignore_ament_install']
[0.078s] Level 1:colcon.colcon_core.package_identification:_identify(build) by extension 'ignore'
[0.078s] Level 1:colcon.colcon_core.package_identification:_identify(build) ignored
[0.078s] Level 1:colcon.colcon_core.package_identification:_identify(install) by extensions ['ignore', 'ignore_ament_install']
[0.079s] Level 1:colcon.colcon_core.package_identification:_identify(install) by extension 'ignore'
[0.079s] Level 1:colcon.colcon_core.package_identification:_identify(install) ignored
[0.079s] Level 1:colcon.colcon_core.package_identification:_identify(log) by extensions ['ignore', 'ignore_ament_install']
[0.079s] Level 1:colcon.colcon_core.package_identification:_identify(log) by extension 'ignore'
[0.079s] Level 1:colcon.colcon_core.package_identification:_identify(log) ignored
[0.079s] Level 1:colcon.colcon_core.package_identification:_identify(robots) by extensions ['ignore', 'ignore_ament_install']
[0.079s] Level 1:colcon.colcon_core.package_identification:_identify(robots) by extension 'ignore'
[0.079s] Level 1:colcon.colcon_core.package_identification:_identify(robots) by extension 'ignore_ament_install'
[0.079s] Level 1:colcon.colcon_core.package_identification:_identify(robots) by extensions ['colcon_pkg']
[0.079s] Level 1:colcon.colcon_core.package_identification:_identify(robots) by extension 'colcon_pkg'
[0.079s] Level 1:colcon.colcon_core.package_identification:_identify(robots) by extensions ['colcon_meta']
[0.079s] Level 1:colcon.colcon_core.package_identification:_identify(robots) by extension 'colcon_meta'
[0.079s] Level 1:colcon.colcon_core.package_identification:_identify(robots) by extensions ['ros']
[0.079s] Level 1:colcon.colcon_core.package_identification:_identify(robots) by extension 'ros'
[0.079s] Level 1:colcon.colcon_core.package_identification:_identify(robots) by extensions ['cmake', 'python']
[0.079s] Level 1:colcon.colcon_core.package_identification:_identify(robots) by extension 'cmake'
[0.079s] Level 1:colcon.colcon_core.package_identification:_identify(robots) by extension 'python'
[0.079s] Level 1:colcon.colcon_core.package_identification:_identify(robots) by extensions ['python_setup_py']
[0.079s] Level 1:colcon.colcon_core.package_identification:_identify(robots) by extension 'python_setup_py'
[0.079s] Level 1:colcon.colcon_core.package_identification:_identify(robots/ackerman_robot) by extensions ['ignore', 'ignore_ament_install']
[0.079s] Level 1:colcon.colcon_core.package_identification:_identify(robots/ackerman_robot) by extension 'ignore'
[0.079s] Level 1:colcon.colcon_core.package_identification:_identify(robots/ackerman_robot) by extension 'ignore_ament_install'
[0.079s] Level 1:colcon.colcon_core.package_identification:_identify(robots/ackerman_robot) by extensions ['colcon_pkg']
[0.079s] Level 1:colcon.colcon_core.package_identification:_identify(robots/ackerman_robot) by extension 'colcon_pkg'
[0.079s] Level 1:colcon.colcon_core.package_identification:_identify(robots/ackerman_robot) by extensions ['colcon_meta']
[0.079s] Level 1:colcon.colcon_core.package_identification:_identify(robots/ackerman_robot) by extension 'colcon_meta'
[0.079s] Level 1:colcon.colcon_core.package_identification:_identify(robots/ackerman_robot) by extensions ['ros']
[0.079s] Level 1:colcon.colcon_core.package_identification:_identify(robots/ackerman_robot) by extension 'ros'
[0.079s] Level 1:colcon.colcon_core.package_identification:_identify(robots/ackerman_robot) by extensions ['cmake', 'python']
[0.079s] Level 1:colcon.colcon_core.package_identification:_identify(robots/ackerman_robot) by extension 'cmake'
[0.079s] Level 1:colcon.colcon_core.package_identification:_identify(robots/ackerman_robot) by extension 'python'
[0.079s] Level 1:colcon.colcon_core.package_identification:_identify(robots/ackerman_robot) by extensions ['python_setup_py']
[0.079s] Level 1:colcon.colcon_core.package_identification:_identify(robots/ackerman_robot) by extension 'python_setup_py'
[0.079s] Level 1:colcon.colcon_core.package_identification:_identify(robots/differential_robot) by extensions ['ignore', 'ignore_ament_install']
[0.079s] Level 1:colcon.colcon_core.package_identification:_identify(robots/differential_robot) by extension 'ignore'
[0.079s] Level 1:colcon.colcon_core.package_identification:_identify(robots/differential_robot) by extension 'ignore_ament_install'
[0.079s] Level 1:colcon.colcon_core.package_identification:_identify(robots/differential_robot) by extensions ['colcon_pkg']
[0.079s] Level 1:colcon.colcon_core.package_identification:_identify(robots/differential_robot) by extension 'colcon_pkg'
[0.079s] Level 1:colcon.colcon_core.package_identification:_identify(robots/differential_robot) by extensions ['colcon_meta']
[0.079s] Level 1:colcon.colcon_core.package_identification:_identify(robots/differential_robot) by extension 'colcon_meta'
[0.079s] Level 1:colcon.colcon_core.package_identification:_identify(robots/differential_robot) by extensions ['ros']
[0.079s] Level 1:colcon.colcon_core.package_identification:_identify(robots/differential_robot) by extension 'ros'
[0.079s] Level 1:colcon.colcon_core.package_identification:_identify(robots/differential_robot) by extensions ['cmake', 'python']
[0.079s] Level 1:colcon.colcon_core.package_identification:_identify(robots/differential_robot) by extension 'cmake'
[0.079s] Level 1:colcon.colcon_core.package_identification:_identify(robots/differential_robot) by extension 'python'
[0.079s] Level 1:colcon.colcon_core.package_identification:_identify(robots/differential_robot) by extensions ['python_setup_py']
[0.080s] Level 1:colcon.colcon_core.package_identification:_identify(robots/differential_robot) by extension 'python_setup_py'
[0.080s] Level 1:colcon.colcon_core.package_identification:_identify(robots/differential_robot/config) by extensions ['ignore', 'ignore_ament_install']
[0.080s] Level 1:colcon.colcon_core.package_identification:_identify(robots/differential_robot/config) by extension 'ignore'
[0.080s] Level 1:colcon.colcon_core.package_identification:_identify(robots/differential_robot/config) by extension 'ignore_ament_install'
[0.080s] Level 1:colcon.colcon_core.package_identification:_identify(robots/differential_robot/config) by extensions ['colcon_pkg']
[0.080s] Level 1:colcon.colcon_core.package_identification:_identify(robots/differential_robot/config) by extension 'colcon_pkg'
[0.080s] Level 1:colcon.colcon_core.package_identification:_identify(robots/differential_robot/config) by extensions ['colcon_meta']
[0.080s] Level 1:colcon.colcon_core.package_identification:_identify(robots/differential_robot/config) by extension 'colcon_meta'
[0.080s] Level 1:colcon.colcon_core.package_identification:_identify(robots/differential_robot/config) by extensions ['ros']
[0.080s] Level 1:colcon.colcon_core.package_identification:_identify(robots/differential_robot/config) by extension 'ros'
[0.080s] Level 1:colcon.colcon_core.package_identification:_identify(robots/differential_robot/config) by extensions ['cmake', 'python']
[0.080s] Level 1:colcon.colcon_core.package_identification:_identify(robots/differential_robot/config) by extension 'cmake'
[0.080s] Level 1:colcon.colcon_core.package_identification:_identify(robots/differential_robot/config) by extension 'python'
[0.080s] Level 1:colcon.colcon_core.package_identification:_identify(robots/differential_robot/config) by extensions ['python_setup_py']
[0.080s] Level 1:colcon.colcon_core.package_identification:_identify(robots/differential_robot/config) by extension 'python_setup_py'
[0.080s] Level 1:colcon.colcon_core.package_identification:_identify(robots/differential_robot/meshes) by extensions ['ignore', 'ignore_ament_install']
[0.080s] Level 1:colcon.colcon_core.package_identification:_identify(robots/differential_robot/meshes) by extension 'ignore'
[0.080s] Level 1:colcon.colcon_core.package_identification:_identify(robots/differential_robot/meshes) by extension 'ignore_ament_install'
[0.080s] Level 1:colcon.colcon_core.package_identification:_identify(robots/differential_robot/meshes) by extensions ['colcon_pkg']
[0.080s] Level 1:colcon.colcon_core.package_identification:_identify(robots/differential_robot/meshes) by extension 'colcon_pkg'
[0.080s] Level 1:colcon.colcon_core.package_identification:_identify(robots/differential_robot/meshes) by extensions ['colcon_meta']
[0.080s] Level 1:colcon.colcon_core.package_identification:_identify(robots/differential_robot/meshes) by extension 'colcon_meta'
[0.080s] Level 1:colcon.colcon_core.package_identification:_identify(robots/differential_robot/meshes) by extensions ['ros']
[0.080s] Level 1:colcon.colcon_core.package_identification:_identify(robots/differential_robot/meshes) by extension 'ros'
[0.080s] Level 1:colcon.colcon_core.package_identification:_identify(robots/differential_robot/meshes) by extensions ['cmake', 'python']
[0.080s] Level 1:colcon.colcon_core.package_identification:_identify(robots/differential_robot/meshes) by extension 'cmake'
[0.080s] Level 1:colcon.colcon_core.package_identification:_identify(robots/differential_robot/meshes) by extension 'python'
[0.080s] Level 1:colcon.colcon_core.package_identification:_identify(robots/differential_robot/meshes) by extensions ['python_setup_py']
[0.080s] Level 1:colcon.colcon_core.package_identification:_identify(robots/differential_robot/meshes) by extension 'python_setup_py'
[0.080s] Level 1:colcon.colcon_core.package_identification:_identify(robots/differential_robot/urdf) by extensions ['ignore', 'ignore_ament_install']
[0.080s] Level 1:colcon.colcon_core.package_identification:_identify(robots/differential_robot/urdf) by extension 'ignore'
[0.080s] Level 1:colcon.colcon_core.package_identification:_identify(robots/differential_robot/urdf) by extension 'ignore_ament_install'
[0.080s] Level 1:colcon.colcon_core.package_identification:_identify(robots/differential_robot/urdf) by extensions ['colcon_pkg']
[0.080s] Level 1:colcon.colcon_core.package_identification:_identify(robots/differential_robot/urdf) by extension 'colcon_pkg'
[0.080s] Level 1:colcon.colcon_core.package_identification:_identify(robots/differential_robot/urdf) by extensions ['colcon_meta']
[0.080s] Level 1:colcon.colcon_core.package_identification:_identify(robots/differential_robot/urdf) by extension 'colcon_meta'
[0.080s] Level 1:colcon.colcon_core.package_identification:_identify(robots/differential_robot/urdf) by extensions ['ros']
[0.080s] Level 1:colcon.colcon_core.package_identification:_identify(robots/differential_robot/urdf) by extension 'ros'
[0.080s] Level 1:colcon.colcon_core.package_identification:_identify(robots/differential_robot/urdf) by extensions ['cmake', 'python']
[0.080s] Level 1:colcon.colcon_core.package_identification:_identify(robots/differential_robot/urdf) by extension 'cmake'
[0.080s] Level 1:colcon.colcon_core.package_identification:_identify(robots/differential_robot/urdf) by extension 'python'
[0.080s] Level 1:colcon.colcon_core.package_identification:_identify(robots/differential_robot/urdf) by extensions ['python_setup_py']
[0.080s] Level 1:colcon.colcon_core.package_identification:_identify(robots/differential_robot/urdf) by extension 'python_setup_py'
[0.080s] Level 1:colcon.colcon_core.package_identification:_identify(robots/differential_robot/urdf/build) by extensions ['ignore', 'ignore_ament_install']
[0.080s] Level 1:colcon.colcon_core.package_identification:_identify(robots/differential_robot/urdf/build) by extension 'ignore'
[0.080s] Level 1:colcon.colcon_core.package_identification:_identify(robots/differential_robot/urdf/build) ignored
[0.080s] Level 1:colcon.colcon_core.package_identification:_identify(robots/differential_robot/urdf/install) by extensions ['ignore', 'ignore_ament_install']
[0.080s] Level 1:colcon.colcon_core.package_identification:_identify(robots/differential_robot/urdf/install) by extension 'ignore'
[0.080s] Level 1:colcon.colcon_core.package_identification:_identify(robots/differential_robot/urdf/install) ignored
[0.081s] Level 1:colcon.colcon_core.package_identification:_identify(robots/differential_robot/urdf/log) by extensions ['ignore', 'ignore_ament_install']
[0.081s] Level 1:colcon.colcon_core.package_identification:_identify(robots/differential_robot/urdf/log) by extension 'ignore'
[0.081s] Level 1:colcon.colcon_core.package_identification:_identify(robots/differential_robot/urdf/log) ignored
[0.081s] Level 1:colcon.colcon_core.package_identification:_identify(src) by extensions ['ignore', 'ignore_ament_install']
[0.081s] Level 1:colcon.colcon_core.package_identification:_identify(src) by extension 'ignore'
[0.081s] Level 1:colcon.colcon_core.package_identification:_identify(src) by extension 'ignore_ament_install'
[0.081s] Level 1:colcon.colcon_core.package_identification:_identify(src) by extensions ['colcon_pkg']
[0.081s] Level 1:colcon.colcon_core.package_identification:_identify(src) by extension 'colcon_pkg'
[0.081s] Level 1:colcon.colcon_core.package_identification:_identify(src) by extensions ['colcon_meta']
[0.081s] Level 1:colcon.colcon_core.package_identification:_identify(src) by extension 'colcon_meta'
[0.081s] Level 1:colcon.colcon_core.package_identification:_identify(src) by extensions ['ros']
[0.081s] Level 1:colcon.colcon_core.package_identification:_identify(src) by extension 'ros'
[0.081s] Level 1:colcon.colcon_core.package_identification:_identify(src) by extensions ['cmake', 'python']
[0.081s] Level 1:colcon.colcon_core.package_identification:_identify(src) by extension 'cmake'
[0.081s] Level 1:colcon.colcon_core.package_identification:_identify(src) by extension 'python'
[0.081s] Level 1:colcon.colcon_core.package_identification:_identify(src) by extensions ['python_setup_py']
[0.081s] Level 1:colcon.colcon_core.package_identification:_identify(src) by extension 'python_setup_py'
[0.081s] Level 1:colcon.colcon_core.package_identification:_identify(src/evaluator_ros) by extensions ['ignore', 'ignore_ament_install']
[0.081s] Level 1:colcon.colcon_core.package_identification:_identify(src/evaluator_ros) by extension 'ignore'
[0.081s] Level 1:colcon.colcon_core.package_identification:_identify(src/evaluator_ros) by extension 'ignore_ament_install'
[0.081s] Level 1:colcon.colcon_core.package_identification:_identify(src/evaluator_ros) by extensions ['colcon_pkg']
[0.081s] Level 1:colcon.colcon_core.package_identification:_identify(src/evaluator_ros) by extension 'colcon_pkg'
[0.081s] Level 1:colcon.colcon_core.package_identification:_identify(src/evaluator_ros) by extensions ['colcon_meta']
[0.081s] Level 1:colcon.colcon_core.package_identification:_identify(src/evaluator_ros) by extension 'colcon_meta'
[0.081s] Level 1:colcon.colcon_core.package_identification:_identify(src/evaluator_ros) by extensions ['ros']
[0.081s] Level 1:colcon.colcon_core.package_identification:_identify(src/evaluator_ros) by extension 'ros'
[0.082s] DEBUG:colcon.colcon_core.package_identification:Package 'src/evaluator_ros' with type 'ros.ament_python' and name 'evaluator_ros'
[0.082s] Level 1:colcon.colcon_core.package_identification:_identify(src/experiment_manager) by extensions ['ignore', 'ignore_ament_install']
[0.082s] Level 1:colcon.colcon_core.package_identification:_identify(src/experiment_manager) by extension 'ignore'
[0.082s] Level 1:colcon.colcon_core.package_identification:_identify(src/experiment_manager) by extension 'ignore_ament_install'
[0.082s] Level 1:colcon.colcon_core.package_identification:_identify(src/experiment_manager) by extensions ['colcon_pkg']
[0.082s] Level 1:colcon.colcon_core.package_identification:_identify(src/experiment_manager) by extension 'colcon_pkg'
[0.082s] Level 1:colcon.colcon_core.package_identification:_identify(src/experiment_manager) by extensions ['colcon_meta']
[0.082s] Level 1:colcon.colcon_core.package_identification:_identify(src/experiment_manager) by extension 'colcon_meta'
[0.082s] Level 1:colcon.colcon_core.package_identification:_identify(src/experiment_manager) by extensions ['ros']
[0.082s] Level 1:colcon.colcon_core.package_identification:_identify(src/experiment_manager) by extension 'ros'
[0.083s] DEBUG:colcon.colcon_core.package_identification:Package 'src/experiment_manager' with type 'ros.ament_python' and name 'experiment_manager'
[0.083s] Level 1:colcon.colcon_core.package_identification:_identify(src/groung_truth_provider) by extensions ['ignore', 'ignore_ament_install']
[0.083s] Level 1:colcon.colcon_core.package_identification:_identify(src/groung_truth_provider) by extension 'ignore'
[0.083s] Level 1:colcon.colcon_core.package_identification:_identify(src/groung_truth_provider) by extension 'ignore_ament_install'
[0.083s] Level 1:colcon.colcon_core.package_identification:_identify(src/groung_truth_provider) by extensions ['colcon_pkg']
[0.083s] Level 1:colcon.colcon_core.package_identification:_identify(src/groung_truth_provider) by extension 'colcon_pkg'
[0.083s] Level 1:colcon.colcon_core.package_identification:_identify(src/groung_truth_provider) by extensions ['colcon_meta']
[0.083s] Level 1:colcon.colcon_core.package_identification:_identify(src/groung_truth_provider) by extension 'colcon_meta'
[0.083s] Level 1:colcon.colcon_core.package_identification:_identify(src/groung_truth_provider) by extensions ['ros']
[0.083s] Level 1:colcon.colcon_core.package_identification:_identify(src/groung_truth_provider) by extension 'ros'
[0.083s] DEBUG:colcon.colcon_core.package_identification:Package 'src/groung_truth_provider' with type 'ros.ament_python' and name 'groung_truth_provider'
[0.083s] Level 1:colcon.colcon_core.package_identification:_identify(src/robot_bringup) by extensions ['ignore', 'ignore_ament_install']
[0.083s] Level 1:colcon.colcon_core.package_identification:_identify(src/robot_bringup) by extension 'ignore'
[0.083s] Level 1:colcon.colcon_core.package_identification:_identify(src/robot_bringup) by extension 'ignore_ament_install'
[0.083s] Level 1:colcon.colcon_core.package_identification:_identify(src/robot_bringup) by extensions ['colcon_pkg']
[0.083s] Level 1:colcon.colcon_core.package_identification:_identify(src/robot_bringup) by extension 'colcon_pkg'
[0.083s] Level 1:colcon.colcon_core.package_identification:_identify(src/robot_bringup) by extensions ['colcon_meta']
[0.083s] Level 1:colcon.colcon_core.package_identification:_identify(src/robot_bringup) by extension 'colcon_meta'
[0.083s] Level 1:colcon.colcon_core.package_identification:_identify(src/robot_bringup) by extensions ['ros']
[0.083s] Level 1:colcon.colcon_core.package_identification:_identify(src/robot_bringup) by extension 'ros'
[0.084s] DEBUG:colcon.colcon_core.package_identification:Package 'src/robot_bringup' with type 'ros.ament_python' and name 'robot_bringup'
[0.084s] Level 1:colcon.colcon_core.package_identification:_identify(src/ros_gz_bridge_manager) by extensions ['ignore', 'ignore_ament_install']
[0.084s] Level 1:colcon.colcon_core.package_identification:_identify(src/ros_gz_bridge_manager) by extension 'ignore'
[0.084s] Level 1:colcon.colcon_core.package_identification:_identify(src/ros_gz_bridge_manager) by extension 'ignore_ament_install'
[0.084s] Level 1:colcon.colcon_core.package_identification:_identify(src/ros_gz_bridge_manager) by extensions ['colcon_pkg']
[0.084s] Level 1:colcon.colcon_core.package_identification:_identify(src/ros_gz_bridge_manager) by extension 'colcon_pkg'
[0.084s] Level 1:colcon.colcon_core.package_identification:_identify(src/ros_gz_bridge_manager) by extensions ['colcon_meta']
[0.084s] Level 1:colcon.colcon_core.package_identification:_identify(src/ros_gz_bridge_manager) by extension 'colcon_meta'
[0.084s] Level 1:colcon.colcon_core.package_identification:_identify(src/ros_gz_bridge_manager) by extensions ['ros']
[0.084s] Level 1:colcon.colcon_core.package_identification:_identify(src/ros_gz_bridge_manager) by extension 'ros'
[0.084s] DEBUG:colcon.colcon_core.package_identification:Package 'src/ros_gz_bridge_manager' with type 'ros.ament_python' and name 'ros_gz_bridge_manager'
[0.084s] Level 1:colcon.colcon_core.package_identification:_identify(src/sensor_adapter) by extensions ['ignore', 'ignore_ament_install']
[0.084s] Level 1:colcon.colcon_core.package_identification:_identify(src/sensor_adapter) by extension 'ignore'
[0.084s] Level 1:colcon.colcon_core.package_identification:_identify(src/sensor_adapter) by extension 'ignore_ament_install'
[0.084s] Level 1:colcon.colcon_core.package_identification:_identify(src/sensor_adapter) by extensions ['colcon_pkg']
[0.084s] Level 1:colcon.colcon_core.package_identification:_identify(src/sensor_adapter) by extension 'colcon_pkg'
[0.084s] Level 1:colcon.colcon_core.package_identification:_identify(src/sensor_adapter) by extensions ['colcon_meta']
[0.084s] Level 1:colcon.colcon_core.package_identification:_identify(src/sensor_adapter) by extension 'colcon_meta'
[0.084s] Level 1:colcon.colcon_core.package_identification:_identify(src/sensor_adapter) by extensions ['ros']
[0.084s] Level 1:colcon.colcon_core.package_identification:_identify(src/sensor_adapter) by extension 'ros'
[0.085s] DEBUG:colcon.colcon_core.package_identification:Package 'src/sensor_adapter' with type 'ros.ament_python' and name 'sensor_adapter'
[0.085s] Level 1:colcon.colcon_core.package_identification:_identify(src/slam_interfaces) by extensions ['ignore', 'ignore_ament_install']
[0.085s] Level 1:colcon.colcon_core.package_identification:_identify(src/slam_interfaces) by extension 'ignore'
[0.085s] Level 1:colcon.colcon_core.package_identification:_identify(src/slam_interfaces) by extension 'ignore_ament_install'
[0.085s] Level 1:colcon.colcon_core.package_identification:_identify(src/slam_interfaces) by extensions ['colcon_pkg']
[0.085s] Level 1:colcon.colcon_core.package_identification:_identify(src/slam_interfaces) by extension 'colcon_pkg'
[0.085s] Level 1:colcon.colcon_core.package_identification:_identify(src/slam_interfaces) by extensions ['colcon_meta']
[0.085s] Level 1:colcon.colcon_core.package_identification:_identify(src/slam_interfaces) by extension 'colcon_meta'
[0.085s] Level 1:colcon.colcon_core.package_identification:_identify(src/slam_interfaces) by extensions ['ros']
[0.085s] Level 1:colcon.colcon_core.package_identification:_identify(src/slam_interfaces) by extension 'ros'
[0.085s] DEBUG:colcon.colcon_core.package_identification:Package 'src/slam_interfaces' with type 'ros.ament_cmake' and name 'slam_interfaces'
[0.085s] Level 1:colcon.colcon_core.package_identification:_identify(src/tf_manager) by extensions ['ignore', 'ignore_ament_install']
[0.085s] Level 1:colcon.colcon_core.package_identification:_identify(src/tf_manager) by extension 'ignore'
[0.085s] Level 1:colcon.colcon_core.package_identification:_identify(src/tf_manager) by extension 'ignore_ament_install'
[0.085s] Level 1:colcon.colcon_core.package_identification:_identify(src/tf_manager) by extensions ['colcon_pkg']
[0.085s] Level 1:colcon.colcon_core.package_identification:_identify(src/tf_manager) by extension 'colcon_pkg'
[0.085s] Level 1:colcon.colcon_core.package_identification:_identify(src/tf_manager) by extensions ['colcon_meta']
[0.085s] Level 1:colcon.colcon_core.package_identification:_identify(src/tf_manager) by extension 'colcon_meta'
[0.085s] Level 1:colcon.colcon_core.package_identification:_identify(src/tf_manager) by extensions ['ros']
[0.085s] Level 1:colcon.colcon_core.package_identification:_identify(src/tf_manager) by extension 'ros'
[0.085s] DEBUG:colcon.colcon_core.package_identification:Package 'src/tf_manager' with type 'ros.ament_python' and name 'tf_manager'
[0.085s] Level 1:colcon.colcon_core.package_identification:_identify(src/world_manager) by extensions ['ignore', 'ignore_ament_install']
[0.085s] Level 1:colcon.colcon_core.package_identification:_identify(src/world_manager) by extension 'ignore'
[0.085s] Level 1:colcon.colcon_core.package_identification:_identify(src/world_manager) by extension 'ignore_ament_install'
[0.085s] Level 1:colcon.colcon_core.package_identification:_identify(src/world_manager) by extensions ['colcon_pkg']
[0.085s] Level 1:colcon.colcon_core.package_identification:_identify(src/world_manager) by extension 'colcon_pkg'
[0.085s] Level 1:colcon.colcon_core.package_identification:_identify(src/world_manager) by extensions ['colcon_meta']
[0.085s] Level 1:colcon.colcon_core.package_identification:_identify(src/world_manager) by extension 'colcon_meta'
[0.085s] Level 1:colcon.colcon_core.package_identification:_identify(src/world_manager) by extensions ['ros']
[0.085s] Level 1:colcon.colcon_core.package_identification:_identify(src/world_manager) by extension 'ros'
[0.086s] DEBUG:colcon.colcon_core.package_identification:Package 'src/world_manager' with type 'ros.ament_python' and name 'world_manager'
[0.086s] Level 1:colcon.colcon_core.package_identification:_identify(worlds) by extensions ['ignore', 'ignore_ament_install']
[0.086s] Level 1:colcon.colcon_core.package_identification:_identify(worlds) by extension 'ignore'
[0.086s] Level 1:colcon.colcon_core.package_identification:_identify(worlds) by extension 'ignore_ament_install'
[0.086s] Level 1:colcon.colcon_core.package_identification:_identify(worlds) by extensions ['colcon_pkg']
[0.086s] Level 1:colcon.colcon_core.package_identification:_identify(worlds) by extension 'colcon_pkg'
[0.086s] Level 1:colcon.colcon_core.package_identification:_identify(worlds) by extensions ['colcon_meta']
[0.086s] Level 1:colcon.colcon_core.package_identification:_identify(worlds) by extension 'colcon_meta'
[0.086s] Level 1:colcon.colcon_core.package_identification:_identify(worlds) by extensions ['ros']
[0.086s] Level 1:colcon.colcon_core.package_identification:_identify(worlds) by extension 'ros'
[0.086s] Level 1:colcon.colcon_core.package_identification:_identify(worlds) by extensions ['cmake', 'python']
[0.086s] Level 1:colcon.colcon_core.package_identification:_identify(worlds) by extension 'cmake'
[0.086s] Level 1:colcon.colcon_core.package_identification:_identify(worlds) by extension 'python'
[0.086s] Level 1:colcon.colcon_core.package_identification:_identify(worlds) by extensions ['python_setup_py']
[0.086s] Level 1:colcon.colcon_core.package_identification:_identify(worlds) by extension 'python_setup_py'
[0.086s] Level 1:colcon.colcon_core.package_identification:_identify(worlds/corridor) by extensions ['ignore', 'ignore_ament_install']
[0.086s] Level 1:colcon.colcon_core.package_identification:_identify(worlds/corridor) by extension 'ignore'
[0.086s] Level 1:colcon.colcon_core.package_identification:_identify(worlds/corridor) by extension 'ignore_ament_install'
[0.086s] Level 1:colcon.colcon_core.package_identification:_identify(worlds/corridor) by extensions ['colcon_pkg']
[0.086s] Level 1:colcon.colcon_core.package_identification:_identify(worlds/corridor) by extension 'colcon_pkg'
[0.086s] Level 1:colcon.colcon_core.package_identification:_identify(worlds/corridor) by extensions ['colcon_meta']
[0.086s] Level 1:colcon.colcon_core.package_identification:_identify(worlds/corridor) by extension 'colcon_meta'
[0.086s] Level 1:colcon.colcon_core.package_identification:_identify(worlds/corridor) by extensions ['ros']
[0.086s] Level 1:colcon.colcon_core.package_identification:_identify(worlds/corridor) by extension 'ros'
[0.086s] Level 1:colcon.colcon_core.package_identification:_identify(worlds/corridor) by extensions ['cmake', 'python']
[0.086s] Level 1:colcon.colcon_core.package_identification:_identify(worlds/corridor) by extension 'cmake'
[0.086s] Level 1:colcon.colcon_core.package_identification:_identify(worlds/corridor) by extension 'python'
[0.086s] Level 1:colcon.colcon_core.package_identification:_identify(worlds/corridor) by extensions ['python_setup_py']
[0.086s] Level 1:colcon.colcon_core.package_identification:_identify(worlds/corridor) by extension 'python_setup_py'
[0.086s] Level 1:colcon.colcon_core.package_identification:_identify(worlds/multiroom) by extensions ['ignore', 'ignore_ament_install']
[0.086s] Level 1:colcon.colcon_core.package_identification:_identify(worlds/multiroom) by extension 'ignore'
[0.086s] Level 1:colcon.colcon_core.package_identification:_identify(worlds/multiroom) by extension 'ignore_ament_install'
[0.086s] Level 1:colcon.colcon_core.package_identification:_identify(worlds/multiroom) by extensions ['colcon_pkg']
[0.086s] Level 1:colcon.colcon_core.package_identification:_identify(worlds/multiroom) by extension 'colcon_pkg'
[0.086s] Level 1:colcon.colcon_core.package_identification:_identify(worlds/multiroom) by extensions ['colcon_meta']
[0.086s] Level 1:colcon.colcon_core.package_identification:_identify(worlds/multiroom) by extension 'colcon_meta'
[0.086s] Level 1:colcon.colcon_core.package_identification:_identify(worlds/multiroom) by extensions ['ros']
[0.086s] Level 1:colcon.colcon_core.package_identification:_identify(worlds/multiroom) by extension 'ros'
[0.086s] Level 1:colcon.colcon_core.package_identification:_identify(worlds/multiroom) by extensions ['cmake', 'python']
[0.086s] Level 1:colcon.colcon_core.package_identification:_identify(worlds/multiroom) by extension 'cmake'
[0.086s] Level 1:colcon.colcon_core.package_identification:_identify(worlds/multiroom) by extension 'python'
[0.086s] Level 1:colcon.colcon_core.package_identification:_identify(worlds/multiroom) by extensions ['python_setup_py']
[0.086s] Level 1:colcon.colcon_core.package_identification:_identify(worlds/multiroom) by extension 'python_setup_py'
[0.086s] Level 1:colcon.colcon_core.package_identification:_identify(worlds/office) by extensions ['ignore', 'ignore_ament_install']
[0.086s] Level 1:colcon.colcon_core.package_identification:_identify(worlds/office) by extension 'ignore'
[0.087s] Level 1:colcon.colcon_core.package_identification:_identify(worlds/office) by extension 'ignore_ament_install'
[0.087s] Level 1:colcon.colcon_core.package_identification:_identify(worlds/office) by extensions ['colcon_pkg']
[0.087s] Level 1:colcon.colcon_core.package_identification:_identify(worlds/office) by extension 'colcon_pkg'
[0.087s] Level 1:colcon.colcon_core.package_identification:_identify(worlds/office) by extensions ['colcon_meta']
[0.087s] Level 1:colcon.colcon_core.package_identification:_identify(worlds/office) by extension 'colcon_meta'
[0.087s] Level 1:colcon.colcon_core.package_identification:_identify(worlds/office) by extensions ['ros']
[0.087s] Level 1:colcon.colcon_core.package_identification:_identify(worlds/office) by extension 'ros'
[0.087s] Level 1:colcon.colcon_core.package_identification:_identify(worlds/office) by extensions ['cmake', 'python']
[0.087s] Level 1:colcon.colcon_core.package_identification:_identify(worlds/office) by extension 'cmake'
[0.087s] Level 1:colcon.colcon_core.package_identification:_identify(worlds/office) by extension 'python'
[0.087s] Level 1:colcon.colcon_core.package_identification:_identify(worlds/office) by extensions ['python_setup_py']
[0.087s] Level 1:colcon.colcon_core.package_identification:_identify(worlds/office) by extension 'python_setup_py'
[0.087s] Level 1:colcon.colcon_core.package_identification:_identify(worlds/test_world) by extensions ['ignore', 'ignore_ament_install']
[0.087s] Level 1:colcon.colcon_core.package_identification:_identify(worlds/test_world) by extension 'ignore'
[0.087s] Level 1:colcon.colcon_core.package_identification:_identify(worlds/test_world) by extension 'ignore_ament_install'
[0.087s] Level 1:colcon.colcon_core.package_identification:_identify(worlds/test_world) by extensions ['colcon_pkg']
[0.087s] Level 1:colcon.colcon_core.package_identification:_identify(worlds/test_world) by extension 'colcon_pkg'
[0.087s] Level 1:colcon.colcon_core.package_identification:_identify(worlds/test_world) by extensions ['colcon_meta']
[0.087s] Level 1:colcon.colcon_core.package_identification:_identify(worlds/test_world) by extension 'colcon_meta'
[0.087s] Level 1:colcon.colcon_core.package_identification:_identify(worlds/test_world) by extensions ['ros']
[0.087s] Level 1:colcon.colcon_core.package_identification:_identify(worlds/test_world) by extension 'ros'
[0.087s] Level 1:colcon.colcon_core.package_identification:_identify(worlds/test_world) by extensions ['cmake', 'python']
[0.087s] Level 1:colcon.colcon_core.package_identification:_identify(worlds/test_world) by extension 'cmake'
[0.087s] Level 1:colcon.colcon_core.package_identification:_identify(worlds/test_world) by extension 'python'
[0.087s] Level 1:colcon.colcon_core.package_identification:_identify(worlds/test_world) by extensions ['python_setup_py']
[0.087s] Level 1:colcon.colcon_core.package_identification:_identify(worlds/test_world) by extension 'python_setup_py'
[0.087s] Level 1:colcon.colcon_core.package_identification:_identify(worlds/warehouse) by extensions ['ignore', 'ignore_ament_install']
[0.087s] Level 1:colcon.colcon_core.package_identification:_identify(worlds/warehouse) by extension 'ignore'
[0.087s] Level 1:colcon.colcon_core.package_identification:_identify(worlds/warehouse) by extension 'ignore_ament_install'
[0.087s] Level 1:colcon.colcon_core.package_identification:_identify(worlds/warehouse) by extensions ['colcon_pkg']
[0.087s] Level 1:colcon.colcon_core.package_identification:_identify(worlds/warehouse) by extension 'colcon_pkg'
[0.087s] Level 1:colcon.colcon_core.package_identification:_identify(worlds/warehouse) by extensions ['colcon_meta']
[0.087s] Level 1:colcon.colcon_core.package_identification:_identify(worlds/warehouse) by extension 'colcon_meta'
[0.087s] Level 1:colcon.colcon_core.package_identification:_identify(worlds/warehouse) by extensions ['ros']
[0.087s] Level 1:colcon.colcon_core.package_identification:_identify(worlds/warehouse) by extension 'ros'
[0.087s] Level 1:colcon.colcon_core.package_identification:_identify(worlds/warehouse) by extensions ['cmake', 'python']
[0.087s] Level 1:colcon.colcon_core.package_identification:_identify(worlds/warehouse) by extension 'cmake'
[0.087s] Level 1:colcon.colcon_core.package_identification:_identify(worlds/warehouse) by extension 'python'
[0.087s] Level 1:colcon.colcon_core.package_identification:_identify(worlds/warehouse) by extensions ['python_setup_py']
[0.087s] Level 1:colcon.colcon_core.package_identification:_identify(worlds/warehouse) by extension 'python_setup_py'
[0.087s] Level 1:colcon.colcon_core.package_discovery:discover_packages(recursive) using defaults
[0.087s] Level 1:colcon.colcon_core.package_discovery:discover_packages(ignore) discover
[0.087s] Level 1:colcon.colcon_core.package_discovery:discover_packages(ignore) using defaults
[0.087s] Level 1:colcon.colcon_core.package_discovery:discover_packages(path) discover
[0.087s] Level 1:colcon.colcon_core.package_discovery:discover_packages(path) using defaults
[0.097s] Level 1:colcon.colcon_core.package_discovery:discover_packages(prefix_path) check parameters
[0.097s] Level 1:colcon.colcon_core.package_discovery:discover_packages(prefix_path) discover
[0.098s] DEBUG:colcon.colcon_installed_package_information.package_discovery:Found 8 installed packages in /home/abhirup/slam_platform/slam_ws/install
[0.098s] DEBUG:colcon.colcon_installed_package_information.package_discovery:Found 193 installed packages in /opt/ros/jazzy
[0.099s] Level 1:colcon.colcon_core.package_discovery:discover_packages(prefix_path) using defaults
[0.110s] Level 5:colcon.colcon_core.verb:set package 'evaluator_ros' build argument 'cmake_args' from command line to 'None'
[0.110s] Level 5:colcon.colcon_core.verb:set package 'evaluator_ros' build argument 'cmake_target' from command line to 'None'
[0.110s] Level 5:colcon.colcon_core.verb:set package 'evaluator_ros' build argument 'cmake_target_skip_unavailable' from command line to 'False'
[0.110s] Level 5:colcon.colcon_core.verb:set package 'evaluator_ros' build argument 'cmake_clean_cache' from command line to 'False'
[0.110s] Level 5:colcon.colcon_core.verb:set package 'evaluator_ros' build argument 'cmake_clean_first' from command line to 'False'
[0.110s] Level 5:colcon.colcon_core.verb:set package 'evaluator_ros' build argument 'cmake_force_configure' from command line to 'False'
[0.110s] Level 5:colcon.colcon_core.verb:set package 'evaluator_ros' build argument 'ament_cmake_args' from command line to 'None'
[0.110s] Level 5:colcon.colcon_core.verb:set package 'evaluator_ros' build argument 'catkin_cmake_args' from command line to 'None'
[0.110s] Level 5:colcon.colcon_core.verb:set package 'evaluator_ros' build argument 'catkin_skip_building_tests' from command line to 'False'
[0.110s] DEBUG:colcon.colcon_core.verb:Building package 'evaluator_ros' with the following arguments: {'ament_cmake_args': None, 'build_base': '/home/abhirup/slam_platform/slam_ws/build/evaluator_ros', 'catkin_cmake_args': None, 'catkin_skip_building_tests': False, 'cmake_args': None, 'cmake_clean_cache': False, 'cmake_clean_first': False, 'cmake_force_configure': False, 'cmake_target': None, 'cmake_target_skip_unavailable': False, 'install_base': '/home/abhirup/slam_platform/slam_ws/install/evaluator_ros', 'merge_install': False, 'path': '/home/abhirup/slam_platform/slam_ws/src/evaluator_ros', 'symlink_install': True, 'test_result_base': None}
[0.110s] Level 5:colcon.colcon_core.verb:set package 'experiment_manager' build argument 'cmake_args' from command line to 'None'
[0.110s] Level 5:colcon.colcon_core.verb:set package 'experiment_manager' build argument 'cmake_target' from command line to 'None'
[0.110s] Level 5:colcon.colcon_core.verb:set package 'experiment_manager' build argument 'cmake_target_skip_unavailable' from command line to 'False'
[0.110s] Level 5:colcon.colcon_core.verb:set package 'experiment_manager' build argument 'cmake_clean_cache' from command line to 'False'
[0.110s] Level 5:colcon.colcon_core.verb:set package 'experiment_manager' build argument 'cmake_clean_first' from command line to 'False'
[0.110s] Level 5:colcon.colcon_core.verb:set package 'experiment_manager' build argument 'cmake_force_configure' from command line to 'False'
[0.110s] Level 5:colcon.colcon_core.verb:set package 'experiment_manager' build argument 'ament_cmake_args' from command line to 'None'
[0.110s] Level 5:colcon.colcon_core.verb:set package 'experiment_manager' build argument 'catkin_cmake_args' from command line to 'None'
[0.110s] Level 5:colcon.colcon_core.verb:set package 'experiment_manager' build argument 'catkin_skip_building_tests' from command line to 'False'
[0.110s] DEBUG:colcon.colcon_core.verb:Building package 'experiment_manager' with the following arguments: {'ament_cmake_args': None, 'build_base': '/home/abhirup/slam_platform/slam_ws/build/experiment_manager', 'catkin_cmake_args': None, 'catkin_skip_building_tests': False, 'cmake_args': None, 'cmake_clean_cache': False, 'cmake_clean_first': False, 'cmake_force_configure': False, 'cmake_target': None, 'cmake_target_skip_unavailable': False, 'install_base': '/home/abhirup/slam_platform/slam_ws/install/experiment_manager', 'merge_install': False, 'path': '/home/abhirup/slam_platform/slam_ws/src/experiment_manager', 'symlink_install': True, 'test_result_base': None}
[0.110s] Level 5:colcon.colcon_core.verb:set package 'groung_truth_provider' build argument 'cmake_args' from command line to 'None'
[0.110s] Level 5:colcon.colcon_core.verb:set package 'groung_truth_provider' build argument 'cmake_target' from command line to 'None'
[0.110s] Level 5:colcon.colcon_core.verb:set package 'groung_truth_provider' build argument 'cmake_target_skip_unavailable' from command line to 'False'
[0.110s] Level 5:colcon.colcon_core.verb:set package 'groung_truth_provider' build argument 'cmake_clean_cache' from command line to 'False'
[0.110s] Level 5:colcon.colcon_core.verb:set package 'groung_truth_provider' build argument 'cmake_clean_first' from command line to 'False'
[0.110s] Level 5:colcon.colcon_core.verb:set package 'groung_truth_provider' build argument 'cmake_force_configure' from command line to 'False'
[0.110s] Level 5:colcon.colcon_core.verb:set package 'groung_truth_provider' build argument 'ament_cmake_args' from command line to 'None'
[0.110s] Level 5:colcon.colcon_core.verb:set package 'groung_truth_provider' build argument 'catkin_cmake_args' from command line to 'None'
[0.110s] Level 5:colcon.colcon_core.verb:set package 'groung_truth_provider' build argument 'catkin_skip_building_tests' from command line to 'False'
[0.110s] DEBUG:colcon.colcon_core.verb:Building package 'groung_truth_provider' with the following arguments: {'ament_cmake_args': None, 'build_base': '/home/abhirup/slam_platform/slam_ws/build/groung_truth_provider', 'catkin_cmake_args': None, 'catkin_skip_building_tests': False, 'cmake_args': None, 'cmake_clean_cache': False, 'cmake_clean_first': False, 'cmake_force_configure': False, 'cmake_target': None, 'cmake_target_skip_unavailable': False, 'install_base': '/home/abhirup/slam_platform/slam_ws/install/groung_truth_provider', 'merge_install': False, 'path': '/home/abhirup/slam_platform/slam_ws/src/groung_truth_provider', 'symlink_install': True, 'test_result_base': None}
[0.110s] Level 5:colcon.colcon_core.verb:set package 'robot_bringup' build argument 'cmake_args' from command line to 'None'
[0.110s] Level 5:colcon.colcon_core.verb:set package 'robot_bringup' build argument 'cmake_target' from command line to 'None'
[0.110s] Level 5:colcon.colcon_core.verb:set package 'robot_bringup' build argument 'cmake_target_skip_unavailable' from command line to 'False'
[0.110s] Level 5:colcon.colcon_core.verb:set package 'robot_bringup' build argument 'cmake_clean_cache' from command line to 'False'
[0.110s] Level 5:colcon.colcon_core.verb:set package 'robot_bringup' build argument 'cmake_clean_first' from command line to 'False'
[0.110s] Level 5:colcon.colcon_core.verb:set package 'robot_bringup' build argument 'cmake_force_configure' from command line to 'False'
[0.110s] Level 5:colcon.colcon_core.verb:set package 'robot_bringup' build argument 'ament_cmake_args' from command line to 'None'
[0.110s] Level 5:colcon.colcon_core.verb:set package 'robot_bringup' build argument 'catkin_cmake_args' from command line to 'None'
[0.110s] Level 5:colcon.colcon_core.verb:set package 'robot_bringup' build argument 'catkin_skip_building_tests' from command line to 'False'
[0.110s] DEBUG:colcon.colcon_core.verb:Building package 'robot_bringup' with the following arguments: {'ament_cmake_args': None, 'build_base': '/home/abhirup/slam_platform/slam_ws/build/robot_bringup', 'catkin_cmake_args': None, 'catkin_skip_building_tests': False, 'cmake_args': None, 'cmake_clean_cache': False, 'cmake_clean_first': False, 'cmake_force_configure': False, 'cmake_target': None, 'cmake_target_skip_unavailable': False, 'install_base': '/home/abhirup/slam_platform/slam_ws/install/robot_bringup', 'merge_install': False, 'path': '/home/abhirup/slam_platform/slam_ws/src/robot_bringup', 'symlink_install': True, 'test_result_base': None}
[0.110s] Level 5:colcon.colcon_core.verb:set package 'ros_gz_bridge_manager' build argument 'cmake_args' from command line to 'None'
[0.110s] Level 5:colcon.colcon_core.verb:set package 'ros_gz_bridge_manager' build argument 'cmake_target' from command line to 'None'
[0.110s] Level 5:colcon.colcon_core.verb:set package 'ros_gz_bridge_manager' build argument 'cmake_target_skip_unavailable' from command line to 'False'
[0.110s] Level 5:colcon.colcon_core.verb:set package 'ros_gz_bridge_manager' build argument 'cmake_clean_cache' from command line to 'False'
[0.110s] Level 5:colcon.colcon_core.verb:set package 'ros_gz_bridge_manager' build argument 'cmake_clean_first' from command line to 'False'
[0.110s] Level 5:colcon.colcon_core.verb:set package 'ros_gz_bridge_manager' build argument 'cmake_force_configure' from command line to 'False'
[0.110s] Level 5:colcon.colcon_core.verb:set package 'ros_gz_bridge_manager' build argument 'ament_cmake_args' from command line to 'None'
[0.110s] Level 5:colcon.colcon_core.verb:set package 'ros_gz_bridge_manager' build argument 'catkin_cmake_args' from command line to 'None'
[0.110s] Level 5:colcon.colcon_core.verb:set package 'ros_gz_bridge_manager' build argument 'catkin_skip_building_tests' from command line to 'False'
[0.110s] DEBUG:colcon.colcon_core.verb:Building package 'ros_gz_bridge_manager' with the following arguments: {'ament_cmake_args': None, 'build_base': '/home/abhirup/slam_platform/slam_ws/build/ros_gz_bridge_manager', 'catkin_cmake_args': None, 'catkin_skip_building_tests': False, 'cmake_args': None, 'cmake_clean_cache': False, 'cmake_clean_first': False, 'cmake_force_configure': False, 'cmake_target': None, 'cmake_target_skip_unavailable': False, 'install_base': '/home/abhirup/slam_platform/slam_ws/install/ros_gz_bridge_manager', 'merge_install': False, 'path': '/home/abhirup/slam_platform/slam_ws/src/ros_gz_bridge_manager', 'symlink_install': True, 'test_result_base': None}
[0.111s] Level 5:colcon.colcon_core.verb:set package 'sensor_adapter' build argument 'cmake_args' from command line to 'None'
[0.111s] Level 5:colcon.colcon_core.verb:set package 'sensor_adapter' build argument 'cmake_target' from command line to 'None'
[0.111s] Level 5:colcon.colcon_core.verb:set package 'sensor_adapter' build argument 'cmake_target_skip_unavailable' from command line to 'False'
[0.111s] Level 5:colcon.colcon_core.verb:set package 'sensor_adapter' build argument 'cmake_clean_cache' from command line to 'False'
[0.111s] Level 5:colcon.colcon_core.verb:set package 'sensor_adapter' build argument 'cmake_clean_first' from command line to 'False'
[0.111s] Level 5:colcon.colcon_core.verb:set package 'sensor_adapter' build argument 'cmake_force_configure' from command line to 'False'
[0.111s] Level 5:colcon.colcon_core.verb:set package 'sensor_adapter' build argument 'ament_cmake_args' from command line to 'None'
[0.111s] Level 5:colcon.colcon_core.verb:set package 'sensor_adapter' build argument 'catkin_cmake_args' from command line to 'None'
[0.111s] Level 5:colcon.colcon_core.verb:set package 'sensor_adapter' build argument 'catkin_skip_building_tests' from command line to 'False'
[0.111s] DEBUG:colcon.colcon_core.verb:Building package 'sensor_adapter' with the following arguments: {'ament_cmake_args': None, 'build_base': '/home/abhirup/slam_platform/slam_ws/build/sensor_adapter', 'catkin_cmake_args': None, 'catkin_skip_building_tests': False, 'cmake_args': None, 'cmake_clean_cache': False, 'cmake_clean_first': False, 'cmake_force_configure': False, 'cmake_target': None, 'cmake_target_skip_unavailable': False, 'install_base': '/home/abhirup/slam_platform/slam_ws/install/sensor_adapter', 'merge_install': False, 'path': '/home/abhirup/slam_platform/slam_ws/src/sensor_adapter', 'symlink_install': True, 'test_result_base': None}
[0.111s] Level 5:colcon.colcon_core.verb:set package 'slam_interfaces' build argument 'cmake_args' from command line to 'None'
[0.111s] Level 5:colcon.colcon_core.verb:set package 'slam_interfaces' build argument 'cmake_target' from command line to 'None'
[0.111s] Level 5:colcon.colcon_core.verb:set package 'slam_interfaces' build argument 'cmake_target_skip_unavailable' from command line to 'False'
[0.111s] Level 5:colcon.colcon_core.verb:set package 'slam_interfaces' build argument 'cmake_clean_cache' from command line to 'False'
[0.111s] Level 5:colcon.colcon_core.verb:set package 'slam_interfaces' build argument 'cmake_clean_first' from command line to 'False'
[0.111s] Level 5:colcon.colcon_core.verb:set package 'slam_interfaces' build argument 'cmake_force_configure' from command line to 'False'
[0.111s] Level 5:colcon.colcon_core.verb:set package 'slam_interfaces' build argument 'ament_cmake_args' from command line to 'None'
[0.111s] Level 5:colcon.colcon_core.verb:set package 'slam_interfaces' build argument 'catkin_cmake_args' from command line to 'None'
[0.111s] Level 5:colcon.colcon_core.verb:set package 'slam_interfaces' build argument 'catkin_skip_building_tests' from command line to 'False'
[0.111s] DEBUG:colcon.colcon_core.verb:Building package 'slam_interfaces' with the following arguments: {'ament_cmake_args': None, 'build_base': '/home/abhirup/slam_platform/slam_ws/build/slam_interfaces', 'catkin_cmake_args': None, 'catkin_skip_building_tests': False, 'cmake_args': None, 'cmake_clean_cache': False, 'cmake_clean_first': False, 'cmake_force_configure': False, 'cmake_target': None, 'cmake_target_skip_unavailable': False, 'install_base': '/home/abhirup/slam_platform/slam_ws/install/slam_interfaces', 'merge_install': False, 'path': '/home/abhirup/slam_platform/slam_ws/src/slam_interfaces', 'symlink_install': True, 'test_result_base': None}
[0.111s] Level 5:colcon.colcon_core.verb:set package 'tf_manager' build argument 'cmake_args' from command line to 'None'
[0.111s] Level 5:colcon.colcon_core.verb:set package 'tf_manager' build argument 'cmake_target' from command line to 'None'
[0.111s] Level 5:colcon.colcon_core.verb:set package 'tf_manager' build argument 'cmake_target_skip_unavailable' from command line to 'False'
[0.111s] Level 5:colcon.colcon_core.verb:set package 'tf_manager' build argument 'cmake_clean_cache' from command line to 'False'
[0.111s] Level 5:colcon.colcon_core.verb:set package 'tf_manager' build argument 'cmake_clean_first' from command line to 'False'
[0.111s] Level 5:colcon.colcon_core.verb:set package 'tf_manager' build argument 'cmake_force_configure' from command line to 'False'
[0.111s] Level 5:colcon.colcon_core.verb:set package 'tf_manager' build argument 'ament_cmake_args' from command line to 'None'
[0.111s] Level 5:colcon.colcon_core.verb:set package 'tf_manager' build argument 'catkin_cmake_args' from command line to 'None'
[0.111s] Level 5:colcon.colcon_core.verb:set package 'tf_manager' build argument 'catkin_skip_building_tests' from command line to 'False'
[0.111s] DEBUG:colcon.colcon_core.verb:Building package 'tf_manager' with the following arguments: {'ament_cmake_args': None, 'build_base': '/home/abhirup/slam_platform/slam_ws/build/tf_manager', 'catkin_cmake_args': None, 'catkin_skip_building_tests': False, 'cmake_args': None, 'cmake_clean_cache': False, 'cmake_clean_first': False, 'cmake_force_configure': False, 'cmake_target': None, 'cmake_target_skip_unavailable': False, 'install_base': '/home/abhirup/slam_platform/slam_ws/install/tf_manager', 'merge_install': False, 'path': '/home/abhirup/slam_platform/slam_ws/src/tf_manager', 'symlink_install': True, 'test_result_base': None}
[0.111s] Level 5:colcon.colcon_core.verb:set package 'world_manager' build argument 'cmake_args' from command line to 'None'
[0.111s] Level 5:colcon.colcon_core.verb:set package 'world_manager' build argument 'cmake_target' from command line to 'None'
[0.111s] Level 5:colcon.colcon_core.verb:set package 'world_manager' build argument 'cmake_target_skip_unavailable' from command line to 'False'
[0.111s] Level 5:colcon.colcon_core.verb:set package 'world_manager' build argument 'cmake_clean_cache' from command line to 'False'
[0.111s] Level 5:colcon.colcon_core.verb:set package 'world_manager' build argument 'cmake_clean_first' from command line to 'False'
[0.111s] Level 5:colcon.colcon_core.verb:set package 'world_manager' build argument 'cmake_force_configure' from command line to 'False'
[0.111s] Level 5:colcon.colcon_core.verb:set package 'world_manager' build argument 'ament_cmake_args' from command line to 'None'
[0.111s] Level 5:colcon.colcon_core.verb:set package 'world_manager' build argument 'catkin_cmake_args' from command line to 'None'
[0.111s] Level 5:colcon.colcon_core.verb:set package 'world_manager' build argument 'catkin_skip_building_tests' from command line to 'False'
[0.111s] DEBUG:colcon.colcon_core.verb:Building package 'world_manager' with the following arguments: {'ament_cmake_args': None, 'build_base': '/home/abhirup/slam_platform/slam_ws/build/world_manager', 'catkin_cmake_args': None, 'catkin_skip_building_tests': False, 'cmake_args': None, 'cmake_clean_cache': False, 'cmake_clean_first': False, 'cmake_force_configure': False, 'cmake_target': None, 'cmake_target_skip_unavailable': False, 'install_base': '/home/abhirup/slam_platform/slam_ws/install/world_manager', 'merge_install': False, 'path': '/home/abhirup/slam_platform/slam_ws/src/world_manager', 'symlink_install': True, 'test_result_base': None}
[0.111s] INFO:colcon.colcon_core.executor:Executing jobs using 'parallel' executor
[0.112s] DEBUG:colcon.colcon_parallel_executor.executor.parallel:run_until_complete
[0.112s] INFO:colcon.colcon_ros.task.ament_python.build:Building ROS package in '/home/abhirup/slam_platform/slam_ws/src/evaluator_ros' with build type 'ament_python'
[0.112s] Level 1:colcon.colcon_core.shell:create_environment_hook('evaluator_ros', 'ament_prefix_path')
[0.113s] INFO:colcon.colcon_core.plugin_system:Skipping extension 'colcon_core.shell.bat': Not used on non-Windows systems
[0.113s] INFO:colcon.colcon_core.shell:Creating environment hook '/home/abhirup/slam_platform/slam_ws/install/evaluator_ros/share/evaluator_ros/hook/ament_prefix_path.ps1'
[0.113s] INFO:colcon.colcon_core.shell:Creating environment descriptor '/home/abhirup/slam_platform/slam_ws/install/evaluator_ros/share/evaluator_ros/hook/ament_prefix_path.dsv'
[0.114s] INFO:colcon.colcon_core.shell:Creating environment hook '/home/abhirup/slam_platform/slam_ws/install/evaluator_ros/share/evaluator_ros/hook/ament_prefix_path.sh'
[0.114s] INFO:colcon.colcon_core.shell:Skip shell extension 'powershell' for command environment: Not usable outside of PowerShell
[0.114s] DEBUG:colcon.colcon_core.shell:Skip shell extension 'dsv' for command environment
[0.115s] INFO:colcon.colcon_ros.task.ament_python.build:Building ROS package in '/home/abhirup/slam_platform/slam_ws/src/experiment_manager' with build type 'ament_python'
[0.115s] Level 1:colcon.colcon_core.shell:create_environment_hook('experiment_manager', 'ament_prefix_path')
[0.115s] INFO:colcon.colcon_core.shell:Creating environment hook '/home/abhirup/slam_platform/slam_ws/install/experiment_manager/share/experiment_manager/hook/ament_prefix_path.ps1'
[0.116s] INFO:colcon.colcon_core.shell:Creating environment descriptor '/home/abhirup/slam_platform/slam_ws/install/experiment_manager/share/experiment_manager/hook/ament_prefix_path.dsv'
[0.116s] INFO:colcon.colcon_core.shell:Creating environment hook '/home/abhirup/slam_platform/slam_ws/install/experiment_manager/share/experiment_manager/hook/ament_prefix_path.sh'
[0.116s] INFO:colcon.colcon_core.shell:Skip shell extension 'powershell' for command environment: Not usable outside of PowerShell
[0.116s] DEBUG:colcon.colcon_core.shell:Skip shell extension 'dsv' for command environment
[0.117s] INFO:colcon.colcon_ros.task.ament_python.build:Building ROS package in '/home/abhirup/slam_platform/slam_ws/src/groung_truth_provider' with build type 'ament_python'
[0.117s] Level 1:colcon.colcon_core.shell:create_environment_hook('groung_truth_provider', 'ament_prefix_path')
[0.117s] INFO:colcon.colcon_core.shell:Creating environment hook '/home/abhirup/slam_platform/slam_ws/install/groung_truth_provider/share/groung_truth_provider/hook/ament_prefix_path.ps1'
[0.118s] INFO:colcon.colcon_core.shell:Creating environment descriptor '/home/abhirup/slam_platform/slam_ws/install/groung_truth_provider/share/groung_truth_provider/hook/ament_prefix_path.dsv'
[0.118s] INFO:colcon.colcon_core.shell:Creating environment hook '/home/abhirup/slam_platform/slam_ws/install/groung_truth_provider/share/groung_truth_provider/hook/ament_prefix_path.sh'
[0.118s] INFO:colcon.colcon_core.shell:Skip shell extension 'powershell' for command environment: Not usable outside of PowerShell
[0.118s] DEBUG:colcon.colcon_core.shell:Skip shell extension 'dsv' for command environment
[0.119s] INFO:colcon.colcon_ros.task.ament_python.build:Building ROS package in '/home/abhirup/slam_platform/slam_ws/src/robot_bringup' with build type 'ament_python'
[0.119s] Level 1:colcon.colcon_core.shell:create_environment_hook('robot_bringup', 'ament_prefix_path')
[0.119s] INFO:colcon.colcon_core.shell:Creating environment hook '/home/abhirup/slam_platform/slam_ws/install/robot_bringup/share/robot_bringup/hook/ament_prefix_path.ps1'
[0.119s] INFO:colcon.colcon_core.shell:Creating environment descriptor '/home/abhirup/slam_platform/slam_ws/install/robot_bringup/share/robot_bringup/hook/ament_prefix_path.dsv'
[0.119s] INFO:colcon.colcon_core.shell:Creating environment hook '/home/abhirup/slam_platform/slam_ws/install/robot_bringup/share/robot_bringup/hook/ament_prefix_path.sh'
[0.120s] INFO:colcon.colcon_core.shell:Skip shell extension 'powershell' for command environment: Not usable outside of PowerShell
[0.120s] DEBUG:colcon.colcon_core.shell:Skip shell extension 'dsv' for command environment
[0.121s] INFO:colcon.colcon_ros.task.ament_python.build:Building ROS package in '/home/abhirup/slam_platform/slam_ws/src/ros_gz_bridge_manager' with build type 'ament_python'
[0.121s] Level 1:colcon.colcon_core.shell:create_environment_hook('ros_gz_bridge_manager', 'ament_prefix_path')
[0.121s] INFO:colcon.colcon_core.shell:Creating environment hook '/home/abhirup/slam_platform/slam_ws/install/ros_gz_bridge_manager/share/ros_gz_bridge_manager/hook/ament_prefix_path.ps1'
[0.121s] INFO:colcon.colcon_core.shell:Creating environment descriptor '/home/abhirup/slam_platform/slam_ws/install/ros_gz_bridge_manager/share/ros_gz_bridge_manager/hook/ament_prefix_path.dsv'
[0.121s] INFO:colcon.colcon_core.shell:Creating environment hook '/home/abhirup/slam_platform/slam_ws/install/ros_gz_bridge_manager/share/ros_gz_bridge_manager/hook/ament_prefix_path.sh'
[0.121s] INFO:colcon.colcon_core.shell:Skip shell extension 'powershell' for command environment: Not usable outside of PowerShell
[0.121s] DEBUG:colcon.colcon_core.shell:Skip shell extension 'dsv' for command environment
[0.122s] INFO:colcon.colcon_ros.task.ament_python.build:Building ROS package in '/home/abhirup/slam_platform/slam_ws/src/sensor_adapter' with build type 'ament_python'
[0.122s] Level 1:colcon.colcon_core.shell:create_environment_hook('sensor_adapter', 'ament_prefix_path')
[0.122s] INFO:colcon.colcon_core.shell:Creating environment hook '/home/abhirup/slam_platform/slam_ws/install/sensor_adapter/share/sensor_adapter/hook/ament_prefix_path.ps1'
[0.123s] INFO:colcon.colcon_core.shell:Creating environment descriptor '/home/abhirup/slam_platform/slam_ws/install/sensor_adapter/share/sensor_adapter/hook/ament_prefix_path.dsv'
[0.123s] INFO:colcon.colcon_core.shell:Creating environment hook '/home/abhirup/slam_platform/slam_ws/install/sensor_adapter/share/sensor_adapter/hook/ament_prefix_path.sh'
[0.123s] INFO:colcon.colcon_core.shell:Skip shell extension 'powershell' for command environment: Not usable outside of PowerShell
[0.123s] DEBUG:colcon.colcon_core.shell:Skip shell extension 'dsv' for command environment
[0.124s] INFO:colcon.colcon_ros.task.ament_cmake.build:Building ROS package in '/home/abhirup/slam_platform/slam_ws/src/slam_interfaces' with build type 'ament_cmake'
[0.124s] INFO:colcon.colcon_cmake.task.cmake.build:Building CMake package in '/home/abhirup/slam_platform/slam_ws/src/slam_interfaces'
[0.124s] INFO:colcon.colcon_core.shell:Skip shell extension 'powershell' for command environment: Not usable outside of PowerShell
[0.124s] DEBUG:colcon.colcon_core.shell:Skip shell extension 'dsv' for command environment
[0.125s] INFO:colcon.colcon_ros.task.ament_python.build:Building ROS package in '/home/abhirup/slam_platform/slam_ws/src/tf_manager' with build type 'ament_python'
[0.125s] Level 1:colcon.colcon_core.shell:create_environment_hook('tf_manager', 'ament_prefix_path')
[0.125s] INFO:colcon.colcon_core.shell:Creating environment hook '/home/abhirup/slam_platform/slam_ws/install/tf_manager/share/tf_manager/hook/ament_prefix_path.ps1'
[0.126s] INFO:colcon.colcon_core.shell:Creating environment descriptor '/home/abhirup/slam_platform/slam_ws/install/tf_manager/share/tf_manager/hook/ament_prefix_path.dsv'
[0.126s] INFO:colcon.colcon_core.shell:Creating environment hook '/home/abhirup/slam_platform/slam_ws/install/tf_manager/share/tf_manager/hook/ament_prefix_path.sh'
[0.126s] INFO:colcon.colcon_core.shell:Skip shell extension 'powershell' for command environment: Not usable outside of PowerShell
[0.126s] DEBUG:colcon.colcon_core.shell:Skip shell extension 'dsv' for command environment
[0.127s] INFO:colcon.colcon_ros.task.ament_python.build:Building ROS package in '/home/abhirup/slam_platform/slam_ws/src/world_manager' with build type 'ament_python'
[0.127s] Level 1:colcon.colcon_core.shell:create_environment_hook('world_manager', 'ament_prefix_path')
[0.127s] INFO:colcon.colcon_core.shell:Creating environment hook '/home/abhirup/slam_platform/slam_ws/install/world_manager/share/world_manager/hook/ament_prefix_path.ps1'
[0.127s] INFO:colcon.colcon_core.shell:Creating environment descriptor '/home/abhirup/slam_platform/slam_ws/install/world_manager/share/world_manager/hook/ament_prefix_path.dsv'
[0.128s] INFO:colcon.colcon_core.shell:Creating environment hook '/home/abhirup/slam_platform/slam_ws/install/world_manager/share/world_manager/hook/ament_prefix_path.sh'
[0.128s] INFO:colcon.colcon_core.shell:Skip shell extension 'powershell' for command environment: Not usable outside of PowerShell
[0.128s] DEBUG:colcon.colcon_core.shell:Skip shell extension 'dsv' for command environment
[0.222s] INFO:colcon.colcon_core.task.python.build:Building Python package in '/home/abhirup/slam_platform/slam_ws/src/evaluator_ros'
[0.222s] INFO:colcon.colcon_core.shell:Skip shell extension 'powershell' for command environment: Not usable outside of PowerShell
[0.222s] DEBUG:colcon.colcon_core.shell:Skip shell extension 'dsv' for command environment
[0.316s] INFO:colcon.colcon_core.task.python.build:Building Python package in '/home/abhirup/slam_platform/slam_ws/src/experiment_manager'
[0.317s] INFO:colcon.colcon_core.shell:Skip shell extension 'powershell' for command environment: Not usable outside of PowerShell
[0.317s] DEBUG:colcon.colcon_core.shell:Skip shell extension 'dsv' for command environment
[0.417s] INFO:colcon.colcon_core.task.python.build:Building Python package in '/home/abhirup/slam_platform/slam_ws/src/groung_truth_provider'
[0.417s] INFO:colcon.colcon_core.shell:Skip shell extension 'powershell' for command environment: Not usable outside of PowerShell
[0.417s] DEBUG:colcon.colcon_core.shell:Skip shell extension 'dsv' for command environment
[0.511s] INFO:colcon.colcon_core.task.python.build:Building Python package in '/home/abhirup/slam_platform/slam_ws/src/robot_bringup'
[0.512s] INFO:colcon.colcon_core.shell:Skip shell extension 'powershell' for command environment: Not usable outside of PowerShell
[0.512s] DEBUG:colcon.colcon_core.shell:Skip shell extension 'dsv' for command environment
[0.607s] INFO:colcon.colcon_core.task.python.build:Building Python package in '/home/abhirup/slam_platform/slam_ws/src/ros_gz_bridge_manager'
[0.607s] INFO:colcon.colcon_core.shell:Skip shell extension 'powershell' for command environment: Not usable outside of PowerShell
[0.607s] DEBUG:colcon.colcon_core.shell:Skip shell extension 'dsv' for command environment
[0.709s] INFO:colcon.colcon_core.task.python.build:Building Python package in '/home/abhirup/slam_platform/slam_ws/src/sensor_adapter'
[0.709s] INFO:colcon.colcon_core.shell:Skip shell extension 'powershell' for command environment: Not usable outside of PowerShell
[0.709s] DEBUG:colcon.colcon_core.shell:Skip shell extension 'dsv' for command environment
[0.713s] DEBUG:colcon.colcon_core.event_handler.log_command:Invoking command in '/home/abhirup/slam_platform/slam_ws/build/slam_interfaces': CMAKE_PREFIX_PATH=${CMAKE_PREFIX_PATH}:/home/abhirup/slam_platform/slam_ws/install/world_manager:/home/abhirup/slam_platform/slam_ws/install/tf_manager:/home/abhirup/slam_platform/slam_ws/install/sensor_adapter:/home/abhirup/slam_platform/slam_ws/install/robot_bringup:/home/abhirup/slam_platform/slam_ws/install/groung_truth_provider:/home/abhirup/slam_platform/slam_ws/install/experiment_manager:/home/abhirup/slam_platform/slam_ws/install/evaluator_ros:/opt/ros/jazzy DEBUGINFOD_URLS=https://debuginfod.ubuntu.com /usr/bin/cmake --build /home/abhirup/slam_platform/slam_ws/build/slam_interfaces -- -j28 -l28
[0.807s] INFO:colcon.colcon_core.task.python.build:Building Python package in '/home/abhirup/slam_platform/slam_ws/src/tf_manager'
[0.807s] INFO:colcon.colcon_core.shell:Skip shell extension 'powershell' for command environment: Not usable outside of PowerShell
[0.807s] DEBUG:colcon.colcon_core.shell:Skip shell extension 'dsv' for command environment
[0.811s] DEBUG:colcon.colcon_core.event_handler.log_command:Invoked command in '/home/abhirup/slam_platform/slam_ws/build/slam_interfaces' returned '0': CMAKE_PREFIX_PATH=${CMAKE_PREFIX_PATH}:/home/abhirup/slam_platform/slam_ws/install/world_manager:/home/abhirup/slam_platform/slam_ws/install/tf_manager:/home/abhirup/slam_platform/slam_ws/install/sensor_adapter:/home/abhirup/slam_platform/slam_ws/install/robot_bringup:/home/abhirup/slam_platform/slam_ws/install/groung_truth_provider:/home/abhirup/slam_platform/slam_ws/install/experiment_manager:/home/abhirup/slam_platform/slam_ws/install/evaluator_ros:/opt/ros/jazzy DEBUGINFOD_URLS=https://debuginfod.ubuntu.com /usr/bin/cmake --build /home/abhirup/slam_platform/slam_ws/build/slam_interfaces -- -j28 -l28
[0.819s] DEBUG:colcon.colcon_core.event_handler.log_command:Invoking command in '/home/abhirup/slam_platform/slam_ws/build/slam_interfaces': CMAKE_PREFIX_PATH=${CMAKE_PREFIX_PATH}:/home/abhirup/slam_platform/slam_ws/install/world_manager:/home/abhirup/slam_platform/slam_ws/install/tf_manager:/home/abhirup/slam_platform/slam_ws/install/sensor_adapter:/home/abhirup/slam_platform/slam_ws/install/robot_bringup:/home/abhirup/slam_platform/slam_ws/install/groung_truth_provider:/home/abhirup/slam_platform/slam_ws/install/experiment_manager:/home/abhirup/slam_platform/slam_ws/install/evaluator_ros:/opt/ros/jazzy DEBUGINFOD_URLS=https://debuginfod.ubuntu.com /usr/bin/cmake --install /home/abhirup/slam_platform/slam_ws/build/slam_interfaces
[0.911s] INFO:colcon.colcon_core.task.python.build:Building Python package in '/home/abhirup/slam_platform/slam_ws/src/world_manager'
[0.911s] INFO:colcon.colcon_core.shell:Skip shell extension 'powershell' for command environment: Not usable outside of PowerShell
[0.911s] DEBUG:colcon.colcon_core.shell:Skip shell extension 'dsv' for command environment
[0.921s] Level 1:colcon.colcon_core.environment:create_environment_scripts_only(slam_interfaces)
[0.921s] DEBUG:colcon.colcon_core.event_handler.log_command:Invoked command in '/home/abhirup/slam_platform/slam_ws/build/slam_interfaces' returned '0': CMAKE_PREFIX_PATH=${CMAKE_PREFIX_PATH}:/home/abhirup/slam_platform/slam_ws/install/world_manager:/home/abhirup/slam_platform/slam_ws/install/tf_manager:/home/abhirup/slam_platform/slam_ws/install/sensor_adapter:/home/abhirup/slam_platform/slam_ws/install/robot_bringup:/home/abhirup/slam_platform/slam_ws/install/groung_truth_provider:/home/abhirup/slam_platform/slam_ws/install/experiment_manager:/home/abhirup/slam_platform/slam_ws/install/evaluator_ros:/opt/ros/jazzy DEBUGINFOD_URLS=https://debuginfod.ubuntu.com /usr/bin/cmake --install /home/abhirup/slam_platform/slam_ws/build/slam_interfaces
[0.923s] Level 1:colcon.colcon_core.environment:checking '/home/abhirup/slam_platform/slam_ws/install/slam_interfaces' for CMake module files
[0.923s] Level 1:colcon.colcon_core.environment:checking '/home/abhirup/slam_platform/slam_ws/install/slam_interfaces' for CMake config files
[0.923s] Level 1:colcon.colcon_core.shell:create_environment_hook('slam_interfaces', 'cmake_prefix_path')
[0.923s] INFO:colcon.colcon_core.shell:Creating environment hook '/home/abhirup/slam_platform/slam_ws/install/slam_interfaces/share/slam_interfaces/hook/cmake_prefix_path.ps1'
[0.924s] INFO:colcon.colcon_core.shell:Creating environment descriptor '/home/abhirup/slam_platform/slam_ws/install/slam_interfaces/share/slam_interfaces/hook/cmake_prefix_path.dsv'
[0.924s] INFO:colcon.colcon_core.shell:Creating environment hook '/home/abhirup/slam_platform/slam_ws/install/slam_interfaces/share/slam_interfaces/hook/cmake_prefix_path.sh'
[0.924s] Level 1:colcon.colcon_core.environment:checking '/home/abhirup/slam_platform/slam_ws/install/slam_interfaces/bin'
[0.924s] Level 1:colcon.colcon_core.environment:checking '/home/abhirup/slam_platform/slam_ws/install/slam_interfaces/lib/pkgconfig/slam_interfaces.pc'
[0.925s] Level 1:colcon.colcon_core.environment:checking '/home/abhirup/slam_platform/slam_ws/install/slam_interfaces/lib/python3.12/site-packages'
[0.925s] Level 1:colcon.colcon_core.environment:checking '/home/abhirup/slam_platform/slam_ws/install/slam_interfaces/bin'
[0.925s] INFO:colcon.colcon_core.shell:Creating package script '/home/abhirup/slam_platform/slam_ws/install/slam_interfaces/share/slam_interfaces/package.ps1'
[0.926s] INFO:colcon.colcon_core.shell:Creating package descriptor '/home/abhirup/slam_platform/slam_ws/install/slam_interfaces/share/slam_interfaces/package.dsv'
[0.926s] INFO:colcon.colcon_core.shell:Creating package script '/home/abhirup/slam_platform/slam_ws/install/slam_interfaces/share/slam_interfaces/package.sh'
[0.927s] INFO:colcon.colcon_core.shell:Creating package script '/home/abhirup/slam_platform/slam_ws/install/slam_interfaces/share/slam_interfaces/package.bash'
[0.927s] INFO:colcon.colcon_core.shell:Creating package script '/home/abhirup/slam_platform/slam_ws/install/slam_interfaces/share/slam_interfaces/package.zsh'
[0.927s] Level 1:colcon.colcon_core.environment:create_file_with_runtime_dependencies(/home/abhirup/slam_platform/slam_ws/install/slam_interfaces/share/colcon-core/packages/slam_interfaces)
[0.928s] Level 1:colcon.colcon_core.environment:create_environment_scripts_only(slam_interfaces)
[0.928s] Level 1:colcon.colcon_core.environment:checking '/home/abhirup/slam_platform/slam_ws/install/slam_interfaces' for CMake module files
[0.928s] Level 1:colcon.colcon_core.environment:checking '/home/abhirup/slam_platform/slam_ws/install/slam_interfaces' for CMake config files
[0.928s] Level 1:colcon.colcon_core.shell:create_environment_hook('slam_interfaces', 'cmake_prefix_path')
[0.929s] INFO:colcon.colcon_core.shell:Creating environment hook '/home/abhirup/slam_platform/slam_ws/install/slam_interfaces/share/slam_interfaces/hook/cmake_prefix_path.ps1'
[0.929s] INFO:colcon.colcon_core.shell:Creating environment descriptor '/home/abhirup/slam_platform/slam_ws/install/slam_interfaces/share/slam_interfaces/hook/cmake_prefix_path.dsv'
[0.929s] INFO:colcon.colcon_core.shell:Creating environment hook '/home/abhirup/slam_platform/slam_ws/install/slam_interfaces/share/slam_interfaces/hook/cmake_prefix_path.sh'
[0.929s] Level 1:colcon.colcon_core.environment:checking '/home/abhirup/slam_platform/slam_ws/install/slam_interfaces/bin'
[0.929s] Level 1:colcon.colcon_core.environment:checking '/home/abhirup/slam_platform/slam_ws/install/slam_interfaces/lib/pkgconfig/slam_interfaces.pc'
[0.930s] Level 1:colcon.colcon_core.environment:checking '/home/abhirup/slam_platform/slam_ws/install/slam_interfaces/lib/python3.12/site-packages'
[0.930s] Level 1:colcon.colcon_core.environment:checking '/home/abhirup/slam_platform/slam_ws/install/slam_interfaces/bin'
[0.930s] INFO:colcon.colcon_core.shell:Creating package script '/home/abhirup/slam_platform/slam_ws/install/slam_interfaces/share/slam_interfaces/package.ps1'
[0.931s] INFO:colcon.colcon_core.shell:Creating package descriptor '/home/abhirup/slam_platform/slam_ws/install/slam_interfaces/share/slam_interfaces/package.dsv'
[0.931s] INFO:colcon.colcon_core.shell:Creating package script '/home/abhirup/slam_platform/slam_ws/install/slam_interfaces/share/slam_interfaces/package.sh'
[0.931s] INFO:colcon.colcon_core.shell:Creating package script '/home/abhirup/slam_platform/slam_ws/install/slam_interfaces/share/slam_interfaces/package.bash'
[0.931s] INFO:colcon.colcon_core.shell:Creating package script '/home/abhirup/slam_platform/slam_ws/install/slam_interfaces/share/slam_interfaces/package.zsh'
[0.932s] Level 1:colcon.colcon_core.environment:create_file_with_runtime_dependencies(/home/abhirup/slam_platform/slam_ws/install/slam_interfaces/share/colcon-core/packages/slam_interfaces)
[1.144s] DEBUG:colcon.colcon_core.event_handler.log_command:Invoking command in '/home/abhirup/slam_platform/slam_ws/build/experiment_manager': DEBUGINFOD_URLS=https://debuginfod.ubuntu.com PYTHONPATH=/home/abhirup/slam_platform/slam_ws/build/experiment_manager/prefix_override:/usr/lib/python3/dist-packages/colcon_core/task/python/colcon_distutils_commands:/home/abhirup/slam_platform/slam_ws/install/experiment_manager/lib/python3.12/site-packages:${PYTHONPATH} /usr/bin/python3 -W ignore:setup.py install is deprecated -W ignore:easy_install command is deprecated setup.py develop --editable --build-directory /home/abhirup/slam_platform/slam_ws/build/experiment_manager/build --no-deps symlink_data
[1.147s] DEBUG:colcon.colcon_core.event_handler.log_command:Invoking command in '/home/abhirup/slam_platform/slam_ws/build/robot_bringup': DEBUGINFOD_URLS=https://debuginfod.ubuntu.com PYTHONPATH=/home/abhirup/slam_platform/slam_ws/build/robot_bringup/prefix_override:/usr/lib/python3/dist-packages/colcon_core/task/python/colcon_distutils_commands:/home/abhirup/slam_platform/slam_ws/install/robot_bringup/lib/python3.12/site-packages:${PYTHONPATH} /usr/bin/python3 -W ignore:setup.py install is deprecated -W ignore:easy_install command is deprecated setup.py develop --editable --build-directory /home/abhirup/slam_platform/slam_ws/build/robot_bringup/build --no-deps symlink_data
[1.152s] DEBUG:colcon.colcon_core.event_handler.log_command:Invoking command in '/home/abhirup/slam_platform/slam_ws/build/tf_manager': DEBUGINFOD_URLS=https://debuginfod.ubuntu.com PYTHONPATH=/home/abhirup/slam_platform/slam_ws/build/tf_manager/prefix_override:/usr/lib/python3/dist-packages/colcon_core/task/python/colcon_distutils_commands:/home/abhirup/slam_platform/slam_ws/install/tf_manager/lib/python3.12/site-packages:${PYTHONPATH} /usr/bin/python3 -W ignore:setup.py install is deprecated -W ignore:easy_install command is deprecated setup.py develop --editable --build-directory /home/abhirup/slam_platform/slam_ws/build/tf_manager/build --no-deps symlink_data
[1.156s] DEBUG:colcon.colcon_core.event_handler.log_command:Invoking command in '/home/abhirup/slam_platform/slam_ws/build/sensor_adapter': DEBUGINFOD_URLS=https://debuginfod.ubuntu.com PYTHONPATH=/home/abhirup/slam_platform/slam_ws/build/sensor_adapter/prefix_override:/usr/lib/python3/dist-packages/colcon_core/task/python/colcon_distutils_commands:/home/abhirup/slam_platform/slam_ws/install/sensor_adapter/lib/python3.12/site-packages:${PYTHONPATH} /usr/bin/python3 -W ignore:setup.py install is deprecated -W ignore:easy_install command is deprecated setup.py develop --editable --build-directory /home/abhirup/slam_platform/slam_ws/build/sensor_adapter/build --no-deps symlink_data
[1.164s] DEBUG:colcon.colcon_core.event_handler.log_command:Invoking command in '/home/abhirup/slam_platform/slam_ws/build/world_manager': DEBUGINFOD_URLS=https://debuginfod.ubuntu.com PYTHONPATH=/home/abhirup/slam_platform/slam_ws/build/world_manager/prefix_override:/usr/lib/python3/dist-packages/colcon_core/task/python/colcon_distutils_commands:/home/abhirup/slam_platform/slam_ws/install/world_manager/lib/python3.12/site-packages:${PYTHONPATH} /usr/bin/python3 -W ignore:setup.py install is deprecated -W ignore:easy_install command is deprecated setup.py develop --editable --build-directory /home/abhirup/slam_platform/slam_ws/build/world_manager/build --no-deps symlink_data
[1.175s] DEBUG:colcon.colcon_core.event_handler.log_command:Invoking command in '/home/abhirup/slam_platform/slam_ws/build/groung_truth_provider': DEBUGINFOD_URLS=https://debuginfod.ubuntu.com PYTHONPATH=/home/abhirup/slam_platform/slam_ws/build/groung_truth_provider/prefix_override:/usr/lib/python3/dist-packages/colcon_core/task/python/colcon_distutils_commands:/home/abhirup/slam_platform/slam_ws/install/groung_truth_provider/lib/python3.12/site-packages:${PYTHONPATH} /usr/bin/python3 -W ignore:setup.py install is deprecated -W ignore:easy_install command is deprecated setup.py develop --editable --build-directory /home/abhirup/slam_platform/slam_ws/build/groung_truth_provider/build --no-deps symlink_data
[1.179s] DEBUG:colcon.colcon_core.event_handler.log_command:Invoking command in '/home/abhirup/slam_platform/slam_ws/build/evaluator_ros': DEBUGINFOD_URLS=https://debuginfod.ubuntu.com PYTHONPATH=/home/abhirup/slam_platform/slam_ws/build/evaluator_ros/prefix_override:/usr/lib/python3/dist-packages/colcon_core/task/python/colcon_distutils_commands:/home/abhirup/slam_platform/slam_ws/install/evaluator_ros/lib/python3.12/site-packages:${PYTHONPATH} /usr/bin/python3 -W ignore:setup.py install is deprecated -W ignore:easy_install command is deprecated setup.py develop --editable --build-directory /home/abhirup/slam_platform/slam_ws/build/evaluator_ros/build --no-deps symlink_data
[1.195s] DEBUG:colcon.colcon_core.event_handler.log_command:Invoking command in '/home/abhirup/slam_platform/slam_ws/build/ros_gz_bridge_manager': DEBUGINFOD_URLS=https://debuginfod.ubuntu.com PYTHONPATH=/home/abhirup/slam_platform/slam_ws/build/ros_gz_bridge_manager/prefix_override:/usr/lib/python3/dist-packages/colcon_core/task/python/colcon_distutils_commands:/home/abhirup/slam_platform/slam_ws/install/ros_gz_bridge_manager/lib/python3.12/site-packages:${PYTHONPATH} /usr/bin/python3 -W ignore:setup.py install is deprecated -W ignore:easy_install command is deprecated setup.py develop --editable --build-directory /home/abhirup/slam_platform/slam_ws/build/ros_gz_bridge_manager/build --no-deps symlink_data
[1.401s] Level 1:colcon.colcon_core.shell:create_environment_hook('experiment_manager', 'pythonpath_develop')
[1.401s] INFO:colcon.colcon_core.shell:Creating environment hook '/home/abhirup/slam_platform/slam_ws/build/experiment_manager/share/experiment_manager/hook/pythonpath_develop.ps1'
[1.402s] DEBUG:colcon.colcon_core.event_handler.log_command:Invoked command in '/home/abhirup/slam_platform/slam_ws/build/experiment_manager' returned '0': DEBUGINFOD_URLS=https://debuginfod.ubuntu.com PYTHONPATH=/home/abhirup/slam_platform/slam_ws/build/experiment_manager/prefix_override:/usr/lib/python3/dist-packages/colcon_core/task/python/colcon_distutils_commands:/home/abhirup/slam_platform/slam_ws/install/experiment_manager/lib/python3.12/site-packages:${PYTHONPATH} /usr/bin/python3 -W ignore:setup.py install is deprecated -W ignore:easy_install command is deprecated setup.py develop --editable --build-directory /home/abhirup/slam_platform/slam_ws/build/experiment_manager/build --no-deps symlink_data
[1.402s] INFO:colcon.colcon_core.shell:Creating environment descriptor '/home/abhirup/slam_platform/slam_ws/build/experiment_manager/share/experiment_manager/hook/pythonpath_develop.dsv'
[1.402s] INFO:colcon.colcon_core.shell:Creating environment hook '/home/abhirup/slam_platform/slam_ws/build/experiment_manager/share/experiment_manager/hook/pythonpath_develop.sh'
[1.403s] Level 1:colcon.colcon_core.environment:checking '/home/abhirup/slam_platform/slam_ws/install/experiment_manager' for CMake module files
[1.403s] Level 1:colcon.colcon_core.environment:checking '/home/abhirup/slam_platform/slam_ws/install/experiment_manager' for CMake config files
[1.404s] Level 1:colcon.colcon_core.environment:checking '/home/abhirup/slam_platform/slam_ws/install/experiment_manager/lib'
[1.404s] Level 1:colcon.colcon_core.environment:checking '/home/abhirup/slam_platform/slam_ws/install/experiment_manager/bin'
[1.404s] Level 1:colcon.colcon_core.environment:checking '/home/abhirup/slam_platform/slam_ws/install/experiment_manager/lib/pkgconfig/experiment_manager.pc'
[1.404s] Level 1:colcon.colcon_core.environment:checking '/home/abhirup/slam_platform/slam_ws/install/experiment_manager/lib/python3.12/site-packages'
[1.405s] Level 1:colcon.colcon_core.shell:create_environment_hook('experiment_manager', 'pythonpath')
[1.405s] INFO:colcon.colcon_core.shell:Creating environment hook '/home/abhirup/slam_platform/slam_ws/install/experiment_manager/share/experiment_manager/hook/pythonpath.ps1'
[1.405s] INFO:colcon.colcon_core.shell:Creating environment descriptor '/home/abhirup/slam_platform/slam_ws/install/experiment_manager/share/experiment_manager/hook/pythonpath.dsv'
[1.406s] INFO:colcon.colcon_core.shell:Creating environment hook '/home/abhirup/slam_platform/slam_ws/install/experiment_manager/share/experiment_manager/hook/pythonpath.sh'
[1.406s] Level 1:colcon.colcon_core.environment:checking '/home/abhirup/slam_platform/slam_ws/install/experiment_manager/bin'
[1.406s] Level 1:colcon.colcon_core.environment:create_environment_scripts_only(experiment_manager)
[1.406s] INFO:colcon.colcon_core.shell:Creating package script '/home/abhirup/slam_platform/slam_ws/install/experiment_manager/share/experiment_manager/package.ps1'
[1.407s] INFO:colcon.colcon_core.shell:Creating package descriptor '/home/abhirup/slam_platform/slam_ws/install/experiment_manager/share/experiment_manager/package.dsv'
[1.408s] INFO:colcon.colcon_core.shell:Creating package script '/home/abhirup/slam_platform/slam_ws/install/experiment_manager/share/experiment_manager/package.sh'
[1.408s] INFO:colcon.colcon_core.shell:Creating package script '/home/abhirup/slam_platform/slam_ws/install/experiment_manager/share/experiment_manager/package.bash'
[1.408s] INFO:colcon.colcon_core.shell:Creating package script '/home/abhirup/slam_platform/slam_ws/install/experiment_manager/share/experiment_manager/package.zsh'
[1.409s] Level 1:colcon.colcon_core.environment:create_file_with_runtime_dependencies(/home/abhirup/slam_platform/slam_ws/install/experiment_manager/share/colcon-core/packages/experiment_manager)
[1.414s] Level 1:colcon.colcon_core.shell:create_environment_hook('tf_manager', 'pythonpath_develop')
[1.414s] INFO:colcon.colcon_core.shell:Creating environment hook '/home/abhirup/slam_platform/slam_ws/build/tf_manager/share/tf_manager/hook/pythonpath_develop.ps1'
[1.414s] DEBUG:colcon.colcon_core.event_handler.log_command:Invoked command in '/home/abhirup/slam_platform/slam_ws/build/tf_manager' returned '0': DEBUGINFOD_URLS=https://debuginfod.ubuntu.com PYTHONPATH=/home/abhirup/slam_platform/slam_ws/build/tf_manager/prefix_override:/usr/lib/python3/dist-packages/colcon_core/task/python/colcon_distutils_commands:/home/abhirup/slam_platform/slam_ws/install/tf_manager/lib/python3.12/site-packages:${PYTHONPATH} /usr/bin/python3 -W ignore:setup.py install is deprecated -W ignore:easy_install command is deprecated setup.py develop --editable --build-directory /home/abhirup/slam_platform/slam_ws/build/tf_manager/build --no-deps symlink_data
[1.415s] INFO:colcon.colcon_core.shell:Creating environment descriptor '/home/abhirup/slam_platform/slam_ws/build/tf_manager/share/tf_manager/hook/pythonpath_develop.dsv'
[1.415s] INFO:colcon.colcon_core.shell:Creating environment hook '/home/abhirup/slam_platform/slam_ws/build/tf_manager/share/tf_manager/hook/pythonpath_develop.sh'
[1.416s] Level 1:colcon.colcon_core.environment:checking '/home/abhirup/slam_platform/slam_ws/install/tf_manager' for CMake module files
[1.416s] Level 1:colcon.colcon_core.environment:checking '/home/abhirup/slam_platform/slam_ws/install/tf_manager' for CMake config files
[1.416s] Level 1:colcon.colcon_core.environment:checking '/home/abhirup/slam_platform/slam_ws/install/tf_manager/lib'
[1.416s] Level 1:colcon.colcon_core.environment:checking '/home/abhirup/slam_platform/slam_ws/install/tf_manager/bin'
[1.416s] Level 1:colcon.colcon_core.environment:checking '/home/abhirup/slam_platform/slam_ws/install/tf_manager/lib/pkgconfig/tf_manager.pc'
[1.417s] Level 1:colcon.colcon_core.environment:checking '/home/abhirup/slam_platform/slam_ws/install/tf_manager/lib/python3.12/site-packages'
[1.417s] Level 1:colcon.colcon_core.shell:create_environment_hook('tf_manager', 'pythonpath')
[1.417s] INFO:colcon.colcon_core.shell:Creating environment hook '/home/abhirup/slam_platform/slam_ws/install/tf_manager/share/tf_manager/hook/pythonpath.ps1'
[1.417s] INFO:colcon.colcon_core.shell:Creating environment descriptor '/home/abhirup/slam_platform/slam_ws/install/tf_manager/share/tf_manager/hook/pythonpath.dsv'
[1.417s] INFO:colcon.colcon_core.shell:Creating environment hook '/home/abhirup/slam_platform/slam_ws/install/tf_manager/share/tf_manager/hook/pythonpath.sh'
[1.418s] Level 1:colcon.colcon_core.environment:checking '/home/abhirup/slam_platform/slam_ws/install/tf_manager/bin'
[1.418s] Level 1:colcon.colcon_core.environment:create_environment_scripts_only(tf_manager)
[1.418s] INFO:colcon.colcon_core.shell:Creating package script '/home/abhirup/slam_platform/slam_ws/install/tf_manager/share/tf_manager/package.ps1'
[1.419s] INFO:colcon.colcon_core.shell:Creating package descriptor '/home/abhirup/slam_platform/slam_ws/install/tf_manager/share/tf_manager/package.dsv'
[1.419s] INFO:colcon.colcon_core.shell:Creating package script '/home/abhirup/slam_platform/slam_ws/install/tf_manager/share/tf_manager/package.sh'
[1.420s] INFO:colcon.colcon_core.shell:Creating package script '/home/abhirup/slam_platform/slam_ws/install/tf_manager/share/tf_manager/package.bash'
[1.420s] INFO:colcon.colcon_core.shell:Creating package script '/home/abhirup/slam_platform/slam_ws/install/tf_manager/share/tf_manager/package.zsh'
[1.420s] Level 1:colcon.colcon_core.environment:create_file_with_runtime_dependencies(/home/abhirup/slam_platform/slam_ws/install/tf_manager/share/colcon-core/packages/tf_manager)
[1.421s] Level 1:colcon.colcon_core.shell:create_environment_hook('groung_truth_provider', 'pythonpath_develop')
[1.421s] INFO:colcon.colcon_core.shell:Creating environment hook '/home/abhirup/slam_platform/slam_ws/build/groung_truth_provider/share/groung_truth_provider/hook/pythonpath_develop.ps1'
[1.421s] DEBUG:colcon.colcon_core.event_handler.log_command:Invoked command in '/home/abhirup/slam_platform/slam_ws/build/groung_truth_provider' returned '0': DEBUGINFOD_URLS=https://debuginfod.ubuntu.com PYTHONPATH=/home/abhirup/slam_platform/slam_ws/build/groung_truth_provider/prefix_override:/usr/lib/python3/dist-packages/colcon_core/task/python/colcon_distutils_commands:/home/abhirup/slam_platform/slam_ws/install/groung_truth_provider/lib/python3.12/site-packages:${PYTHONPATH} /usr/bin/python3 -W ignore:setup.py install is deprecated -W ignore:easy_install command is deprecated setup.py develop --editable --build-directory /home/abhirup/slam_platform/slam_ws/build/groung_truth_provider/build --no-deps symlink_data
[1.422s] INFO:colcon.colcon_core.shell:Creating environment descriptor '/home/abhirup/slam_platform/slam_ws/build/groung_truth_provider/share/groung_truth_provider/hook/pythonpath_develop.dsv'
[1.422s] INFO:colcon.colcon_core.shell:Creating environment hook '/home/abhirup/slam_platform/slam_ws/build/groung_truth_provider/share/groung_truth_provider/hook/pythonpath_develop.sh'
[1.422s] Level 1:colcon.colcon_core.environment:checking '/home/abhirup/slam_platform/slam_ws/install/groung_truth_provider' for CMake module files
[1.423s] Level 1:colcon.colcon_core.environment:checking '/home/abhirup/slam_platform/slam_ws/install/groung_truth_provider' for CMake config files
[1.423s] Level 1:colcon.colcon_core.environment:checking '/home/abhirup/slam_platform/slam_ws/install/groung_truth_provider/lib'
[1.423s] Level 1:colcon.colcon_core.environment:checking '/home/abhirup/slam_platform/slam_ws/install/groung_truth_provider/bin'
[1.423s] Level 1:colcon.colcon_core.environment:checking '/home/abhirup/slam_platform/slam_ws/install/groung_truth_provider/lib/pkgconfig/groung_truth_provider.pc'
[1.423s] Level 1:colcon.colcon_core.environment:checking '/home/abhirup/slam_platform/slam_ws/install/groung_truth_provider/lib/python3.12/site-packages'
[1.424s] Level 1:colcon.colcon_core.shell:create_environment_hook('groung_truth_provider', 'pythonpath')
[1.424s] INFO:colcon.colcon_core.shell:Creating environment hook '/home/abhirup/slam_platform/slam_ws/install/groung_truth_provider/share/groung_truth_provider/hook/pythonpath.ps1'
[1.424s] INFO:colcon.colcon_core.shell:Creating environment descriptor '/home/abhirup/slam_platform/slam_ws/install/groung_truth_provider/share/groung_truth_provider/hook/pythonpath.dsv'
[1.424s] INFO:colcon.colcon_core.shell:Creating environment hook '/home/abhirup/slam_platform/slam_ws/install/groung_truth_provider/share/groung_truth_provider/hook/pythonpath.sh'
[1.425s] Level 1:colcon.colcon_core.environment:checking '/home/abhirup/slam_platform/slam_ws/install/groung_truth_provider/bin'
[1.425s] Level 1:colcon.colcon_core.environment:create_environment_scripts_only(groung_truth_provider)
[1.425s] INFO:colcon.colcon_core.shell:Creating package script '/home/abhirup/slam_platform/slam_ws/install/groung_truth_provider/share/groung_truth_provider/package.ps1'
[1.425s] INFO:colcon.colcon_core.shell:Creating package descriptor '/home/abhirup/slam_platform/slam_ws/install/groung_truth_provider/share/groung_truth_provider/package.dsv'
[1.425s] INFO:colcon.colcon_core.shell:Creating package script '/home/abhirup/slam_platform/slam_ws/install/groung_truth_provider/share/groung_truth_provider/package.sh'
[1.426s] INFO:colcon.colcon_core.shell:Creating package script '/home/abhirup/slam_platform/slam_ws/install/groung_truth_provider/share/groung_truth_provider/package.bash'
[1.426s] INFO:colcon.colcon_core.shell:Creating package script '/home/abhirup/slam_platform/slam_ws/install/groung_truth_provider/share/groung_truth_provider/package.zsh'
[1.426s] Level 1:colcon.colcon_core.environment:create_file_with_runtime_dependencies(/home/abhirup/slam_platform/slam_ws/install/groung_truth_provider/share/colcon-core/packages/groung_truth_provider)
[1.426s] Level 1:colcon.colcon_core.shell:create_environment_hook('world_manager', 'pythonpath_develop')
[1.426s] INFO:colcon.colcon_core.shell:Creating environment hook '/home/abhirup/slam_platform/slam_ws/build/world_manager/share/world_manager/hook/pythonpath_develop.ps1'
[1.427s] DEBUG:colcon.colcon_core.event_handler.log_command:Invoked command in '/home/abhirup/slam_platform/slam_ws/build/world_manager' returned '0': DEBUGINFOD_URLS=https://debuginfod.ubuntu.com PYTHONPATH=/home/abhirup/slam_platform/slam_ws/build/world_manager/prefix_override:/usr/lib/python3/dist-packages/colcon_core/task/python/colcon_distutils_commands:/home/abhirup/slam_platform/slam_ws/install/world_manager/lib/python3.12/site-packages:${PYTHONPATH} /usr/bin/python3 -W ignore:setup.py install is deprecated -W ignore:easy_install command is deprecated setup.py develop --editable --build-directory /home/abhirup/slam_platform/slam_ws/build/world_manager/build --no-deps symlink_data
[1.427s] INFO:colcon.colcon_core.shell:Creating environment descriptor '/home/abhirup/slam_platform/slam_ws/build/world_manager/share/world_manager/hook/pythonpath_develop.dsv'
[1.427s] INFO:colcon.colcon_core.shell:Creating environment hook '/home/abhirup/slam_platform/slam_ws/build/world_manager/share/world_manager/hook/pythonpath_develop.sh'
[1.428s] Level 1:colcon.colcon_core.environment:checking '/home/abhirup/slam_platform/slam_ws/install/world_manager' for CMake module files
[1.428s] Level 1:colcon.colcon_core.environment:checking '/home/abhirup/slam_platform/slam_ws/install/world_manager' for CMake config files
[1.428s] Level 1:colcon.colcon_core.environment:checking '/home/abhirup/slam_platform/slam_ws/install/world_manager/lib'
[1.428s] Level 1:colcon.colcon_core.environment:checking '/home/abhirup/slam_platform/slam_ws/install/world_manager/bin'
[1.428s] Level 1:colcon.colcon_core.environment:checking '/home/abhirup/slam_platform/slam_ws/install/world_manager/lib/pkgconfig/world_manager.pc'
[1.428s] Level 1:colcon.colcon_core.environment:checking '/home/abhirup/slam_platform/slam_ws/install/world_manager/lib/python3.12/site-packages'
[1.428s] Level 1:colcon.colcon_core.shell:create_environment_hook('world_manager', 'pythonpath')
[1.428s] INFO:colcon.colcon_core.shell:Creating environment hook '/home/abhirup/slam_platform/slam_ws/install/world_manager/share/world_manager/hook/pythonpath.ps1'
[1.429s] INFO:colcon.colcon_core.shell:Creating environment descriptor '/home/abhirup/slam_platform/slam_ws/install/world_manager/share/world_manager/hook/pythonpath.dsv'
[1.429s] INFO:colcon.colcon_core.shell:Creating environment hook '/home/abhirup/slam_platform/slam_ws/install/world_manager/share/world_manager/hook/pythonpath.sh'
[1.429s] Level 1:colcon.colcon_core.environment:checking '/home/abhirup/slam_platform/slam_ws/install/world_manager/bin'
[1.429s] Level 1:colcon.colcon_core.environment:create_environment_scripts_only(world_manager)
[1.429s] INFO:colcon.colcon_core.shell:Creating package script '/home/abhirup/slam_platform/slam_ws/install/world_manager/share/world_manager/package.ps1'
[1.430s] INFO:colcon.colcon_core.shell:Creating package descriptor '/home/abhirup/slam_platform/slam_ws/install/world_manager/share/world_manager/package.dsv'
[1.430s] INFO:colcon.colcon_core.shell:Creating package script '/home/abhirup/slam_platform/slam_ws/install/world_manager/share/world_manager/package.sh'
[1.430s] INFO:colcon.colcon_core.shell:Creating package script '/home/abhirup/slam_platform/slam_ws/install/world_manager/share/world_manager/package.bash'
[1.430s] INFO:colcon.colcon_core.shell:Creating package script '/home/abhirup/slam_platform/slam_ws/install/world_manager/share/world_manager/package.zsh'
[1.430s] Level 1:colcon.colcon_core.environment:create_file_with_runtime_dependencies(/home/abhirup/slam_platform/slam_ws/install/world_manager/share/colcon-core/packages/world_manager)
[1.431s] Level 1:colcon.colcon_core.shell:create_environment_hook('evaluator_ros', 'pythonpath_develop')
[1.431s] INFO:colcon.colcon_core.shell:Creating environment hook '/home/abhirup/slam_platform/slam_ws/build/evaluator_ros/share/evaluator_ros/hook/pythonpath_develop.ps1'
[1.431s] DEBUG:colcon.colcon_core.event_handler.log_command:Invoked command in '/home/abhirup/slam_platform/slam_ws/build/evaluator_ros' returned '0': DEBUGINFOD_URLS=https://debuginfod.ubuntu.com PYTHONPATH=/home/abhirup/slam_platform/slam_ws/build/evaluator_ros/prefix_override:/usr/lib/python3/dist-packages/colcon_core/task/python/colcon_distutils_commands:/home/abhirup/slam_platform/slam_ws/install/evaluator_ros/lib/python3.12/site-packages:${PYTHONPATH} /usr/bin/python3 -W ignore:setup.py install is deprecated -W ignore:easy_install command is deprecated setup.py develop --editable --build-directory /home/abhirup/slam_platform/slam_ws/build/evaluator_ros/build --no-deps symlink_data
[1.432s] INFO:colcon.colcon_core.shell:Creating environment descriptor '/home/abhirup/slam_platform/slam_ws/build/evaluator_ros/share/evaluator_ros/hook/pythonpath_develop.dsv'
[1.432s] INFO:colcon.colcon_core.shell:Creating environment hook '/home/abhirup/slam_platform/slam_ws/build/evaluator_ros/share/evaluator_ros/hook/pythonpath_develop.sh'
[1.432s] Level 1:colcon.colcon_core.environment:checking '/home/abhirup/slam_platform/slam_ws/install/evaluator_ros' for CMake module files
[1.432s] Level 1:colcon.colcon_core.environment:checking '/home/abhirup/slam_platform/slam_ws/install/evaluator_ros' for CMake config files
[1.432s] Level 1:colcon.colcon_core.environment:checking '/home/abhirup/slam_platform/slam_ws/install/evaluator_ros/lib'
[1.432s] Level 1:colcon.colcon_core.environment:checking '/home/abhirup/slam_platform/slam_ws/install/evaluator_ros/bin'
[1.433s] Level 1:colcon.colcon_core.environment:checking '/home/abhirup/slam_platform/slam_ws/install/evaluator_ros/lib/pkgconfig/evaluator_ros.pc'
[1.433s] Level 1:colcon.colcon_core.environment:checking '/home/abhirup/slam_platform/slam_ws/install/evaluator_ros/lib/python3.12/site-packages'
[1.433s] Level 1:colcon.colcon_core.shell:create_environment_hook('evaluator_ros', 'pythonpath')
[1.433s] INFO:colcon.colcon_core.shell:Creating environment hook '/home/abhirup/slam_platform/slam_ws/install/evaluator_ros/share/evaluator_ros/hook/pythonpath.ps1'
[1.433s] INFO:colcon.colcon_core.shell:Creating environment descriptor '/home/abhirup/slam_platform/slam_ws/install/evaluator_ros/share/evaluator_ros/hook/pythonpath.dsv'
[1.433s] INFO:colcon.colcon_core.shell:Creating environment hook '/home/abhirup/slam_platform/slam_ws/install/evaluator_ros/share/evaluator_ros/hook/pythonpath.sh'
[1.433s] Level 1:colcon.colcon_core.environment:checking '/home/abhirup/slam_platform/slam_ws/install/evaluator_ros/bin'
[1.433s] Level 1:colcon.colcon_core.environment:create_environment_scripts_only(evaluator_ros)
[1.434s] INFO:colcon.colcon_core.shell:Creating package script '/home/abhirup/slam_platform/slam_ws/install/evaluator_ros/share/evaluator_ros/package.ps1'
[1.434s] INFO:colcon.colcon_core.shell:Creating package descriptor '/home/abhirup/slam_platform/slam_ws/install/evaluator_ros/share/evaluator_ros/package.dsv'
[1.434s] INFO:colcon.colcon_core.shell:Creating package script '/home/abhirup/slam_platform/slam_ws/install/evaluator_ros/share/evaluator_ros/package.sh'
[1.434s] INFO:colcon.colcon_core.shell:Creating package script '/home/abhirup/slam_platform/slam_ws/install/evaluator_ros/share/evaluator_ros/package.bash'
[1.434s] INFO:colcon.colcon_core.shell:Creating package script '/home/abhirup/slam_platform/slam_ws/install/evaluator_ros/share/evaluator_ros/package.zsh'
[1.435s] Level 1:colcon.colcon_core.environment:create_file_with_runtime_dependencies(/home/abhirup/slam_platform/slam_ws/install/evaluator_ros/share/colcon-core/packages/evaluator_ros)
[1.435s] Level 1:colcon.colcon_core.shell:create_environment_hook('sensor_adapter', 'pythonpath_develop')
[1.435s] INFO:colcon.colcon_core.shell:Creating environment hook '/home/abhirup/slam_platform/slam_ws/build/sensor_adapter/share/sensor_adapter/hook/pythonpath_develop.ps1'
[1.435s] DEBUG:colcon.colcon_core.event_handler.log_command:Invoked command in '/home/abhirup/slam_platform/slam_ws/build/sensor_adapter' returned '0': DEBUGINFOD_URLS=https://debuginfod.ubuntu.com PYTHONPATH=/home/abhirup/slam_platform/slam_ws/build/sensor_adapter/prefix_override:/usr/lib/python3/dist-packages/colcon_core/task/python/colcon_distutils_commands:/home/abhirup/slam_platform/slam_ws/install/sensor_adapter/lib/python3.12/site-packages:${PYTHONPATH} /usr/bin/python3 -W ignore:setup.py install is deprecated -W ignore:easy_install command is deprecated setup.py develop --editable --build-directory /home/abhirup/slam_platform/slam_ws/build/sensor_adapter/build --no-deps symlink_data
[1.435s] INFO:colcon.colcon_core.shell:Creating environment descriptor '/home/abhirup/slam_platform/slam_ws/build/sensor_adapter/share/sensor_adapter/hook/pythonpath_develop.dsv'
[1.435s] INFO:colcon.colcon_core.shell:Creating environment hook '/home/abhirup/slam_platform/slam_ws/build/sensor_adapter/share/sensor_adapter/hook/pythonpath_develop.sh'
[1.436s] Level 1:colcon.colcon_core.environment:checking '/home/abhirup/slam_platform/slam_ws/install/sensor_adapter' for CMake module files
[1.436s] Level 1:colcon.colcon_core.environment:checking '/home/abhirup/slam_platform/slam_ws/install/sensor_adapter' for CMake config files
[1.436s] Level 1:colcon.colcon_core.environment:checking '/home/abhirup/slam_platform/slam_ws/install/sensor_adapter/lib'
[1.436s] Level 1:colcon.colcon_core.environment:checking '/home/abhirup/slam_platform/slam_ws/install/sensor_adapter/bin'
[1.436s] Level 1:colcon.colcon_core.environment:checking '/home/abhirup/slam_platform/slam_ws/install/sensor_adapter/lib/pkgconfig/sensor_adapter.pc'
[1.436s] Level 1:colcon.colcon_core.environment:checking '/home/abhirup/slam_platform/slam_ws/install/sensor_adapter/lib/python3.12/site-packages'
[1.436s] Level 1:colcon.colcon_core.shell:create_environment_hook('sensor_adapter', 'pythonpath')
[1.436s] INFO:colcon.colcon_core.shell:Creating environment hook '/home/abhirup/slam_platform/slam_ws/install/sensor_adapter/share/sensor_adapter/hook/pythonpath.ps1'
[1.437s] INFO:colcon.colcon_core.shell:Creating environment descriptor '/home/abhirup/slam_platform/slam_ws/install/sensor_adapter/share/sensor_adapter/hook/pythonpath.dsv'
[1.437s] INFO:colcon.colcon_core.shell:Creating environment hook '/home/abhirup/slam_platform/slam_ws/install/sensor_adapter/share/sensor_adapter/hook/pythonpath.sh'
[1.437s] Level 1:colcon.colcon_core.environment:checking '/home/abhirup/slam_platform/slam_ws/install/sensor_adapter/bin'
[1.437s] Level 1:colcon.colcon_core.environment:create_environment_scripts_only(sensor_adapter)
[1.437s] INFO:colcon.colcon_core.shell:Creating package script '/home/abhirup/slam_platform/slam_ws/install/sensor_adapter/share/sensor_adapter/package.ps1'
[1.438s] INFO:colcon.colcon_core.shell:Creating package descriptor '/home/abhirup/slam_platform/slam_ws/install/sensor_adapter/share/sensor_adapter/package.dsv'
[1.438s] INFO:colcon.colcon_core.shell:Creating package script '/home/abhirup/slam_platform/slam_ws/install/sensor_adapter/share/sensor_adapter/package.sh'
[1.438s] INFO:colcon.colcon_core.shell:Creating package script '/home/abhirup/slam_platform/slam_ws/install/sensor_adapter/share/sensor_adapter/package.bash'
[1.438s] INFO:colcon.colcon_core.shell:Creating package script '/home/abhirup/slam_platform/slam_ws/install/sensor_adapter/share/sensor_adapter/package.zsh'
[1.438s] Level 1:colcon.colcon_core.environment:create_file_with_runtime_dependencies(/home/abhirup/slam_platform/slam_ws/install/sensor_adapter/share/colcon-core/packages/sensor_adapter)
[1.439s] Level 1:colcon.colcon_core.shell:create_environment_hook('robot_bringup', 'pythonpath_develop')
[1.439s] DEBUG:colcon.colcon_core.event_handler.log_command:Invoked command in '/home/abhirup/slam_platform/slam_ws/build/robot_bringup' returned '0': DEBUGINFOD_URLS=https://debuginfod.ubuntu.com PYTHONPATH=/home/abhirup/slam_platform/slam_ws/build/robot_bringup/prefix_override:/usr/lib/python3/dist-packages/colcon_core/task/python/colcon_distutils_commands:/home/abhirup/slam_platform/slam_ws/install/robot_bringup/lib/python3.12/site-packages:${PYTHONPATH} /usr/bin/python3 -W ignore:setup.py install is deprecated -W ignore:easy_install command is deprecated setup.py develop --editable --build-directory /home/abhirup/slam_platform/slam_ws/build/robot_bringup/build --no-deps symlink_data
[1.439s] INFO:colcon.colcon_core.shell:Creating environment hook '/home/abhirup/slam_platform/slam_ws/build/robot_bringup/share/robot_bringup/hook/pythonpath_develop.ps1'
[1.439s] INFO:colcon.colcon_core.shell:Creating environment descriptor '/home/abhirup/slam_platform/slam_ws/build/robot_bringup/share/robot_bringup/hook/pythonpath_develop.dsv'
[1.440s] INFO:colcon.colcon_core.shell:Creating environment hook '/home/abhirup/slam_platform/slam_ws/build/robot_bringup/share/robot_bringup/hook/pythonpath_develop.sh'
[1.440s] Level 1:colcon.colcon_core.environment:checking '/home/abhirup/slam_platform/slam_ws/install/robot_bringup' for CMake module files
[1.440s] Level 1:colcon.colcon_core.environment:checking '/home/abhirup/slam_platform/slam_ws/install/robot_bringup' for CMake config files
[1.441s] Level 1:colcon.colcon_core.environment:checking '/home/abhirup/slam_platform/slam_ws/install/robot_bringup/lib'
[1.441s] Level 1:colcon.colcon_core.environment:checking '/home/abhirup/slam_platform/slam_ws/install/robot_bringup/bin'
[1.441s] Level 1:colcon.colcon_core.environment:checking '/home/abhirup/slam_platform/slam_ws/install/robot_bringup/lib/pkgconfig/robot_bringup.pc'
[1.441s] Level 1:colcon.colcon_core.environment:checking '/home/abhirup/slam_platform/slam_ws/install/robot_bringup/lib/python3.12/site-packages'
[1.441s] Level 1:colcon.colcon_core.shell:create_environment_hook('robot_bringup', 'pythonpath')
[1.441s] INFO:colcon.colcon_core.shell:Creating environment hook '/home/abhirup/slam_platform/slam_ws/install/robot_bringup/share/robot_bringup/hook/pythonpath.ps1'
[1.441s] INFO:colcon.colcon_core.shell:Creating environment descriptor '/home/abhirup/slam_platform/slam_ws/install/robot_bringup/share/robot_bringup/hook/pythonpath.dsv'
[1.442s] INFO:colcon.colcon_core.shell:Creating environment hook '/home/abhirup/slam_platform/slam_ws/install/robot_bringup/share/robot_bringup/hook/pythonpath.sh'
[1.442s] Level 1:colcon.colcon_core.environment:checking '/home/abhirup/slam_platform/slam_ws/install/robot_bringup/bin'
[1.442s] Level 1:colcon.colcon_core.environment:create_environment_scripts_only(robot_bringup)
[1.442s] INFO:colcon.colcon_core.shell:Creating package script '/home/abhirup/slam_platform/slam_ws/install/robot_bringup/share/robot_bringup/package.ps1'
[1.443s] INFO:colcon.colcon_core.shell:Creating package descriptor '/home/abhirup/slam_platform/slam_ws/install/robot_bringup/share/robot_bringup/package.dsv'
[1.443s] INFO:colcon.colcon_core.shell:Creating package script '/home/abhirup/slam_platform/slam_ws/install/robot_bringup/share/robot_bringup/package.sh'
[1.443s] INFO:colcon.colcon_core.shell:Creating package script '/home/abhirup/slam_platform/slam_ws/install/robot_bringup/share/robot_bringup/package.bash'
[1.444s] INFO:colcon.colcon_core.shell:Creating package script '/home/abhirup/slam_platform/slam_ws/install/robot_bringup/share/robot_bringup/package.zsh'
[1.444s] Level 1:colcon.colcon_core.environment:create_file_with_runtime_dependencies(/home/abhirup/slam_platform/slam_ws/install/robot_bringup/share/colcon-core/packages/robot_bringup)
[1.445s] Level 1:colcon.colcon_core.shell:create_environment_hook('ros_gz_bridge_manager', 'pythonpath_develop')
[1.445s] DEBUG:colcon.colcon_core.event_handler.log_command:Invoked command in '/home/abhirup/slam_platform/slam_ws/build/ros_gz_bridge_manager' returned '0': DEBUGINFOD_URLS=https://debuginfod.ubuntu.com PYTHONPATH=/home/abhirup/slam_platform/slam_ws/build/ros_gz_bridge_manager/prefix_override:/usr/lib/python3/dist-packages/colcon_core/task/python/colcon_distutils_commands:/home/abhirup/slam_platform/slam_ws/install/ros_gz_bridge_manager/lib/python3.12/site-packages:${PYTHONPATH} /usr/bin/python3 -W ignore:setup.py install is deprecated -W ignore:easy_install command is deprecated setup.py develop --editable --build-directory /home/abhirup/slam_platform/slam_ws/build/ros_gz_bridge_manager/build --no-deps symlink_data
[1.445s] INFO:colcon.colcon_core.shell:Creating environment hook '/home/abhirup/slam_platform/slam_ws/build/ros_gz_bridge_manager/share/ros_gz_bridge_manager/hook/pythonpath_develop.ps1'
[1.445s] INFO:colcon.colcon_core.shell:Creating environment descriptor '/home/abhirup/slam_platform/slam_ws/build/ros_gz_bridge_manager/share/ros_gz_bridge_manager/hook/pythonpath_develop.dsv'
[1.445s] INFO:colcon.colcon_core.shell:Creating environment hook '/home/abhirup/slam_platform/slam_ws/build/ros_gz_bridge_manager/share/ros_gz_bridge_manager/hook/pythonpath_develop.sh'
[1.446s] Level 1:colcon.colcon_core.environment:checking '/home/abhirup/slam_platform/slam_ws/install/ros_gz_bridge_manager' for CMake module files
[1.446s] Level 1:colcon.colcon_core.environment:checking '/home/abhirup/slam_platform/slam_ws/install/ros_gz_bridge_manager' for CMake config files
[1.446s] Level 1:colcon.colcon_core.environment:checking '/home/abhirup/slam_platform/slam_ws/install/ros_gz_bridge_manager/lib'
[1.447s] Level 1:colcon.colcon_core.environment:checking '/home/abhirup/slam_platform/slam_ws/install/ros_gz_bridge_manager/bin'
[1.447s] Level 1:colcon.colcon_core.environment:checking '/home/abhirup/slam_platform/slam_ws/install/ros_gz_bridge_manager/lib/pkgconfig/ros_gz_bridge_manager.pc'
[1.447s] Level 1:colcon.colcon_core.environment:checking '/home/abhirup/slam_platform/slam_ws/install/ros_gz_bridge_manager/lib/python3.12/site-packages'
[1.447s] Level 1:colcon.colcon_core.shell:create_environment_hook('ros_gz_bridge_manager', 'pythonpath')
[1.447s] INFO:colcon.colcon_core.shell:Creating environment hook '/home/abhirup/slam_platform/slam_ws/install/ros_gz_bridge_manager/share/ros_gz_bridge_manager/hook/pythonpath.ps1'
[1.447s] INFO:colcon.colcon_core.shell:Creating environment descriptor '/home/abhirup/slam_platform/slam_ws/install/ros_gz_bridge_manager/share/ros_gz_bridge_manager/hook/pythonpath.dsv'
[1.447s] INFO:colcon.colcon_core.shell:Creating environment hook '/home/abhirup/slam_platform/slam_ws/install/ros_gz_bridge_manager/share/ros_gz_bridge_manager/hook/pythonpath.sh'
[1.448s] Level 1:colcon.colcon_core.environment:checking '/home/abhirup/slam_platform/slam_ws/install/ros_gz_bridge_manager/bin'
[1.448s] Level 1:colcon.colcon_core.environment:create_environment_scripts_only(ros_gz_bridge_manager)
[1.448s] INFO:colcon.colcon_core.shell:Creating package script '/home/abhirup/slam_platform/slam_ws/install/ros_gz_bridge_manager/share/ros_gz_bridge_manager/package.ps1'
[1.449s] INFO:colcon.colcon_core.shell:Creating package descriptor '/home/abhirup/slam_platform/slam_ws/install/ros_gz_bridge_manager/share/ros_gz_bridge_manager/package.dsv'
[1.449s] INFO:colcon.colcon_core.shell:Creating package script '/home/abhirup/slam_platform/slam_ws/install/ros_gz_bridge_manager/share/ros_gz_bridge_manager/package.sh'
[1.449s] INFO:colcon.colcon_core.shell:Creating package script '/home/abhirup/slam_platform/slam_ws/install/ros_gz_bridge_manager/share/ros_gz_bridge_manager/package.bash'
[1.449s] INFO:colcon.colcon_core.shell:Creating package script '/home/abhirup/slam_platform/slam_ws/install/ros_gz_bridge_manager/share/ros_gz_bridge_manager/package.zsh'
[1.449s] Level 1:colcon.colcon_core.environment:create_file_with_runtime_dependencies(/home/abhirup/slam_platform/slam_ws/install/ros_gz_bridge_manager/share/colcon-core/packages/ros_gz_bridge_manager)
[1.449s] DEBUG:colcon.colcon_parallel_executor.executor.parallel:closing loop
[1.449s] DEBUG:colcon.colcon_parallel_executor.executor.parallel:loop closed
[1.449s] DEBUG:colcon.colcon_parallel_executor.executor.parallel:run_until_complete finished with '0'
[1.449s] DEBUG:colcon.colcon_core.event_reactor:joining thread
[1.453s] INFO:colcon.colcon_core.plugin_system:Skipping extension 'colcon_notification.desktop_notification.terminal_notifier': Not used on non-Darwin systems
[1.453s] INFO:colcon.colcon_core.plugin_system:Skipping extension 'colcon_notification.desktop_notification.win32': Not used on non-Windows systems
[1.453s] INFO:colcon.colcon_notification.desktop_notification:Sending desktop notification using 'notify2'
[1.466s] DEBUG:colcon.colcon_core.event_reactor:joined thread
[1.466s] INFO:colcon.colcon_core.shell:Creating prefix script '/home/abhirup/slam_platform/slam_ws/install/local_setup.ps1'
[1.466s] INFO:colcon.colcon_core.shell:Creating prefix util module '/home/abhirup/slam_platform/slam_ws/install/_local_setup_util_ps1.py'
[1.467s] INFO:colcon.colcon_core.shell:Creating prefix chain script '/home/abhirup/slam_platform/slam_ws/install/setup.ps1'
[1.467s] INFO:colcon.colcon_core.shell:Creating prefix script '/home/abhirup/slam_platform/slam_ws/install/local_setup.sh'
[1.467s] INFO:colcon.colcon_core.shell:Creating prefix util module '/home/abhirup/slam_platform/slam_ws/install/_local_setup_util_sh.py'
[1.468s] INFO:colcon.colcon_core.shell:Creating prefix chain script '/home/abhirup/slam_platform/slam_ws/install/setup.sh'
[1.468s] INFO:colcon.colcon_core.shell:Creating prefix script '/home/abhirup/slam_platform/slam_ws/install/local_setup.bash'
[1.468s] INFO:colcon.colcon_core.shell:Creating prefix chain script '/home/abhirup/slam_platform/slam_ws/install/setup.bash'
[1.469s] INFO:colcon.colcon_core.shell:Creating prefix script '/home/abhirup/slam_platform/slam_ws/install/local_setup.zsh'
[1.469s] INFO:colcon.colcon_core.shell:Creating prefix chain script '/home/abhirup/slam_platform/slam_ws/install/setup.zsh'
