[0.055s] DEBUG:colcon:Command line arguments: ['/usr/bin/colcon', 'build', '--symlink-install']
[0.055s] DEBUG:colcon:Parsed command line arguments: Namespace(log_base=None, log_level=None, verb_name='build', build_base='build', install_base='install', merge_install=False, symlink_install=True, test_result_base=None, continue_on_error=False, executor='parallel', parallel_workers=28, event_handlers=None, ignore_user_meta=False, metas=['./colcon.meta'], base_paths=['.'], packages_ignore=None, packages_ignore_regex=None, paths=None, packages_up_to=None, packages_up_to_regex=None, packages_above=None, packages_above_and_dependencies=None, packages_above_depth=None, packages_select_by_dep=None, packages_skip_by_dep=None, packages_skip_up_to=None, packages_select_build_failed=False, packages_skip_build_finished=False, packages_select_test_failures=False, packages_skip_test_passed=False, packages_select=None, packages_skip=None, packages_select_regex=None, packages_skip_regex=None, packages_start=None, packages_end=None, allow_overriding=[], cmake_args=None, cmake_target=None, cmake_target_skip_unavailable=False, cmake_clean_cache=False, cmake_clean_first=False, cmake_force_configure=False, ament_cmake_args=None, catkin_cmake_args=None, catkin_skip_building_tests=False, verb_parser=<colcon_defaults.argument_parser.defaults.DefaultArgumentsDecorator object at 0x77c9c6524c20>, verb_extension=<colcon_core.verb.build.BuildVerb object at 0x77c9c66910d0>, main=<bound method BuildVerb.main of <colcon_core.verb.build.BuildVerb object at 0x77c9c66910d0>>)
[0.079s] Level 1:colcon.colcon_core.package_discovery:discover_packages(colcon_meta) check parameters
[0.079s] Level 1:colcon.colcon_core.package_discovery:discover_packages(recursive) check parameters
[0.079s] Level 1:colcon.colcon_core.package_discovery:discover_packages(ignore) check parameters
[0.079s] Level 1:colcon.colcon_core.package_discovery:discover_packages(path) check parameters
[0.079s] Level 1:colcon.colcon_core.package_discovery:discover_packages(colcon_meta) discover
[0.079s] Level 1:colcon.colcon_core.package_discovery:discover_packages(recursive) discover
[0.079s] INFO:colcon.colcon_core.package_discovery:Crawling recursively for packages in '/home/abhirup/slam_platform/slam_ws'
[0.079s] Level 1:colcon.colcon_core.package_identification:_identify(.) by extensions ['ignore', 'ignore_ament_install']
[0.079s] Level 1:colcon.colcon_core.package_identification:_identify(.) by extension 'ignore'
[0.079s] Level 1:colcon.colcon_core.package_identification:_identify(.) by extension 'ignore_ament_install'
[0.079s] Level 1:colcon.colcon_core.package_identification:_identify(.) by extensions ['colcon_pkg']
[0.079s] Level 1:colcon.colcon_core.package_identification:_identify(.) by extension 'colcon_pkg'
[0.079s] Level 1:colcon.colcon_core.package_identification:_identify(.) by extensions ['colcon_meta']
[0.079s] Level 1:colcon.colcon_core.package_identification:_identify(.) by extension 'colcon_meta'
[0.079s] Level 1:colcon.colcon_core.package_identification:_identify(.) by extensions ['ros']
[0.079s] Level 1:colcon.colcon_core.package_identification:_identify(.) by extension 'ros'
[0.098s] Level 1:colcon.colcon_core.package_identification:_identify(.) by extensions ['cmake', 'python']
[0.098s] Level 1:colcon.colcon_core.package_identification:_identify(.) by extension 'cmake'
[0.098s] Level 1:colcon.colcon_core.package_identification:_identify(.) by extension 'python'
[0.098s] Level 1:colcon.colcon_core.package_identification:_identify(.) by extensions ['python_setup_py']
[0.098s] Level 1:colcon.colcon_core.package_identification:_identify(.) by extension 'python_setup_py'
[0.098s] Level 1:colcon.colcon_core.package_identification:_identify(build) by extensions ['ignore', 'ignore_ament_install']
[0.098s] Level 1:colcon.colcon_core.package_identification:_identify(build) by extension 'ignore'
[0.098s] Level 1:colcon.colcon_core.package_identification:_identify(build) ignored
[0.098s] Level 1:colcon.colcon_core.package_identification:_identify(install) by extensions ['ignore', 'ignore_ament_install']
[0.098s] Level 1:colcon.colcon_core.package_identification:_identify(install) by extension 'ignore'
[0.098s] Level 1:colcon.colcon_core.package_identification:_identify(install) ignored
[0.098s] Level 1:colcon.colcon_core.package_identification:_identify(log) by extensions ['ignore', 'ignore_ament_install']
[0.098s] Level 1:colcon.colcon_core.package_identification:_identify(log) by extension 'ignore'
[0.098s] Level 1:colcon.colcon_core.package_identification:_identify(log) ignored
[0.098s] Level 1:colcon.colcon_core.package_identification:_identify(robots) by extensions ['ignore', 'ignore_ament_install']
[0.098s] Level 1:colcon.colcon_core.package_identification:_identify(robots) by extension 'ignore'
[0.098s] Level 1:colcon.colcon_core.package_identification:_identify(robots) by extension 'ignore_ament_install'
[0.098s] Level 1:colcon.colcon_core.package_identification:_identify(robots) by extensions ['colcon_pkg']
[0.098s] Level 1:colcon.colcon_core.package_identification:_identify(robots) by extension 'colcon_pkg'
[0.098s] Level 1:colcon.colcon_core.package_identification:_identify(robots) by extensions ['colcon_meta']
[0.098s] Level 1:colcon.colcon_core.package_identification:_identify(robots) by extension 'colcon_meta'
[0.098s] Level 1:colcon.colcon_core.package_identification:_identify(robots) by extensions ['ros']
[0.098s] Level 1:colcon.colcon_core.package_identification:_identify(robots) by extension 'ros'
[0.098s] Level 1:colcon.colcon_core.package_identification:_identify(robots) by extensions ['cmake', 'python']
[0.098s] Level 1:colcon.colcon_core.package_identification:_identify(robots) by extension 'cmake'
[0.098s] Level 1:colcon.colcon_core.package_identification:_identify(robots) by extension 'python'
[0.098s] Level 1:colcon.colcon_core.package_identification:_identify(robots) by extensions ['python_setup_py']
[0.098s] Level 1:colcon.colcon_core.package_identification:_identify(robots) by extension 'python_setup_py'
[0.098s] Level 1:colcon.colcon_core.package_identification:_identify(robots/ackerman_robot) by extensions ['ignore', 'ignore_ament_install']
[0.098s] Level 1:colcon.colcon_core.package_identification:_identify(robots/ackerman_robot) by extension 'ignore'
[0.099s] Level 1:colcon.colcon_core.package_identification:_identify(robots/ackerman_robot) by extension 'ignore_ament_install'
[0.099s] Level 1:colcon.colcon_core.package_identification:_identify(robots/ackerman_robot) by extensions ['colcon_pkg']
[0.099s] Level 1:colcon.colcon_core.package_identification:_identify(robots/ackerman_robot) by extension 'colcon_pkg'
[0.099s] Level 1:colcon.colcon_core.package_identification:_identify(robots/ackerman_robot) by extensions ['colcon_meta']
[0.099s] Level 1:colcon.colcon_core.package_identification:_identify(robots/ackerman_robot) by extension 'colcon_meta'
[0.099s] Level 1:colcon.colcon_core.package_identification:_identify(robots/ackerman_robot) by extensions ['ros']
[0.099s] Level 1:colcon.colcon_core.package_identification:_identify(robots/ackerman_robot) by extension 'ros'
[0.099s] Level 1:colcon.colcon_core.package_identification:_identify(robots/ackerman_robot) by extensions ['cmake', 'python']
[0.099s] Level 1:colcon.colcon_core.package_identification:_identify(robots/ackerman_robot) by extension 'cmake'
[0.099s] Level 1:colcon.colcon_core.package_identification:_identify(robots/ackerman_robot) by extension 'python'
[0.099s] Level 1:colcon.colcon_core.package_identification:_identify(robots/ackerman_robot) by extensions ['python_setup_py']
[0.099s] Level 1:colcon.colcon_core.package_identification:_identify(robots/ackerman_robot) by extension 'python_setup_py'
[0.099s] Level 1:colcon.colcon_core.package_identification:_identify(robots/differential_robot) by extensions ['ignore', 'ignore_ament_install']
[0.099s] Level 1:colcon.colcon_core.package_identification:_identify(robots/differential_robot) by extension 'ignore'
[0.099s] Level 1:colcon.colcon_core.package_identification:_identify(robots/differential_robot) by extension 'ignore_ament_install'
[0.099s] Level 1:colcon.colcon_core.package_identification:_identify(robots/differential_robot) by extensions ['colcon_pkg']
[0.099s] Level 1:colcon.colcon_core.package_identification:_identify(robots/differential_robot) by extension 'colcon_pkg'
[0.099s] Level 1:colcon.colcon_core.package_identification:_identify(robots/differential_robot) by extensions ['colcon_meta']
[0.099s] Level 1:colcon.colcon_core.package_identification:_identify(robots/differential_robot) by extension 'colcon_meta'
[0.099s] Level 1:colcon.colcon_core.package_identification:_identify(robots/differential_robot) by extensions ['ros']
[0.099s] Level 1:colcon.colcon_core.package_identification:_identify(robots/differential_robot) by extension 'ros'
[0.099s] Level 1:colcon.colcon_core.package_identification:_identify(robots/differential_robot) by extensions ['cmake', 'python']
[0.099s] Level 1:colcon.colcon_core.package_identification:_identify(robots/differential_robot) by extension 'cmake'
[0.099s] Level 1:colcon.colcon_core.package_identification:_identify(robots/differential_robot) by extension 'python'
[0.099s] Level 1:colcon.colcon_core.package_identification:_identify(robots/differential_robot) by extensions ['python_setup_py']
[0.099s] Level 1:colcon.colcon_core.package_identification:_identify(robots/differential_robot) by extension 'python_setup_py'
[0.099s] Level 1:colcon.colcon_core.package_identification:_identify(robots/differential_robot/config) by extensions ['ignore', 'ignore_ament_install']
[0.099s] Level 1:colcon.colcon_core.package_identification:_identify(robots/differential_robot/config) by extension 'ignore'
[0.099s] Level 1:colcon.colcon_core.package_identification:_identify(robots/differential_robot/config) by extension 'ignore_ament_install'
[0.099s] Level 1:colcon.colcon_core.package_identification:_identify(robots/differential_robot/config) by extensions ['colcon_pkg']
[0.099s] Level 1:colcon.colcon_core.package_identification:_identify(robots/differential_robot/config) by extension 'colcon_pkg'
[0.099s] Level 1:colcon.colcon_core.package_identification:_identify(robots/differential_robot/config) by extensions ['colcon_meta']
[0.099s] Level 1:colcon.colcon_core.package_identification:_identify(robots/differential_robot/config) by extension 'colcon_meta'
[0.099s] Level 1:colcon.colcon_core.package_identification:_identify(robots/differential_robot/config) by extensions ['ros']
[0.099s] Level 1:colcon.colcon_core.package_identification:_identify(robots/differential_robot/config) by extension 'ros'
[0.099s] Level 1:colcon.colcon_core.package_identification:_identify(robots/differential_robot/config) by extensions ['cmake', 'python']
[0.099s] Level 1:colcon.colcon_core.package_identification:_identify(robots/differential_robot/config) by extension 'cmake'
[0.099s] Level 1:colcon.colcon_core.package_identification:_identify(robots/differential_robot/config) by extension 'python'
[0.099s] Level 1:colcon.colcon_core.package_identification:_identify(robots/differential_robot/config) by extensions ['python_setup_py']
[0.099s] Level 1:colcon.colcon_core.package_identification:_identify(robots/differential_robot/config) by extension 'python_setup_py'
[0.099s] Level 1:colcon.colcon_core.package_identification:_identify(robots/differential_robot/meshes) by extensions ['ignore', 'ignore_ament_install']
[0.099s] Level 1:colcon.colcon_core.package_identification:_identify(robots/differential_robot/meshes) by extension 'ignore'
[0.099s] Level 1:colcon.colcon_core.package_identification:_identify(robots/differential_robot/meshes) by extension 'ignore_ament_install'
[0.099s] Level 1:colcon.colcon_core.package_identification:_identify(robots/differential_robot/meshes) by extensions ['colcon_pkg']
[0.099s] Level 1:colcon.colcon_core.package_identification:_identify(robots/differential_robot/meshes) by extension 'colcon_pkg'
[0.099s] Level 1:colcon.colcon_core.package_identification:_identify(robots/differential_robot/meshes) by extensions ['colcon_meta']
[0.099s] Level 1:colcon.colcon_core.package_identification:_identify(robots/differential_robot/meshes) by extension 'colcon_meta'
[0.099s] Level 1:colcon.colcon_core.package_identification:_identify(robots/differential_robot/meshes) by extensions ['ros']
[0.099s] Level 1:colcon.colcon_core.package_identification:_identify(robots/differential_robot/meshes) by extension 'ros'
[0.100s] Level 1:colcon.colcon_core.package_identification:_identify(robots/differential_robot/meshes) by extensions ['cmake', 'python']
[0.100s] Level 1:colcon.colcon_core.package_identification:_identify(robots/differential_robot/meshes) by extension 'cmake'
[0.100s] Level 1:colcon.colcon_core.package_identification:_identify(robots/differential_robot/meshes) by extension 'python'
[0.100s] Level 1:colcon.colcon_core.package_identification:_identify(robots/differential_robot/meshes) by extensions ['python_setup_py']
[0.100s] Level 1:colcon.colcon_core.package_identification:_identify(robots/differential_robot/meshes) by extension 'python_setup_py'
[0.100s] Level 1:colcon.colcon_core.package_identification:_identify(robots/differential_robot/urdf) by extensions ['ignore', 'ignore_ament_install']
[0.100s] Level 1:colcon.colcon_core.package_identification:_identify(robots/differential_robot/urdf) by extension 'ignore'
[0.100s] Level 1:colcon.colcon_core.package_identification:_identify(robots/differential_robot/urdf) by extension 'ignore_ament_install'
[0.100s] Level 1:colcon.colcon_core.package_identification:_identify(robots/differential_robot/urdf) by extensions ['colcon_pkg']
[0.100s] Level 1:colcon.colcon_core.package_identification:_identify(robots/differential_robot/urdf) by extension 'colcon_pkg'
[0.100s] Level 1:colcon.colcon_core.package_identification:_identify(robots/differential_robot/urdf) by extensions ['colcon_meta']
[0.100s] Level 1:colcon.colcon_core.package_identification:_identify(robots/differential_robot/urdf) by extension 'colcon_meta'
[0.100s] Level 1:colcon.colcon_core.package_identification:_identify(robots/differential_robot/urdf) by extensions ['ros']
[0.100s] Level 1:colcon.colcon_core.package_identification:_identify(robots/differential_robot/urdf) by extension 'ros'
[0.100s] Level 1:colcon.colcon_core.package_identification:_identify(robots/differential_robot/urdf) by extensions ['cmake', 'python']
[0.100s] Level 1:colcon.colcon_core.package_identification:_identify(robots/differential_robot/urdf) by extension 'cmake'
[0.100s] Level 1:colcon.colcon_core.package_identification:_identify(robots/differential_robot/urdf) by extension 'python'
[0.100s] Level 1:colcon.colcon_core.package_identification:_identify(robots/differential_robot/urdf) by extensions ['python_setup_py']
[0.100s] Level 1:colcon.colcon_core.package_identification:_identify(robots/differential_robot/urdf) by extension 'python_setup_py'
[0.100s] Level 1:colcon.colcon_core.package_identification:_identify(robots/differential_robot/urdf/build) by extensions ['ignore', 'ignore_ament_install']
[0.100s] Level 1:colcon.colcon_core.package_identification:_identify(robots/differential_robot/urdf/build) by extension 'ignore'
[0.100s] Level 1:colcon.colcon_core.package_identification:_identify(robots/differential_robot/urdf/build) ignored
[0.100s] Level 1:colcon.colcon_core.package_identification:_identify(robots/differential_robot/urdf/install) by extensions ['ignore', 'ignore_ament_install']
[0.100s] Level 1:colcon.colcon_core.package_identification:_identify(robots/differential_robot/urdf/install) by extension 'ignore'
[0.100s] Level 1:colcon.colcon_core.package_identification:_identify(robots/differential_robot/urdf/install) ignored
[0.100s] Level 1:colcon.colcon_core.package_identification:_identify(robots/differential_robot/urdf/log) by extensions ['ignore', 'ignore_ament_install']
[0.100s] Level 1:colcon.colcon_core.package_identification:_identify(robots/differential_robot/urdf/log) by extension 'ignore'
[0.100s] Level 1:colcon.colcon_core.package_identification:_identify(robots/differential_robot/urdf/log) ignored
[0.100s] Level 1:colcon.colcon_core.package_identification:_identify(src) by extensions ['ignore', 'ignore_ament_install']
[0.100s] Level 1:colcon.colcon_core.package_identification:_identify(src) by extension 'ignore'
[0.100s] Level 1:colcon.colcon_core.package_identification:_identify(src) by extension 'ignore_ament_install'
[0.100s] Level 1:colcon.colcon_core.package_identification:_identify(src) by extensions ['colcon_pkg']
[0.100s] Level 1:colcon.colcon_core.package_identification:_identify(src) by extension 'colcon_pkg'
[0.100s] Level 1:colcon.colcon_core.package_identification:_identify(src) by extensions ['colcon_meta']
[0.100s] Level 1:colcon.colcon_core.package_identification:_identify(src) by extension 'colcon_meta'
[0.100s] Level 1:colcon.colcon_core.package_identification:_identify(src) by extensions ['ros']
[0.100s] Level 1:colcon.colcon_core.package_identification:_identify(src) by extension 'ros'
[0.100s] Level 1:colcon.colcon_core.package_identification:_identify(src) by extensions ['cmake', 'python']
[0.100s] Level 1:colcon.colcon_core.package_identification:_identify(src) by extension 'cmake'
[0.100s] Level 1:colcon.colcon_core.package_identification:_identify(src) by extension 'python'
[0.100s] Level 1:colcon.colcon_core.package_identification:_identify(src) by extensions ['python_setup_py']
[0.100s] Level 1:colcon.colcon_core.package_identification:_identify(src) by extension 'python_setup_py'
[0.101s] Level 1:colcon.colcon_core.package_identification:_identify(src/evaluator_ros) by extensions ['ignore', 'ignore_ament_install']
[0.101s] Level 1:colcon.colcon_core.package_identification:_identify(src/evaluator_ros) by extension 'ignore'
[0.101s] Level 1:colcon.colcon_core.package_identification:_identify(src/evaluator_ros) by extension 'ignore_ament_install'
[0.101s] Level 1:colcon.colcon_core.package_identification:_identify(src/evaluator_ros) by extensions ['colcon_pkg']
[0.101s] Level 1:colcon.colcon_core.package_identification:_identify(src/evaluator_ros) by extension 'colcon_pkg'
[0.101s] Level 1:colcon.colcon_core.package_identification:_identify(src/evaluator_ros) by extensions ['colcon_meta']
[0.101s] Level 1:colcon.colcon_core.package_identification:_identify(src/evaluator_ros) by extension 'colcon_meta'
[0.101s] Level 1:colcon.colcon_core.package_identification:_identify(src/evaluator_ros) by extensions ['ros']
[0.101s] Level 1:colcon.colcon_core.package_identification:_identify(src/evaluator_ros) by extension 'ros'
[0.102s] DEBUG:colcon.colcon_core.package_identification:Package 'src/evaluator_ros' with type 'ros.ament_python' and name 'evaluator_ros'
[0.102s] Level 1:colcon.colcon_core.package_identification:_identify(src/experiment_manager) by extensions ['ignore', 'ignore_ament_install']
[0.102s] Level 1:colcon.colcon_core.package_identification:_identify(src/experiment_manager) by extension 'ignore'
[0.102s] Level 1:colcon.colcon_core.package_identification:_identify(src/experiment_manager) by extension 'ignore_ament_install'
[0.102s] Level 1:colcon.colcon_core.package_identification:_identify(src/experiment_manager) by extensions ['colcon_pkg']
[0.102s] Level 1:colcon.colcon_core.package_identification:_identify(src/experiment_manager) by extension 'colcon_pkg'
[0.102s] Level 1:colcon.colcon_core.package_identification:_identify(src/experiment_manager) by extensions ['colcon_meta']
[0.102s] Level 1:colcon.colcon_core.package_identification:_identify(src/experiment_manager) by extension 'colcon_meta'
[0.102s] Level 1:colcon.colcon_core.package_identification:_identify(src/experiment_manager) by extensions ['ros']
[0.102s] Level 1:colcon.colcon_core.package_identification:_identify(src/experiment_manager) by extension 'ros'
[0.103s] DEBUG:colcon.colcon_core.package_identification:Package 'src/experiment_manager' with type 'ros.ament_python' and name 'experiment_manager'
[0.103s] Level 1:colcon.colcon_core.package_identification:_identify(src/groung_truth_provider) by extensions ['ignore', 'ignore_ament_install']
[0.103s] Level 1:colcon.colcon_core.package_identification:_identify(src/groung_truth_provider) by extension 'ignore'
[0.103s] Level 1:colcon.colcon_core.package_identification:_identify(src/groung_truth_provider) by extension 'ignore_ament_install'
[0.103s] Level 1:colcon.colcon_core.package_identification:_identify(src/groung_truth_provider) by extensions ['colcon_pkg']
[0.103s] Level 1:colcon.colcon_core.package_identification:_identify(src/groung_truth_provider) by extension 'colcon_pkg'
[0.103s] Level 1:colcon.colcon_core.package_identification:_identify(src/groung_truth_provider) by extensions ['colcon_meta']
[0.103s] Level 1:colcon.colcon_core.package_identification:_identify(src/groung_truth_provider) by extension 'colcon_meta'
[0.103s] Level 1:colcon.colcon_core.package_identification:_identify(src/groung_truth_provider) by extensions ['ros']
[0.103s] Level 1:colcon.colcon_core.package_identification:_identify(src/groung_truth_provider) by extension 'ros'
[0.103s] DEBUG:colcon.colcon_core.package_identification:Package 'src/groung_truth_provider' with type 'ros.ament_python' and name 'groung_truth_provider'
[0.103s] Level 1:colcon.colcon_core.package_identification:_identify(src/robot_bringup) by extensions ['ignore', 'ignore_ament_install']
[0.103s] Level 1:colcon.colcon_core.package_identification:_identify(src/robot_bringup) by extension 'ignore'
[0.103s] Level 1:colcon.colcon_core.package_identification:_identify(src/robot_bringup) by extension 'ignore_ament_install'
[0.103s] Level 1:colcon.colcon_core.package_identification:_identify(src/robot_bringup) by extensions ['colcon_pkg']
[0.103s] Level 1:colcon.colcon_core.package_identification:_identify(src/robot_bringup) by extension 'colcon_pkg'
[0.103s] Level 1:colcon.colcon_core.package_identification:_identify(src/robot_bringup) by extensions ['colcon_meta']
[0.103s] Level 1:colcon.colcon_core.package_identification:_identify(src/robot_bringup) by extension 'colcon_meta'
[0.103s] Level 1:colcon.colcon_core.package_identification:_identify(src/robot_bringup) by extensions ['ros']
[0.103s] Level 1:colcon.colcon_core.package_identification:_identify(src/robot_bringup) by extension 'ros'
[0.104s] DEBUG:colcon.colcon_core.package_identification:Package 'src/robot_bringup' with type 'ros.ament_python' and name 'robot_bringup'
[0.104s] Level 1:colcon.colcon_core.package_identification:_identify(src/ros_gz_bridge_manager) by extensions ['ignore', 'ignore_ament_install']
[0.104s] Level 1:colcon.colcon_core.package_identification:_identify(src/ros_gz_bridge_manager) by extension 'ignore'
[0.104s] Level 1:colcon.colcon_core.package_identification:_identify(src/ros_gz_bridge_manager) by extension 'ignore_ament_install'
[0.104s] Level 1:colcon.colcon_core.package_identification:_identify(src/ros_gz_bridge_manager) by extensions ['colcon_pkg']
[0.104s] Level 1:colcon.colcon_core.package_identification:_identify(src/ros_gz_bridge_manager) by extension 'colcon_pkg'
[0.104s] Level 1:colcon.colcon_core.package_identification:_identify(src/ros_gz_bridge_manager) by extensions ['colcon_meta']
[0.104s] Level 1:colcon.colcon_core.package_identification:_identify(src/ros_gz_bridge_manager) by extension 'colcon_meta'
[0.104s] Level 1:colcon.colcon_core.package_identification:_identify(src/ros_gz_bridge_manager) by extensions ['ros']
[0.104s] Level 1:colcon.colcon_core.package_identification:_identify(src/ros_gz_bridge_manager) by extension 'ros'
[0.105s] DEBUG:colcon.colcon_core.package_identification:Package 'src/ros_gz_bridge_manager' with type 'ros.ament_python' and name 'ros_gz_bridge_manager'
[0.105s] Level 1:colcon.colcon_core.package_identification:_identify(src/sensor_adapter) by extensions ['ignore', 'ignore_ament_install']
[0.105s] Level 1:colcon.colcon_core.package_identification:_identify(src/sensor_adapter) by extension 'ignore'
[0.105s] Level 1:colcon.colcon_core.package_identification:_identify(src/sensor_adapter) by extension 'ignore_ament_install'
[0.105s] Level 1:colcon.colcon_core.package_identification:_identify(src/sensor_adapter) by extensions ['colcon_pkg']
[0.105s] Level 1:colcon.colcon_core.package_identification:_identify(src/sensor_adapter) by extension 'colcon_pkg'
[0.105s] Level 1:colcon.colcon_core.package_identification:_identify(src/sensor_adapter) by extensions ['colcon_meta']
[0.105s] Level 1:colcon.colcon_core.package_identification:_identify(src/sensor_adapter) by extension 'colcon_meta'
[0.105s] Level 1:colcon.colcon_core.package_identification:_identify(src/sensor_adapter) by extensions ['ros']
[0.105s] Level 1:colcon.colcon_core.package_identification:_identify(src/sensor_adapter) by extension 'ros'
[0.106s] DEBUG:colcon.colcon_core.package_identification:Package 'src/sensor_adapter' with type 'ros.ament_python' and name 'sensor_adapter'
[0.106s] Level 1:colcon.colcon_core.package_identification:_identify(src/slam_interfaces) by extensions ['ignore', 'ignore_ament_install']
[0.106s] Level 1:colcon.colcon_core.package_identification:_identify(src/slam_interfaces) by extension 'ignore'
[0.106s] Level 1:colcon.colcon_core.package_identification:_identify(src/slam_interfaces) by extension 'ignore_ament_install'
[0.106s] Level 1:colcon.colcon_core.package_identification:_identify(src/slam_interfaces) by extensions ['colcon_pkg']
[0.106s] Level 1:colcon.colcon_core.package_identification:_identify(src/slam_interfaces) by extension 'colcon_pkg'
[0.106s] Level 1:colcon.colcon_core.package_identification:_identify(src/slam_interfaces) by extensions ['colcon_meta']
[0.106s] Level 1:colcon.colcon_core.package_identification:_identify(src/slam_interfaces) by extension 'colcon_meta'
[0.106s] Level 1:colcon.colcon_core.package_identification:_identify(src/slam_interfaces) by extensions ['ros']
[0.106s] Level 1:colcon.colcon_core.package_identification:_identify(src/slam_interfaces) by extension 'ros'
[0.106s] DEBUG:colcon.colcon_core.package_identification:Package 'src/slam_interfaces' with type 'ros.ament_cmake' and name 'slam_interfaces'
[0.106s] Level 1:colcon.colcon_core.package_identification:_identify(src/tf_manager) by extensions ['ignore', 'ignore_ament_install']
[0.107s] Level 1:colcon.colcon_core.package_identification:_identify(src/tf_manager) by extension 'ignore'
[0.107s] Level 1:colcon.colcon_core.package_identification:_identify(src/tf_manager) by extension 'ignore_ament_install'
[0.107s] Level 1:colcon.colcon_core.package_identification:_identify(src/tf_manager) by extensions ['colcon_pkg']
[0.107s] Level 1:colcon.colcon_core.package_identification:_identify(src/tf_manager) by extension 'colcon_pkg'
[0.107s] Level 1:colcon.colcon_core.package_identification:_identify(src/tf_manager) by extensions ['colcon_meta']
[0.107s] Level 1:colcon.colcon_core.package_identification:_identify(src/tf_manager) by extension 'colcon_meta'
[0.107s] Level 1:colcon.colcon_core.package_identification:_identify(src/tf_manager) by extensions ['ros']
[0.107s] Level 1:colcon.colcon_core.package_identification:_identify(src/tf_manager) by extension 'ros'
[0.107s] DEBUG:colcon.colcon_core.package_identification:Package 'src/tf_manager' with type 'ros.ament_python' and name 'tf_manager'
[0.107s] Level 1:colcon.colcon_core.package_identification:_identify(src/world_manager) by extensions ['ignore', 'ignore_ament_install']
[0.107s] Level 1:colcon.colcon_core.package_identification:_identify(src/world_manager) by extension 'ignore'
[0.107s] Level 1:colcon.colcon_core.package_identification:_identify(src/world_manager) by extension 'ignore_ament_install'
[0.108s] Level 1:colcon.colcon_core.package_identification:_identify(src/world_manager) by extensions ['colcon_pkg']
[0.108s] Level 1:colcon.colcon_core.package_identification:_identify(src/world_manager) by extension 'colcon_pkg'
[0.108s] Level 1:colcon.colcon_core.package_identification:_identify(src/world_manager) by extensions ['colcon_meta']
[0.108s] Level 1:colcon.colcon_core.package_identification:_identify(src/world_manager) by extension 'colcon_meta'
[0.108s] Level 1:colcon.colcon_core.package_identification:_identify(src/world_manager) by extensions ['ros']
[0.108s] Level 1:colcon.colcon_core.package_identification:_identify(src/world_manager) by extension 'ros'
[0.108s] DEBUG:colcon.colcon_core.package_identification:Package 'src/world_manager' with type 'ros.ament_python' and name 'world_manager'
[0.108s] Level 1:colcon.colcon_core.package_identification:_identify(worlds) by extensions ['ignore', 'ignore_ament_install']
[0.108s] Level 1:colcon.colcon_core.package_identification:_identify(worlds) by extension 'ignore'
[0.108s] Level 1:colcon.colcon_core.package_identification:_identify(worlds) by extension 'ignore_ament_install'
[0.108s] Level 1:colcon.colcon_core.package_identification:_identify(worlds) by extensions ['colcon_pkg']
[0.108s] Level 1:colcon.colcon_core.package_identification:_identify(worlds) by extension 'colcon_pkg'
[0.108s] Level 1:colcon.colcon_core.package_identification:_identify(worlds) by extensions ['colcon_meta']
[0.108s] Level 1:colcon.colcon_core.package_identification:_identify(worlds) by extension 'colcon_meta'
[0.108s] Level 1:colcon.colcon_core.package_identification:_identify(worlds) by extensions ['ros']
[0.108s] Level 1:colcon.colcon_core.package_identification:_identify(worlds) by extension 'ros'
[0.109s] Level 1:colcon.colcon_core.package_identification:_identify(worlds) by extensions ['cmake', 'python']
[0.109s] Level 1:colcon.colcon_core.package_identification:_identify(worlds) by extension 'cmake'
[0.109s] Level 1:colcon.colcon_core.package_identification:_identify(worlds) by extension 'python'
[0.109s] Level 1:colcon.colcon_core.package_identification:_identify(worlds) by extensions ['python_setup_py']
[0.109s] Level 1:colcon.colcon_core.package_identification:_identify(worlds) by extension 'python_setup_py'
[0.109s] Level 1:colcon.colcon_core.package_identification:_identify(worlds/corridor) by extensions ['ignore', 'ignore_ament_install']
[0.109s] Level 1:colcon.colcon_core.package_identification:_identify(worlds/corridor) by extension 'ignore'
[0.109s] Level 1:colcon.colcon_core.package_identification:_identify(worlds/corridor) by extension 'ignore_ament_install'
[0.109s] Level 1:colcon.colcon_core.package_identification:_identify(worlds/corridor) by extensions ['colcon_pkg']
[0.109s] Level 1:colcon.colcon_core.package_identification:_identify(worlds/corridor) by extension 'colcon_pkg'
[0.109s] Level 1:colcon.colcon_core.package_identification:_identify(worlds/corridor) by extensions ['colcon_meta']
[0.109s] Level 1:colcon.colcon_core.package_identification:_identify(worlds/corridor) by extension 'colcon_meta'
[0.109s] Level 1:colcon.colcon_core.package_identification:_identify(worlds/corridor) by extensions ['ros']
[0.109s] Level 1:colcon.colcon_core.package_identification:_identify(worlds/corridor) by extension 'ros'
[0.109s] Level 1:colcon.colcon_core.package_identification:_identify(worlds/corridor) by extensions ['cmake', 'python']
[0.109s] Level 1:colcon.colcon_core.package_identification:_identify(worlds/corridor) by extension 'cmake'
[0.109s] Level 1:colcon.colcon_core.package_identification:_identify(worlds/corridor) by extension 'python'
[0.109s] Level 1:colcon.colcon_core.package_identification:_identify(worlds/corridor) by extensions ['python_setup_py']
[0.109s] Level 1:colcon.colcon_core.package_identification:_identify(worlds/corridor) by extension 'python_setup_py'
[0.109s] Level 1:colcon.colcon_core.package_identification:_identify(worlds/multiroom) by extensions ['ignore', 'ignore_ament_install']
[0.109s] Level 1:colcon.colcon_core.package_identification:_identify(worlds/multiroom) by extension 'ignore'
[0.109s] Level 1:colcon.colcon_core.package_identification:_identify(worlds/multiroom) by extension 'ignore_ament_install'
[0.109s] Level 1:colcon.colcon_core.package_identification:_identify(worlds/multiroom) by extensions ['colcon_pkg']
[0.109s] Level 1:colcon.colcon_core.package_identification:_identify(worlds/multiroom) by extension 'colcon_pkg'
[0.109s] Level 1:colcon.colcon_core.package_identification:_identify(worlds/multiroom) by extensions ['colcon_meta']
[0.110s] Level 1:colcon.colcon_core.package_identification:_identify(worlds/multiroom) by extension 'colcon_meta'
[0.110s] Level 1:colcon.colcon_core.package_identification:_identify(worlds/multiroom) by extensions ['ros']
[0.110s] Level 1:colcon.colcon_core.package_identification:_identify(worlds/multiroom) by extension 'ros'
[0.110s] Level 1:colcon.colcon_core.package_identification:_identify(worlds/multiroom) by extensions ['cmake', 'python']
[0.110s] Level 1:colcon.colcon_core.package_identification:_identify(worlds/multiroom) by extension 'cmake'
[0.110s] Level 1:colcon.colcon_core.package_identification:_identify(worlds/multiroom) by extension 'python'
[0.110s] Level 1:colcon.colcon_core.package_identification:_identify(worlds/multiroom) by extensions ['python_setup_py']
[0.110s] Level 1:colcon.colcon_core.package_identification:_identify(worlds/multiroom) by extension 'python_setup_py'
[0.110s] Level 1:colcon.colcon_core.package_identification:_identify(worlds/office) by extensions ['ignore', 'ignore_ament_install']
[0.110s] Level 1:colcon.colcon_core.package_identification:_identify(worlds/office) by extension 'ignore'
[0.110s] Level 1:colcon.colcon_core.package_identification:_identify(worlds/office) by extension 'ignore_ament_install'
[0.110s] Level 1:colcon.colcon_core.package_identification:_identify(worlds/office) by extensions ['colcon_pkg']
[0.110s] Level 1:colcon.colcon_core.package_identification:_identify(worlds/office) by extension 'colcon_pkg'
[0.110s] Level 1:colcon.colcon_core.package_identification:_identify(worlds/office) by extensions ['colcon_meta']
[0.110s] Level 1:colcon.colcon_core.package_identification:_identify(worlds/office) by extension 'colcon_meta'
[0.110s] Level 1:colcon.colcon_core.package_identification:_identify(worlds/office) by extensions ['ros']
[0.110s] Level 1:colcon.colcon_core.package_identification:_identify(worlds/office) by extension 'ros'
[0.110s] Level 1:colcon.colcon_core.package_identification:_identify(worlds/office) by extensions ['cmake', 'python']
[0.110s] Level 1:colcon.colcon_core.package_identification:_identify(worlds/office) by extension 'cmake'
[0.110s] Level 1:colcon.colcon_core.package_identification:_identify(worlds/office) by extension 'python'
[0.110s] Level 1:colcon.colcon_core.package_identification:_identify(worlds/office) by extensions ['python_setup_py']
[0.110s] Level 1:colcon.colcon_core.package_identification:_identify(worlds/office) by extension 'python_setup_py'
[0.110s] Level 1:colcon.colcon_core.package_identification:_identify(worlds/test_world) by extensions ['ignore', 'ignore_ament_install']
[0.110s] Level 1:colcon.colcon_core.package_identification:_identify(worlds/test_world) by extension 'ignore'
[0.111s] Level 1:colcon.colcon_core.package_identification:_identify(worlds/test_world) by extension 'ignore_ament_install'
[0.111s] Level 1:colcon.colcon_core.package_identification:_identify(worlds/test_world) by extensions ['colcon_pkg']
[0.111s] Level 1:colcon.colcon_core.package_identification:_identify(worlds/test_world) by extension 'colcon_pkg'
[0.111s] Level 1:colcon.colcon_core.package_identification:_identify(worlds/test_world) by extensions ['colcon_meta']
[0.111s] Level 1:colcon.colcon_core.package_identification:_identify(worlds/test_world) by extension 'colcon_meta'
[0.111s] Level 1:colcon.colcon_core.package_identification:_identify(worlds/test_world) by extensions ['ros']
[0.111s] Level 1:colcon.colcon_core.package_identification:_identify(worlds/test_world) by extension 'ros'
[0.111s] Level 1:colcon.colcon_core.package_identification:_identify(worlds/test_world) by extensions ['cmake', 'python']
[0.111s] Level 1:colcon.colcon_core.package_identification:_identify(worlds/test_world) by extension 'cmake'
[0.111s] Level 1:colcon.colcon_core.package_identification:_identify(worlds/test_world) by extension 'python'
[0.111s] Level 1:colcon.colcon_core.package_identification:_identify(worlds/test_world) by extensions ['python_setup_py']
[0.111s] Level 1:colcon.colcon_core.package_identification:_identify(worlds/test_world) by extension 'python_setup_py'
[0.111s] Level 1:colcon.colcon_core.package_identification:_identify(worlds/warehouse) by extensions ['ignore', 'ignore_ament_install']
[0.111s] Level 1:colcon.colcon_core.package_identification:_identify(worlds/warehouse) by extension 'ignore'
[0.111s] Level 1:colcon.colcon_core.package_identification:_identify(worlds/warehouse) by extension 'ignore_ament_install'
[0.111s] Level 1:colcon.colcon_core.package_identification:_identify(worlds/warehouse) by extensions ['colcon_pkg']
[0.111s] Level 1:colcon.colcon_core.package_identification:_identify(worlds/warehouse) by extension 'colcon_pkg'
[0.111s] Level 1:colcon.colcon_core.package_identification:_identify(worlds/warehouse) by extensions ['colcon_meta']
[0.111s] Level 1:colcon.colcon_core.package_identification:_identify(worlds/warehouse) by extension 'colcon_meta'
[0.111s] Level 1:colcon.colcon_core.package_identification:_identify(worlds/warehouse) by extensions ['ros']
[0.111s] Level 1:colcon.colcon_core.package_identification:_identify(worlds/warehouse) by extension 'ros'
[0.111s] Level 1:colcon.colcon_core.package_identification:_identify(worlds/warehouse) by extensions ['cmake', 'python']
[0.111s] Level 1:colcon.colcon_core.package_identification:_identify(worlds/warehouse) by extension 'cmake'
[0.111s] Level 1:colcon.colcon_core.package_identification:_identify(worlds/warehouse) by extension 'python'
[0.111s] Level 1:colcon.colcon_core.package_identification:_identify(worlds/warehouse) by extensions ['python_setup_py']
[0.111s] Level 1:colcon.colcon_core.package_identification:_identify(worlds/warehouse) by extension 'python_setup_py'
[0.111s] Level 1:colcon.colcon_core.package_discovery:discover_packages(recursive) using defaults
[0.111s] Level 1:colcon.colcon_core.package_discovery:discover_packages(ignore) discover
[0.111s] Level 1:colcon.colcon_core.package_discovery:discover_packages(ignore) using defaults
[0.111s] Level 1:colcon.colcon_core.package_discovery:discover_packages(path) discover
[0.111s] Level 1:colcon.colcon_core.package_discovery:discover_packages(path) using defaults
[0.124s] Level 1:colcon.colcon_core.package_discovery:discover_packages(prefix_path) check parameters
[0.124s] Level 1:colcon.colcon_core.package_discovery:discover_packages(prefix_path) discover
[0.125s] DEBUG:colcon.colcon_installed_package_information.package_discovery:Found 9 installed packages in /home/abhirup/slam_platform/slam_ws/install
[0.126s] DEBUG:colcon.colcon_installed_package_information.package_discovery:Found 194 installed packages in /opt/ros/jazzy
[0.126s] Level 1:colcon.colcon_core.package_discovery:discover_packages(prefix_path) using defaults
[0.139s] Level 5:colcon.colcon_core.verb:set package 'evaluator_ros' build argument 'cmake_args' from command line to 'None'
[0.139s] Level 5:colcon.colcon_core.verb:set package 'evaluator_ros' build argument 'cmake_target' from command line to 'None'
[0.139s] Level 5:colcon.colcon_core.verb:set package 'evaluator_ros' build argument 'cmake_target_skip_unavailable' from command line to 'False'
[0.139s] Level 5:colcon.colcon_core.verb:set package 'evaluator_ros' build argument 'cmake_clean_cache' from command line to 'False'
[0.139s] Level 5:colcon.colcon_core.verb:set package 'evaluator_ros' build argument 'cmake_clean_first' from command line to 'False'
[0.139s] Level 5:colcon.colcon_core.verb:set package 'evaluator_ros' build argument 'cmake_force_configure' from command line to 'False'
[0.139s] Level 5:colcon.colcon_core.verb:set package 'evaluator_ros' build argument 'ament_cmake_args' from command line to 'None'
[0.139s] Level 5:colcon.colcon_core.verb:set package 'evaluator_ros' build argument 'catkin_cmake_args' from command line to 'None'
[0.139s] Level 5:colcon.colcon_core.verb:set package 'evaluator_ros' build argument 'catkin_skip_building_tests' from command line to 'False'
[0.139s] DEBUG:colcon.colcon_core.verb:Building package 'evaluator_ros' with the following arguments: {'ament_cmake_args': None, 'build_base': '/home/abhirup/slam_platform/slam_ws/build/evaluator_ros', 'catkin_cmake_args': None, 'catkin_skip_building_tests': False, 'cmake_args': None, 'cmake_clean_cache': False, 'cmake_clean_first': False, 'cmake_force_configure': False, 'cmake_target': None, 'cmake_target_skip_unavailable': False, 'install_base': '/home/abhirup/slam_platform/slam_ws/install/evaluator_ros', 'merge_install': False, 'path': '/home/abhirup/slam_platform/slam_ws/src/evaluator_ros', 'symlink_install': True, 'test_result_base': None}
[0.139s] Level 5:colcon.colcon_core.verb:set package 'experiment_manager' build argument 'cmake_args' from command line to 'None'
[0.139s] Level 5:colcon.colcon_core.verb:set package 'experiment_manager' build argument 'cmake_target' from command line to 'None'
[0.139s] Level 5:colcon.colcon_core.verb:set package 'experiment_manager' build argument 'cmake_target_skip_unavailable' from command line to 'False'
[0.139s] Level 5:colcon.colcon_core.verb:set package 'experiment_manager' build argument 'cmake_clean_cache' from command line to 'False'
[0.139s] Level 5:colcon.colcon_core.verb:set package 'experiment_manager' build argument 'cmake_clean_first' from command line to 'False'
[0.139s] Level 5:colcon.colcon_core.verb:set package 'experiment_manager' build argument 'cmake_force_configure' from command line to 'False'
[0.139s] Level 5:colcon.colcon_core.verb:set package 'experiment_manager' build argument 'ament_cmake_args' from command line to 'None'
[0.139s] Level 5:colcon.colcon_core.verb:set package 'experiment_manager' build argument 'catkin_cmake_args' from command line to 'None'
[0.139s] Level 5:colcon.colcon_core.verb:set package 'experiment_manager' build argument 'catkin_skip_building_tests' from command line to 'False'
[0.139s] DEBUG:colcon.colcon_core.verb:Building package 'experiment_manager' with the following arguments: {'ament_cmake_args': None, 'build_base': '/home/abhirup/slam_platform/slam_ws/build/experiment_manager', 'catkin_cmake_args': None, 'catkin_skip_building_tests': False, 'cmake_args': None, 'cmake_clean_cache': False, 'cmake_clean_first': False, 'cmake_force_configure': False, 'cmake_target': None, 'cmake_target_skip_unavailable': False, 'install_base': '/home/abhirup/slam_platform/slam_ws/install/experiment_manager', 'merge_install': False, 'path': '/home/abhirup/slam_platform/slam_ws/src/experiment_manager', 'symlink_install': True, 'test_result_base': None}
[0.139s] Level 5:colcon.colcon_core.verb:set package 'groung_truth_provider' build argument 'cmake_args' from command line to 'None'
[0.139s] Level 5:colcon.colcon_core.verb:set package 'groung_truth_provider' build argument 'cmake_target' from command line to 'None'
[0.139s] Level 5:colcon.colcon_core.verb:set package 'groung_truth_provider' build argument 'cmake_target_skip_unavailable' from command line to 'False'
[0.139s] Level 5:colcon.colcon_core.verb:set package 'groung_truth_provider' build argument 'cmake_clean_cache' from command line to 'False'
[0.139s] Level 5:colcon.colcon_core.verb:set package 'groung_truth_provider' build argument 'cmake_clean_first' from command line to 'False'
[0.139s] Level 5:colcon.colcon_core.verb:set package 'groung_truth_provider' build argument 'cmake_force_configure' from command line to 'False'
[0.139s] Level 5:colcon.colcon_core.verb:set package 'groung_truth_provider' build argument 'ament_cmake_args' from command line to 'None'
[0.139s] Level 5:colcon.colcon_core.verb:set package 'groung_truth_provider' build argument 'catkin_cmake_args' from command line to 'None'
[0.139s] Level 5:colcon.colcon_core.verb:set package 'groung_truth_provider' build argument 'catkin_skip_building_tests' from command line to 'False'
[0.139s] DEBUG:colcon.colcon_core.verb:Building package 'groung_truth_provider' with the following arguments: {'ament_cmake_args': None, 'build_base': '/home/abhirup/slam_platform/slam_ws/build/groung_truth_provider', 'catkin_cmake_args': None, 'catkin_skip_building_tests': False, 'cmake_args': None, 'cmake_clean_cache': False, 'cmake_clean_first': False, 'cmake_force_configure': False, 'cmake_target': None, 'cmake_target_skip_unavailable': False, 'install_base': '/home/abhirup/slam_platform/slam_ws/install/groung_truth_provider', 'merge_install': False, 'path': '/home/abhirup/slam_platform/slam_ws/src/groung_truth_provider', 'symlink_install': True, 'test_result_base': None}
[0.139s] Level 5:colcon.colcon_core.verb:set package 'robot_bringup' build argument 'cmake_args' from command line to 'None'
[0.139s] Level 5:colcon.colcon_core.verb:set package 'robot_bringup' build argument 'cmake_target' from command line to 'None'
[0.139s] Level 5:colcon.colcon_core.verb:set package 'robot_bringup' build argument 'cmake_target_skip_unavailable' from command line to 'False'
[0.139s] Level 5:colcon.colcon_core.verb:set package 'robot_bringup' build argument 'cmake_clean_cache' from command line to 'False'
[0.139s] Level 5:colcon.colcon_core.verb:set package 'robot_bringup' build argument 'cmake_clean_first' from command line to 'False'
[0.139s] Level 5:colcon.colcon_core.verb:set package 'robot_bringup' build argument 'cmake_force_configure' from command line to 'False'
[0.139s] Level 5:colcon.colcon_core.verb:set package 'robot_bringup' build argument 'ament_cmake_args' from command line to 'None'
[0.139s] Level 5:colcon.colcon_core.verb:set package 'robot_bringup' build argument 'catkin_cmake_args' from command line to 'None'
[0.139s] Level 5:colcon.colcon_core.verb:set package 'robot_bringup' build argument 'catkin_skip_building_tests' from command line to 'False'
[0.139s] DEBUG:colcon.colcon_core.verb:Building package 'robot_bringup' with the following arguments: {'ament_cmake_args': None, 'build_base': '/home/abhirup/slam_platform/slam_ws/build/robot_bringup', 'catkin_cmake_args': None, 'catkin_skip_building_tests': False, 'cmake_args': None, 'cmake_clean_cache': False, 'cmake_clean_first': False, 'cmake_force_configure': False, 'cmake_target': None, 'cmake_target_skip_unavailable': False, 'install_base': '/home/abhirup/slam_platform/slam_ws/install/robot_bringup', 'merge_install': False, 'path': '/home/abhirup/slam_platform/slam_ws/src/robot_bringup', 'symlink_install': True, 'test_result_base': None}
[0.140s] Level 5:colcon.colcon_core.verb:set package 'ros_gz_bridge_manager' build argument 'cmake_args' from command line to 'None'
[0.140s] Level 5:colcon.colcon_core.verb:set package 'ros_gz_bridge_manager' build argument 'cmake_target' from command line to 'None'
[0.140s] Level 5:colcon.colcon_core.verb:set package 'ros_gz_bridge_manager' build argument 'cmake_target_skip_unavailable' from command line to 'False'
[0.140s] Level 5:colcon.colcon_core.verb:set package 'ros_gz_bridge_manager' build argument 'cmake_clean_cache' from command line to 'False'
[0.140s] Level 5:colcon.colcon_core.verb:set package 'ros_gz_bridge_manager' build argument 'cmake_clean_first' from command line to 'False'
[0.140s] Level 5:colcon.colcon_core.verb:set package 'ros_gz_bridge_manager' build argument 'cmake_force_configure' from command line to 'False'
[0.140s] Level 5:colcon.colcon_core.verb:set package 'ros_gz_bridge_manager' build argument 'ament_cmake_args' from command line to 'None'
[0.140s] Level 5:colcon.colcon_core.verb:set package 'ros_gz_bridge_manager' build argument 'catkin_cmake_args' from command line to 'None'
[0.140s] Level 5:colcon.colcon_core.verb:set package 'ros_gz_bridge_manager' build argument 'catkin_skip_building_tests' from command line to 'False'
[0.140s] DEBUG:colcon.colcon_core.verb:Building package 'ros_gz_bridge_manager' with the following arguments: {'ament_cmake_args': None, 'build_base': '/home/abhirup/slam_platform/slam_ws/build/ros_gz_bridge_manager', 'catkin_cmake_args': None, 'catkin_skip_building_tests': False, 'cmake_args': None, 'cmake_clean_cache': False, 'cmake_clean_first': False, 'cmake_force_configure': False, 'cmake_target': None, 'cmake_target_skip_unavailable': False, 'install_base': '/home/abhirup/slam_platform/slam_ws/install/ros_gz_bridge_manager', 'merge_install': False, 'path': '/home/abhirup/slam_platform/slam_ws/src/ros_gz_bridge_manager', 'symlink_install': True, 'test_result_base': None}
[0.140s] Level 5:colcon.colcon_core.verb:set package 'sensor_adapter' build argument 'cmake_args' from command line to 'None'
[0.140s] Level 5:colcon.colcon_core.verb:set package 'sensor_adapter' build argument 'cmake_target' from command line to 'None'
[0.140s] Level 5:colcon.colcon_core.verb:set package 'sensor_adapter' build argument 'cmake_target_skip_unavailable' from command line to 'False'
[0.140s] Level 5:colcon.colcon_core.verb:set package 'sensor_adapter' build argument 'cmake_clean_cache' from command line to 'False'
[0.140s] Level 5:colcon.colcon_core.verb:set package 'sensor_adapter' build argument 'cmake_clean_first' from command line to 'False'
[0.140s] Level 5:colcon.colcon_core.verb:set package 'sensor_adapter' build argument 'cmake_force_configure' from command line to 'False'
[0.140s] Level 5:colcon.colcon_core.verb:set package 'sensor_adapter' build argument 'ament_cmake_args' from command line to 'None'
[0.140s] Level 5:colcon.colcon_core.verb:set package 'sensor_adapter' build argument 'catkin_cmake_args' from command line to 'None'
[0.140s] Level 5:colcon.colcon_core.verb:set package 'sensor_adapter' build argument 'catkin_skip_building_tests' from command line to 'False'
[0.140s] DEBUG:colcon.colcon_core.verb:Building package 'sensor_adapter' with the following arguments: {'ament_cmake_args': None, 'build_base': '/home/abhirup/slam_platform/slam_ws/build/sensor_adapter', 'catkin_cmake_args': None, 'catkin_skip_building_tests': False, 'cmake_args': None, 'cmake_clean_cache': False, 'cmake_clean_first': False, 'cmake_force_configure': False, 'cmake_target': None, 'cmake_target_skip_unavailable': False, 'install_base': '/home/abhirup/slam_platform/slam_ws/install/sensor_adapter', 'merge_install': False, 'path': '/home/abhirup/slam_platform/slam_ws/src/sensor_adapter', 'symlink_install': True, 'test_result_base': None}
[0.140s] Level 5:colcon.colcon_core.verb:set package 'slam_interfaces' build argument 'cmake_args' from command line to 'None'
[0.140s] Level 5:colcon.colcon_core.verb:set package 'slam_interfaces' build argument 'cmake_target' from command line to 'None'
[0.140s] Level 5:colcon.colcon_core.verb:set package 'slam_interfaces' build argument 'cmake_target_skip_unavailable' from command line to 'False'
[0.140s] Level 5:colcon.colcon_core.verb:set package 'slam_interfaces' build argument 'cmake_clean_cache' from command line to 'False'
[0.140s] Level 5:colcon.colcon_core.verb:set package 'slam_interfaces' build argument 'cmake_clean_first' from command line to 'False'
[0.140s] Level 5:colcon.colcon_core.verb:set package 'slam_interfaces' build argument 'cmake_force_configure' from command line to 'False'
[0.140s] Level 5:colcon.colcon_core.verb:set package 'slam_interfaces' build argument 'ament_cmake_args' from command line to 'None'
[0.140s] Level 5:colcon.colcon_core.verb:set package 'slam_interfaces' build argument 'catkin_cmake_args' from command line to 'None'
[0.140s] Level 5:colcon.colcon_core.verb:set package 'slam_interfaces' build argument 'catkin_skip_building_tests' from command line to 'False'
[0.140s] DEBUG:colcon.colcon_core.verb:Building package 'slam_interfaces' with the following arguments: {'ament_cmake_args': None, 'build_base': '/home/abhirup/slam_platform/slam_ws/build/slam_interfaces', 'catkin_cmake_args': None, 'catkin_skip_building_tests': False, 'cmake_args': None, 'cmake_clean_cache': False, 'cmake_clean_first': False, 'cmake_force_configure': False, 'cmake_target': None, 'cmake_target_skip_unavailable': False, 'install_base': '/home/abhirup/slam_platform/slam_ws/install/slam_interfaces', 'merge_install': False, 'path': '/home/abhirup/slam_platform/slam_ws/src/slam_interfaces', 'symlink_install': True, 'test_result_base': None}
[0.140s] Level 5:colcon.colcon_core.verb:set package 'tf_manager' build argument 'cmake_args' from command line to 'None'
[0.140s] Level 5:colcon.colcon_core.verb:set package 'tf_manager' build argument 'cmake_target' from command line to 'None'
[0.140s] Level 5:colcon.colcon_core.verb:set package 'tf_manager' build argument 'cmake_target_skip_unavailable' from command line to 'False'
[0.140s] Level 5:colcon.colcon_core.verb:set package 'tf_manager' build argument 'cmake_clean_cache' from command line to 'False'
[0.140s] Level 5:colcon.colcon_core.verb:set package 'tf_manager' build argument 'cmake_clean_first' from command line to 'False'
[0.140s] Level 5:colcon.colcon_core.verb:set package 'tf_manager' build argument 'cmake_force_configure' from command line to 'False'
[0.140s] Level 5:colcon.colcon_core.verb:set package 'tf_manager' build argument 'ament_cmake_args' from command line to 'None'
[0.140s] Level 5:colcon.colcon_core.verb:set package 'tf_manager' build argument 'catkin_cmake_args' from command line to 'None'
[0.140s] Level 5:colcon.colcon_core.verb:set package 'tf_manager' build argument 'catkin_skip_building_tests' from command line to 'False'
[0.140s] DEBUG:colcon.colcon_core.verb:Building package 'tf_manager' with the following arguments: {'ament_cmake_args': None, 'build_base': '/home/abhirup/slam_platform/slam_ws/build/tf_manager', 'catkin_cmake_args': None, 'catkin_skip_building_tests': False, 'cmake_args': None, 'cmake_clean_cache': False, 'cmake_clean_first': False, 'cmake_force_configure': False, 'cmake_target': None, 'cmake_target_skip_unavailable': False, 'install_base': '/home/abhirup/slam_platform/slam_ws/install/tf_manager', 'merge_install': False, 'path': '/home/abhirup/slam_platform/slam_ws/src/tf_manager', 'symlink_install': True, 'test_result_base': None}
[0.140s] Level 5:colcon.colcon_core.verb:set package 'world_manager' build argument 'cmake_args' from command line to 'None'
[0.140s] Level 5:colcon.colcon_core.verb:set package 'world_manager' build argument 'cmake_target' from command line to 'None'
[0.140s] Level 5:colcon.colcon_core.verb:set package 'world_manager' build argument 'cmake_target_skip_unavailable' from command line to 'False'
[0.140s] Level 5:colcon.colcon_core.verb:set package 'world_manager' build argument 'cmake_clean_cache' from command line to 'False'
[0.140s] Level 5:colcon.colcon_core.verb:set package 'world_manager' build argument 'cmake_clean_first' from command line to 'False'
[0.140s] Level 5:colcon.colcon_core.verb:set package 'world_manager' build argument 'cmake_force_configure' from command line to 'False'
[0.140s] Level 5:colcon.colcon_core.verb:set package 'world_manager' build argument 'ament_cmake_args' from command line to 'None'
[0.140s] Level 5:colcon.colcon_core.verb:set package 'world_manager' build argument 'catkin_cmake_args' from command line to 'None'
[0.140s] Level 5:colcon.colcon_core.verb:set package 'world_manager' build argument 'catkin_skip_building_tests' from command line to 'False'
[0.140s] DEBUG:colcon.colcon_core.verb:Building package 'world_manager' with the following arguments: {'ament_cmake_args': None, 'build_base': '/home/abhirup/slam_platform/slam_ws/build/world_manager', 'catkin_cmake_args': None, 'catkin_skip_building_tests': False, 'cmake_args': None, 'cmake_clean_cache': False, 'cmake_clean_first': False, 'cmake_force_configure': False, 'cmake_target': None, 'cmake_target_skip_unavailable': False, 'install_base': '/home/abhirup/slam_platform/slam_ws/install/world_manager', 'merge_install': False, 'path': '/home/abhirup/slam_platform/slam_ws/src/world_manager', 'symlink_install': True, 'test_result_base': None}
[0.140s] INFO:colcon.colcon_core.executor:Executing jobs using 'parallel' executor
[0.141s] DEBUG:colcon.colcon_parallel_executor.executor.parallel:run_until_complete
[0.141s] INFO:colcon.colcon_ros.task.ament_python.build:Building ROS package in '/home/abhirup/slam_platform/slam_ws/src/evaluator_ros' with build type 'ament_python'
[0.141s] Level 1:colcon.colcon_core.shell:create_environment_hook('evaluator_ros', 'ament_prefix_path')
[0.142s] INFO:colcon.colcon_core.plugin_system:Skipping extension 'colcon_core.shell.bat': Not used on non-Windows systems
[0.142s] INFO:colcon.colcon_core.shell:Creating environment hook '/home/abhirup/slam_platform/slam_ws/install/evaluator_ros/share/evaluator_ros/hook/ament_prefix_path.ps1'
[0.143s] INFO:colcon.colcon_core.shell:Creating environment descriptor '/home/abhirup/slam_platform/slam_ws/install/evaluator_ros/share/evaluator_ros/hook/ament_prefix_path.dsv'
[0.143s] INFO:colcon.colcon_core.shell:Creating environment hook '/home/abhirup/slam_platform/slam_ws/install/evaluator_ros/share/evaluator_ros/hook/ament_prefix_path.sh'
[0.143s] INFO:colcon.colcon_core.shell:Skip shell extension 'powershell' for command environment: Not usable outside of PowerShell
[0.143s] DEBUG:colcon.colcon_core.shell:Skip shell extension 'dsv' for command environment
[0.145s] INFO:colcon.colcon_ros.task.ament_python.build:Building ROS package in '/home/abhirup/slam_platform/slam_ws/src/experiment_manager' with build type 'ament_python'
[0.145s] Level 1:colcon.colcon_core.shell:create_environment_hook('experiment_manager', 'ament_prefix_path')
[0.145s] INFO:colcon.colcon_core.shell:Creating environment hook '/home/abhirup/slam_platform/slam_ws/install/experiment_manager/share/experiment_manager/hook/ament_prefix_path.ps1'
[0.145s] INFO:colcon.colcon_core.shell:Creating environment descriptor '/home/abhirup/slam_platform/slam_ws/install/experiment_manager/share/experiment_manager/hook/ament_prefix_path.dsv'
[0.146s] INFO:colcon.colcon_core.shell:Creating environment hook '/home/abhirup/slam_platform/slam_ws/install/experiment_manager/share/experiment_manager/hook/ament_prefix_path.sh'
[0.146s] INFO:colcon.colcon_core.shell:Skip shell extension 'powershell' for command environment: Not usable outside of PowerShell
[0.146s] DEBUG:colcon.colcon_core.shell:Skip shell extension 'dsv' for command environment
[0.147s] INFO:colcon.colcon_ros.task.ament_python.build:Building ROS package in '/home/abhirup/slam_platform/slam_ws/src/groung_truth_provider' with build type 'ament_python'
[0.147s] Level 1:colcon.colcon_core.shell:create_environment_hook('groung_truth_provider', 'ament_prefix_path')
[0.147s] INFO:colcon.colcon_core.shell:Creating environment hook '/home/abhirup/slam_platform/slam_ws/install/groung_truth_provider/share/groung_truth_provider/hook/ament_prefix_path.ps1'
[0.148s] INFO:colcon.colcon_core.shell:Creating environment descriptor '/home/abhirup/slam_platform/slam_ws/install/groung_truth_provider/share/groung_truth_provider/hook/ament_prefix_path.dsv'
[0.148s] INFO:colcon.colcon_core.shell:Creating environment hook '/home/abhirup/slam_platform/slam_ws/install/groung_truth_provider/share/groung_truth_provider/hook/ament_prefix_path.sh'
[0.148s] INFO:colcon.colcon_core.shell:Skip shell extension 'powershell' for command environment: Not usable outside of PowerShell
[0.148s] DEBUG:colcon.colcon_core.shell:Skip shell extension 'dsv' for command environment
[0.149s] INFO:colcon.colcon_ros.task.ament_python.build:Building ROS package in '/home/abhirup/slam_platform/slam_ws/src/robot_bringup' with build type 'ament_python'
[0.149s] Level 1:colcon.colcon_core.shell:create_environment_hook('robot_bringup', 'ament_prefix_path')
[0.149s] INFO:colcon.colcon_core.shell:Creating environment hook '/home/abhirup/slam_platform/slam_ws/install/robot_bringup/share/robot_bringup/hook/ament_prefix_path.ps1'
[0.150s] INFO:colcon.colcon_core.shell:Creating environment descriptor '/home/abhirup/slam_platform/slam_ws/install/robot_bringup/share/robot_bringup/hook/ament_prefix_path.dsv'
[0.150s] INFO:colcon.colcon_core.shell:Creating environment hook '/home/abhirup/slam_platform/slam_ws/install/robot_bringup/share/robot_bringup/hook/ament_prefix_path.sh'
[0.150s] INFO:colcon.colcon_core.shell:Skip shell extension 'powershell' for command environment: Not usable outside of PowerShell
[0.150s] DEBUG:colcon.colcon_core.shell:Skip shell extension 'dsv' for command environment
[0.151s] INFO:colcon.colcon_ros.task.ament_python.build:Building ROS package in '/home/abhirup/slam_platform/slam_ws/src/ros_gz_bridge_manager' with build type 'ament_python'
[0.151s] Level 1:colcon.colcon_core.shell:create_environment_hook('ros_gz_bridge_manager', 'ament_prefix_path')
[0.151s] INFO:colcon.colcon_core.shell:Creating environment hook '/home/abhirup/slam_platform/slam_ws/install/ros_gz_bridge_manager/share/ros_gz_bridge_manager/hook/ament_prefix_path.ps1'
[0.152s] INFO:colcon.colcon_core.shell:Creating environment descriptor '/home/abhirup/slam_platform/slam_ws/install/ros_gz_bridge_manager/share/ros_gz_bridge_manager/hook/ament_prefix_path.dsv'
[0.152s] INFO:colcon.colcon_core.shell:Creating environment hook '/home/abhirup/slam_platform/slam_ws/install/ros_gz_bridge_manager/share/ros_gz_bridge_manager/hook/ament_prefix_path.sh'
[0.152s] INFO:colcon.colcon_core.shell:Skip shell extension 'powershell' for command environment: Not usable outside of PowerShell
[0.152s] DEBUG:colcon.colcon_core.shell:Skip shell extension 'dsv' for command environment
[0.153s] INFO:colcon.colcon_ros.task.ament_python.build:Building ROS package in '/home/abhirup/slam_platform/slam_ws/src/sensor_adapter' with build type 'ament_python'
[0.153s] Level 1:colcon.colcon_core.shell:create_environment_hook('sensor_adapter', 'ament_prefix_path')
[0.153s] INFO:colcon.colcon_core.shell:Creating environment hook '/home/abhirup/slam_platform/slam_ws/install/sensor_adapter/share/sensor_adapter/hook/ament_prefix_path.ps1'
[0.154s] INFO:colcon.colcon_core.shell:Creating environment descriptor '/home/abhirup/slam_platform/slam_ws/install/sensor_adapter/share/sensor_adapter/hook/ament_prefix_path.dsv'
[0.154s] INFO:colcon.colcon_core.shell:Creating environment hook '/home/abhirup/slam_platform/slam_ws/install/sensor_adapter/share/sensor_adapter/hook/ament_prefix_path.sh'
[0.154s] INFO:colcon.colcon_core.shell:Skip shell extension 'powershell' for command environment: Not usable outside of PowerShell
[0.154s] DEBUG:colcon.colcon_core.shell:Skip shell extension 'dsv' for command environment
[0.155s] INFO:colcon.colcon_ros.task.ament_cmake.build:Building ROS package in '/home/abhirup/slam_platform/slam_ws/src/slam_interfaces' with build type 'ament_cmake'
[0.155s] INFO:colcon.colcon_cmake.task.cmake.build:Building CMake package in '/home/abhirup/slam_platform/slam_ws/src/slam_interfaces'
[0.156s] INFO:colcon.colcon_core.shell:Skip shell extension 'powershell' for command environment: Not usable outside of PowerShell
[0.156s] DEBUG:colcon.colcon_core.shell:Skip shell extension 'dsv' for command environment
[0.157s] INFO:colcon.colcon_ros.task.ament_python.build:Building ROS package in '/home/abhirup/slam_platform/slam_ws/src/tf_manager' with build type 'ament_python'
[0.157s] Level 1:colcon.colcon_core.shell:create_environment_hook('tf_manager', 'ament_prefix_path')
[0.157s] INFO:colcon.colcon_core.shell:Creating environment hook '/home/abhirup/slam_platform/slam_ws/install/tf_manager/share/tf_manager/hook/ament_prefix_path.ps1'
[0.157s] INFO:colcon.colcon_core.shell:Creating environment descriptor '/home/abhirup/slam_platform/slam_ws/install/tf_manager/share/tf_manager/hook/ament_prefix_path.dsv'
[0.157s] INFO:colcon.colcon_core.shell:Creating environment hook '/home/abhirup/slam_platform/slam_ws/install/tf_manager/share/tf_manager/hook/ament_prefix_path.sh'
[0.158s] INFO:colcon.colcon_core.shell:Skip shell extension 'powershell' for command environment: Not usable outside of PowerShell
[0.158s] DEBUG:colcon.colcon_core.shell:Skip shell extension 'dsv' for command environment
[0.159s] INFO:colcon.colcon_ros.task.ament_python.build:Building ROS package in '/home/abhirup/slam_platform/slam_ws/src/world_manager' with build type 'ament_python'
[0.159s] Level 1:colcon.colcon_core.shell:create_environment_hook('world_manager', 'ament_prefix_path')
[0.159s] INFO:colcon.colcon_core.shell:Creating environment hook '/home/abhirup/slam_platform/slam_ws/install/world_manager/share/world_manager/hook/ament_prefix_path.ps1'
[0.159s] INFO:colcon.colcon_core.shell:Creating environment descriptor '/home/abhirup/slam_platform/slam_ws/install/world_manager/share/world_manager/hook/ament_prefix_path.dsv'
[0.159s] INFO:colcon.colcon_core.shell:Creating environment hook '/home/abhirup/slam_platform/slam_ws/install/world_manager/share/world_manager/hook/ament_prefix_path.sh'
[0.160s] INFO:colcon.colcon_core.shell:Skip shell extension 'powershell' for command environment: Not usable outside of PowerShell
[0.160s] DEBUG:colcon.colcon_core.shell:Skip shell extension 'dsv' for command environment
[0.272s] INFO:colcon.colcon_core.task.python.build:Building Python package in '/home/abhirup/slam_platform/slam_ws/src/evaluator_ros'
[0.272s] INFO:colcon.colcon_core.shell:Skip shell extension 'powershell' for command environment: Not usable outside of PowerShell
[0.272s] DEBUG:colcon.colcon_core.shell:Skip shell extension 'dsv' for command environment
[0.388s] INFO:colcon.colcon_core.task.python.build:Building Python package in '/home/abhirup/slam_platform/slam_ws/src/experiment_manager'
[0.388s] INFO:colcon.colcon_core.shell:Skip shell extension 'powershell' for command environment: Not usable outside of PowerShell
[0.388s] DEBUG:colcon.colcon_core.shell:Skip shell extension 'dsv' for command environment
[0.502s] INFO:colcon.colcon_core.task.python.build:Building Python package in '/home/abhirup/slam_platform/slam_ws/src/groung_truth_provider'
[0.503s] INFO:colcon.colcon_core.shell:Skip shell extension 'powershell' for command environment: Not usable outside of PowerShell
[0.503s] DEBUG:colcon.colcon_core.shell:Skip shell extension 'dsv' for command environment
[0.618s] INFO:colcon.colcon_core.task.python.build:Building Python package in '/home/abhirup/slam_platform/slam_ws/src/robot_bringup'
[0.618s] INFO:colcon.colcon_core.shell:Skip shell extension 'powershell' for command environment: Not usable outside of PowerShell
[0.618s] DEBUG:colcon.colcon_core.shell:Skip shell extension 'dsv' for command environment
[0.734s] INFO:colcon.colcon_core.task.python.build:Building Python package in '/home/abhirup/slam_platform/slam_ws/src/ros_gz_bridge_manager'
[0.734s] INFO:colcon.colcon_core.shell:Skip shell extension 'powershell' for command environment: Not usable outside of PowerShell
[0.734s] DEBUG:colcon.colcon_core.shell:Skip shell extension 'dsv' for command environment
[0.847s] INFO:colcon.colcon_core.task.python.build:Building Python package in '/home/abhirup/slam_platform/slam_ws/src/sensor_adapter'
[0.847s] INFO:colcon.colcon_core.shell:Skip shell extension 'powershell' for command environment: Not usable outside of PowerShell
[0.847s] DEBUG:colcon.colcon_core.shell:Skip shell extension 'dsv' for command environment
[0.851s] DEBUG:colcon.colcon_core.event_handler.log_command:Invoking command in '/home/abhirup/slam_platform/slam_ws/build/slam_interfaces': CMAKE_PREFIX_PATH=${CMAKE_PREFIX_PATH}:/home/abhirup/slam_platform/slam_ws/install/world_manager:/home/abhirup/slam_platform/slam_ws/install/tf_manager:/home/abhirup/slam_platform/slam_ws/install/sensor_adapter:/home/abhirup/slam_platform/slam_ws/install/ros_gz_bridge_manager:/home/abhirup/slam_platform/slam_ws/install/robot_bringup:/home/abhirup/slam_platform/slam_ws/install/groung_truth_provider:/home/abhirup/slam_platform/slam_ws/install/experiment_manager:/home/abhirup/slam_platform/slam_ws/install/evaluator_ros:/opt/ros/jazzy DEBUGINFOD_URLS=https://debuginfod.ubuntu.com /usr/bin/cmake --build /home/abhirup/slam_platform/slam_ws/build/slam_interfaces -- -j28 -l28
[0.966s] INFO:colcon.colcon_core.task.python.build:Building Python package in '/home/abhirup/slam_platform/slam_ws/src/tf_manager'
[0.967s] INFO:colcon.colcon_core.shell:Skip shell extension 'powershell' for command environment: Not usable outside of PowerShell
[0.967s] DEBUG:colcon.colcon_core.shell:Skip shell extension 'dsv' for command environment
[0.970s] DEBUG:colcon.colcon_core.event_handler.log_command:Invoked command in '/home/abhirup/slam_platform/slam_ws/build/slam_interfaces' returned '0': CMAKE_PREFIX_PATH=${CMAKE_PREFIX_PATH}:/home/abhirup/slam_platform/slam_ws/install/world_manager:/home/abhirup/slam_platform/slam_ws/install/tf_manager:/home/abhirup/slam_platform/slam_ws/install/sensor_adapter:/home/abhirup/slam_platform/slam_ws/install/ros_gz_bridge_manager:/home/abhirup/slam_platform/slam_ws/install/robot_bringup:/home/abhirup/slam_platform/slam_ws/install/groung_truth_provider:/home/abhirup/slam_platform/slam_ws/install/experiment_manager:/home/abhirup/slam_platform/slam_ws/install/evaluator_ros:/opt/ros/jazzy DEBUGINFOD_URLS=https://debuginfod.ubuntu.com /usr/bin/cmake --build /home/abhirup/slam_platform/slam_ws/build/slam_interfaces -- -j28 -l28
[0.976s] DEBUG:colcon.colcon_core.event_handler.log_command:Invoking command in '/home/abhirup/slam_platform/slam_ws/build/slam_interfaces': CMAKE_PREFIX_PATH=${CMAKE_PREFIX_PATH}:/home/abhirup/slam_platform/slam_ws/install/world_manager:/home/abhirup/slam_platform/slam_ws/install/tf_manager:/home/abhirup/slam_platform/slam_ws/install/sensor_adapter:/home/abhirup/slam_platform/slam_ws/install/ros_gz_bridge_manager:/home/abhirup/slam_platform/slam_ws/install/robot_bringup:/home/abhirup/slam_platform/slam_ws/install/groung_truth_provider:/home/abhirup/slam_platform/slam_ws/install/experiment_manager:/home/abhirup/slam_platform/slam_ws/install/evaluator_ros:/opt/ros/jazzy DEBUGINFOD_URLS=https://debuginfod.ubuntu.com /usr/bin/cmake --install /home/abhirup/slam_platform/slam_ws/build/slam_interfaces
[1.086s] INFO:colcon.colcon_core.task.python.build:Building Python package in '/home/abhirup/slam_platform/slam_ws/src/world_manager'
[1.086s] INFO:colcon.colcon_core.shell:Skip shell extension 'powershell' for command environment: Not usable outside of PowerShell
[1.086s] DEBUG:colcon.colcon_core.shell:Skip shell extension 'dsv' for command environment
[1.096s] Level 1:colcon.colcon_core.environment:create_environment_scripts_only(slam_interfaces)
[1.096s] DEBUG:colcon.colcon_core.event_handler.log_command:Invoked command in '/home/abhirup/slam_platform/slam_ws/build/slam_interfaces' returned '0': CMAKE_PREFIX_PATH=${CMAKE_PREFIX_PATH}:/home/abhirup/slam_platform/slam_ws/install/world_manager:/home/abhirup/slam_platform/slam_ws/install/tf_manager:/home/abhirup/slam_platform/slam_ws/install/sensor_adapter:/home/abhirup/slam_platform/slam_ws/install/ros_gz_bridge_manager:/home/abhirup/slam_platform/slam_ws/install/robot_bringup:/home/abhirup/slam_platform/slam_ws/install/groung_truth_provider:/home/abhirup/slam_platform/slam_ws/install/experiment_manager:/home/abhirup/slam_platform/slam_ws/install/evaluator_ros:/opt/ros/jazzy DEBUGINFOD_URLS=https://debuginfod.ubuntu.com /usr/bin/cmake --install /home/abhirup/slam_platform/slam_ws/build/slam_interfaces
[1.098s] Level 1:colcon.colcon_core.environment:checking '/home/abhirup/slam_platform/slam_ws/install/slam_interfaces' for CMake module files
[1.099s] Level 1:colcon.colcon_core.environment:checking '/home/abhirup/slam_platform/slam_ws/install/slam_interfaces' for CMake config files
[1.099s] Level 1:colcon.colcon_core.shell:create_environment_hook('slam_interfaces', 'cmake_prefix_path')
[1.099s] INFO:colcon.colcon_core.shell:Creating environment hook '/home/abhirup/slam_platform/slam_ws/install/slam_interfaces/share/slam_interfaces/hook/cmake_prefix_path.ps1'
[1.100s] INFO:colcon.colcon_core.shell:Creating environment descriptor '/home/abhirup/slam_platform/slam_ws/install/slam_interfaces/share/slam_interfaces/hook/cmake_prefix_path.dsv'
[1.100s] INFO:colcon.colcon_core.shell:Creating environment hook '/home/abhirup/slam_platform/slam_ws/install/slam_interfaces/share/slam_interfaces/hook/cmake_prefix_path.sh'
[1.100s] Level 1:colcon.colcon_core.environment:checking '/home/abhirup/slam_platform/slam_ws/install/slam_interfaces/bin'
[1.100s] Level 1:colcon.colcon_core.environment:checking '/home/abhirup/slam_platform/slam_ws/install/slam_interfaces/lib/pkgconfig/slam_interfaces.pc'
[1.101s] Level 1:colcon.colcon_core.environment:checking '/home/abhirup/slam_platform/slam_ws/install/slam_interfaces/lib/python3.12/site-packages'
[1.101s] Level 1:colcon.colcon_core.environment:checking '/home/abhirup/slam_platform/slam_ws/install/slam_interfaces/bin'
[1.101s] INFO:colcon.colcon_core.shell:Creating package script '/home/abhirup/slam_platform/slam_ws/install/slam_interfaces/share/slam_interfaces/package.ps1'
[1.102s] INFO:colcon.colcon_core.shell:Creating package descriptor '/home/abhirup/slam_platform/slam_ws/install/slam_interfaces/share/slam_interfaces/package.dsv'
[1.102s] INFO:colcon.colcon_core.shell:Creating package script '/home/abhirup/slam_platform/slam_ws/install/slam_interfaces/share/slam_interfaces/package.sh'
[1.103s] INFO:colcon.colcon_core.shell:Creating package script '/home/abhirup/slam_platform/slam_ws/install/slam_interfaces/share/slam_interfaces/package.bash'
[1.103s] INFO:colcon.colcon_core.shell:Creating package script '/home/abhirup/slam_platform/slam_ws/install/slam_interfaces/share/slam_interfaces/package.zsh'
[1.104s] Level 1:colcon.colcon_core.environment:create_file_with_runtime_dependencies(/home/abhirup/slam_platform/slam_ws/install/slam_interfaces/share/colcon-core/packages/slam_interfaces)
[1.104s] Level 1:colcon.colcon_core.environment:create_environment_scripts_only(slam_interfaces)
[1.104s] Level 1:colcon.colcon_core.environment:checking '/home/abhirup/slam_platform/slam_ws/install/slam_interfaces' for CMake module files
[1.105s] Level 1:colcon.colcon_core.environment:checking '/home/abhirup/slam_platform/slam_ws/install/slam_interfaces' for CMake config files
[1.105s] Level 1:colcon.colcon_core.shell:create_environment_hook('slam_interfaces', 'cmake_prefix_path')
[1.105s] INFO:colcon.colcon_core.shell:Creating environment hook '/home/abhirup/slam_platform/slam_ws/install/slam_interfaces/share/slam_interfaces/hook/cmake_prefix_path.ps1'
[1.105s] INFO:colcon.colcon_core.shell:Creating environment descriptor '/home/abhirup/slam_platform/slam_ws/install/slam_interfaces/share/slam_interfaces/hook/cmake_prefix_path.dsv'
[1.106s] INFO:colcon.colcon_core.shell:Creating environment hook '/home/abhirup/slam_platform/slam_ws/install/slam_interfaces/share/slam_interfaces/hook/cmake_prefix_path.sh'
[1.106s] Level 1:colcon.colcon_core.environment:checking '/home/abhirup/slam_platform/slam_ws/install/slam_interfaces/bin'
[1.106s] Level 1:colcon.colcon_core.environment:checking '/home/abhirup/slam_platform/slam_ws/install/slam_interfaces/lib/pkgconfig/slam_interfaces.pc'
[1.106s] Level 1:colcon.colcon_core.environment:checking '/home/abhirup/slam_platform/slam_ws/install/slam_interfaces/lib/python3.12/site-packages'
[1.107s] Level 1:colcon.colcon_core.environment:checking '/home/abhirup/slam_platform/slam_ws/install/slam_interfaces/bin'
[1.107s] INFO:colcon.colcon_core.shell:Creating package script '/home/abhirup/slam_platform/slam_ws/install/slam_interfaces/share/slam_interfaces/package.ps1'
[1.107s] INFO:colcon.colcon_core.shell:Creating package descriptor '/home/abhirup/slam_platform/slam_ws/install/slam_interfaces/share/slam_interfaces/package.dsv'
[1.108s] INFO:colcon.colcon_core.shell:Creating package script '/home/abhirup/slam_platform/slam_ws/install/slam_interfaces/share/slam_interfaces/package.sh'
[1.108s] INFO:colcon.colcon_core.shell:Creating package script '/home/abhirup/slam_platform/slam_ws/install/slam_interfaces/share/slam_interfaces/package.bash'
[1.108s] INFO:colcon.colcon_core.shell:Creating package script '/home/abhirup/slam_platform/slam_ws/install/slam_interfaces/share/slam_interfaces/package.zsh'
[1.109s] Level 1:colcon.colcon_core.environment:create_file_with_runtime_dependencies(/home/abhirup/slam_platform/slam_ws/install/slam_interfaces/share/colcon-core/packages/slam_interfaces)
[1.417s] DEBUG:colcon.colcon_core.event_handler.log_command:Invoking command in '/home/abhirup/slam_platform/slam_ws/build/evaluator_ros': DEBUGINFOD_URLS=https://debuginfod.ubuntu.com PYTHONPATH=/home/abhirup/slam_platform/slam_ws/build/evaluator_ros/prefix_override:/usr/lib/python3/dist-packages/colcon_core/task/python/colcon_distutils_commands:/home/abhirup/slam_platform/slam_ws/install/evaluator_ros/lib/python3.12/site-packages:${PYTHONPATH} /usr/bin/python3 -W ignore:setup.py install is deprecated -W ignore:easy_install command is deprecated setup.py develop --editable --build-directory /home/abhirup/slam_platform/slam_ws/build/evaluator_ros/build --no-deps symlink_data
[1.438s] DEBUG:colcon.colcon_core.event_handler.log_command:Invoking command in '/home/abhirup/slam_platform/slam_ws/build/world_manager': DEBUGINFOD_URLS=https://debuginfod.ubuntu.com PYTHONPATH=/home/abhirup/slam_platform/slam_ws/build/world_manager/prefix_override:/usr/lib/python3/dist-packages/colcon_core/task/python/colcon_distutils_commands:/home/abhirup/slam_platform/slam_ws/install/world_manager/lib/python3.12/site-packages:${PYTHONPATH} /usr/bin/python3 -W ignore:setup.py install is deprecated -W ignore:easy_install command is deprecated setup.py develop --editable --build-directory /home/abhirup/slam_platform/slam_ws/build/world_manager/build --no-deps symlink_data
[1.440s] DEBUG:colcon.colcon_core.event_handler.log_command:Invoking command in '/home/abhirup/slam_platform/slam_ws/build/tf_manager': DEBUGINFOD_URLS=https://debuginfod.ubuntu.com PYTHONPATH=/home/abhirup/slam_platform/slam_ws/build/tf_manager/prefix_override:/usr/lib/python3/dist-packages/colcon_core/task/python/colcon_distutils_commands:/home/abhirup/slam_platform/slam_ws/install/tf_manager/lib/python3.12/site-packages:${PYTHONPATH} /usr/bin/python3 -W ignore:setup.py install is deprecated -W ignore:easy_install command is deprecated setup.py develop --editable --build-directory /home/abhirup/slam_platform/slam_ws/build/tf_manager/build --no-deps symlink_data
[1.445s] DEBUG:colcon.colcon_core.event_handler.log_command:Invoking command in '/home/abhirup/slam_platform/slam_ws/build/robot_bringup': DEBUGINFOD_URLS=https://debuginfod.ubuntu.com PYTHONPATH=/home/abhirup/slam_platform/slam_ws/build/robot_bringup/prefix_override:/usr/lib/python3/dist-packages/colcon_core/task/python/colcon_distutils_commands:/home/abhirup/slam_platform/slam_ws/install/robot_bringup/lib/python3.12/site-packages:${PYTHONPATH} /usr/bin/python3 -W ignore:setup.py install is deprecated -W ignore:easy_install command is deprecated setup.py develop --editable --build-directory /home/abhirup/slam_platform/slam_ws/build/robot_bringup/build --no-deps symlink_data
[1.464s] DEBUG:colcon.colcon_core.event_handler.log_command:Invoking command in '/home/abhirup/slam_platform/slam_ws/build/ros_gz_bridge_manager': DEBUGINFOD_URLS=https://debuginfod.ubuntu.com PYTHONPATH=/home/abhirup/slam_platform/slam_ws/build/ros_gz_bridge_manager/prefix_override:/usr/lib/python3/dist-packages/colcon_core/task/python/colcon_distutils_commands:/home/abhirup/slam_platform/slam_ws/install/ros_gz_bridge_manager/lib/python3.12/site-packages:${PYTHONPATH} /usr/bin/python3 -W ignore:setup.py install is deprecated -W ignore:easy_install command is deprecated setup.py develop --editable --build-directory /home/abhirup/slam_platform/slam_ws/build/ros_gz_bridge_manager/build --no-deps symlink_data
[1.466s] DEBUG:colcon.colcon_core.event_handler.log_command:Invoking command in '/home/abhirup/slam_platform/slam_ws/build/experiment_manager': DEBUGINFOD_URLS=https://debuginfod.ubuntu.com PYTHONPATH=/home/abhirup/slam_platform/slam_ws/build/experiment_manager/prefix_override:/usr/lib/python3/dist-packages/colcon_core/task/python/colcon_distutils_commands:/home/abhirup/slam_platform/slam_ws/install/experiment_manager/lib/python3.12/site-packages:${PYTHONPATH} /usr/bin/python3 -W ignore:setup.py install is deprecated -W ignore:easy_install command is deprecated setup.py develop --editable --build-directory /home/abhirup/slam_platform/slam_ws/build/experiment_manager/build --no-deps symlink_data
[1.474s] DEBUG:colcon.colcon_core.event_handler.log_command:Invoking command in '/home/abhirup/slam_platform/slam_ws/build/groung_truth_provider': DEBUGINFOD_URLS=https://debuginfod.ubuntu.com PYTHONPATH=/home/abhirup/slam_platform/slam_ws/build/groung_truth_provider/prefix_override:/usr/lib/python3/dist-packages/colcon_core/task/python/colcon_distutils_commands:/home/abhirup/slam_platform/slam_ws/install/groung_truth_provider/lib/python3.12/site-packages:${PYTHONPATH} /usr/bin/python3 -W ignore:setup.py install is deprecated -W ignore:easy_install command is deprecated setup.py develop --editable --build-directory /home/abhirup/slam_platform/slam_ws/build/groung_truth_provider/build --no-deps symlink_data
[1.635s] DEBUG:colcon.colcon_core.event_handler.log_command:Invoking command in '/home/abhirup/slam_platform/slam_ws/build/sensor_adapter': DEBUGINFOD_URLS=https://debuginfod.ubuntu.com PYTHONPATH=/home/abhirup/slam_platform/slam_ws/build/sensor_adapter/prefix_override:/usr/lib/python3/dist-packages/colcon_core/task/python/colcon_distutils_commands:/home/abhirup/slam_platform/slam_ws/install/sensor_adapter/lib/python3.12/site-packages:${PYTHONPATH} /usr/bin/python3 -W ignore:setup.py install is deprecated -W ignore:easy_install command is deprecated setup.py develop --editable --build-directory /home/abhirup/slam_platform/slam_ws/build/sensor_adapter/build --no-deps symlink_data
[1.809s] Level 1:colcon.colcon_core.shell:create_environment_hook('evaluator_ros', 'pythonpath_develop')
[1.809s] INFO:colcon.colcon_core.shell:Creating environment hook '/home/abhirup/slam_platform/slam_ws/build/evaluator_ros/share/evaluator_ros/hook/pythonpath_develop.ps1'
[1.809s] DEBUG:colcon.colcon_core.event_handler.log_command:Invoked command in '/home/abhirup/slam_platform/slam_ws/build/evaluator_ros' returned '0': DEBUGINFOD_URLS=https://debuginfod.ubuntu.com PYTHONPATH=/home/abhirup/slam_platform/slam_ws/build/evaluator_ros/prefix_override:/usr/lib/python3/dist-packages/colcon_core/task/python/colcon_distutils_commands:/home/abhirup/slam_platform/slam_ws/install/evaluator_ros/lib/python3.12/site-packages:${PYTHONPATH} /usr/bin/python3 -W ignore:setup.py install is deprecated -W ignore:easy_install command is deprecated setup.py develop --editable --build-directory /home/abhirup/slam_platform/slam_ws/build/evaluator_ros/build --no-deps symlink_data
[1.809s] INFO:colcon.colcon_core.shell:Creating environment descriptor '/home/abhirup/slam_platform/slam_ws/build/evaluator_ros/share/evaluator_ros/hook/pythonpath_develop.dsv'
[1.810s] INFO:colcon.colcon_core.shell:Creating environment hook '/home/abhirup/slam_platform/slam_ws/build/evaluator_ros/share/evaluator_ros/hook/pythonpath_develop.sh'
[1.810s] Level 1:colcon.colcon_core.environment:checking '/home/abhirup/slam_platform/slam_ws/install/evaluator_ros' for CMake module files
[1.810s] Level 1:colcon.colcon_core.environment:checking '/home/abhirup/slam_platform/slam_ws/install/evaluator_ros' for CMake config files
[1.810s] Level 1:colcon.colcon_core.environment:checking '/home/abhirup/slam_platform/slam_ws/install/evaluator_ros/lib'
[1.811s] Level 1:colcon.colcon_core.environment:checking '/home/abhirup/slam_platform/slam_ws/install/evaluator_ros/bin'
[1.811s] Level 1:colcon.colcon_core.environment:checking '/home/abhirup/slam_platform/slam_ws/install/evaluator_ros/lib/pkgconfig/evaluator_ros.pc'
[1.811s] Level 1:colcon.colcon_core.environment:checking '/home/abhirup/slam_platform/slam_ws/install/evaluator_ros/lib/python3.12/site-packages'
[1.811s] Level 1:colcon.colcon_core.shell:create_environment_hook('evaluator_ros', 'pythonpath')
[1.811s] INFO:colcon.colcon_core.shell:Creating environment hook '/home/abhirup/slam_platform/slam_ws/install/evaluator_ros/share/evaluator_ros/hook/pythonpath.ps1'
[1.811s] INFO:colcon.colcon_core.shell:Creating environment descriptor '/home/abhirup/slam_platform/slam_ws/install/evaluator_ros/share/evaluator_ros/hook/pythonpath.dsv'
[1.811s] INFO:colcon.colcon_core.shell:Creating environment hook '/home/abhirup/slam_platform/slam_ws/install/evaluator_ros/share/evaluator_ros/hook/pythonpath.sh'
[1.812s] Level 1:colcon.colcon_core.environment:checking '/home/abhirup/slam_platform/slam_ws/install/evaluator_ros/bin'
[1.812s] Level 1:colcon.colcon_core.environment:create_environment_scripts_only(evaluator_ros)
[1.812s] INFO:colcon.colcon_core.shell:Creating package script '/home/abhirup/slam_platform/slam_ws/install/evaluator_ros/share/evaluator_ros/package.ps1'
[1.812s] INFO:colcon.colcon_core.shell:Creating package descriptor '/home/abhirup/slam_platform/slam_ws/install/evaluator_ros/share/evaluator_ros/package.dsv'
[1.813s] INFO:colcon.colcon_core.shell:Creating package script '/home/abhirup/slam_platform/slam_ws/install/evaluator_ros/share/evaluator_ros/package.sh'
[1.813s] INFO:colcon.colcon_core.shell:Creating package script '/home/abhirup/slam_platform/slam_ws/install/evaluator_ros/share/evaluator_ros/package.bash'
[1.813s] INFO:colcon.colcon_core.shell:Creating package script '/home/abhirup/slam_platform/slam_ws/install/evaluator_ros/share/evaluator_ros/package.zsh'
[1.813s] Level 1:colcon.colcon_core.environment:create_file_with_runtime_dependencies(/home/abhirup/slam_platform/slam_ws/install/evaluator_ros/share/colcon-core/packages/evaluator_ros)
[1.822s] Level 1:colcon.colcon_core.shell:create_environment_hook('tf_manager', 'pythonpath_develop')
[1.822s] INFO:colcon.colcon_core.shell:Creating environment hook '/home/abhirup/slam_platform/slam_ws/build/tf_manager/share/tf_manager/hook/pythonpath_develop.ps1'
[1.822s] DEBUG:colcon.colcon_core.event_handler.log_command:Invoked command in '/home/abhirup/slam_platform/slam_ws/build/tf_manager' returned '0': DEBUGINFOD_URLS=https://debuginfod.ubuntu.com PYTHONPATH=/home/abhirup/slam_platform/slam_ws/build/tf_manager/prefix_override:/usr/lib/python3/dist-packages/colcon_core/task/python/colcon_distutils_commands:/home/abhirup/slam_platform/slam_ws/install/tf_manager/lib/python3.12/site-packages:${PYTHONPATH} /usr/bin/python3 -W ignore:setup.py install is deprecated -W ignore:easy_install command is deprecated setup.py develop --editable --build-directory /home/abhirup/slam_platform/slam_ws/build/tf_manager/build --no-deps symlink_data
[1.823s] INFO:colcon.colcon_core.shell:Creating environment descriptor '/home/abhirup/slam_platform/slam_ws/build/tf_manager/share/tf_manager/hook/pythonpath_develop.dsv'
[1.823s] INFO:colcon.colcon_core.shell:Creating environment hook '/home/abhirup/slam_platform/slam_ws/build/tf_manager/share/tf_manager/hook/pythonpath_develop.sh'
[1.824s] Level 1:colcon.colcon_core.environment:checking '/home/abhirup/slam_platform/slam_ws/install/tf_manager' for CMake module files
[1.824s] Level 1:colcon.colcon_core.environment:checking '/home/abhirup/slam_platform/slam_ws/install/tf_manager' for CMake config files
[1.825s] Level 1:colcon.colcon_core.environment:checking '/home/abhirup/slam_platform/slam_ws/install/tf_manager/lib'
[1.825s] Level 1:colcon.colcon_core.environment:checking '/home/abhirup/slam_platform/slam_ws/install/tf_manager/bin'
[1.825s] Level 1:colcon.colcon_core.environment:checking '/home/abhirup/slam_platform/slam_ws/install/tf_manager/lib/pkgconfig/tf_manager.pc'
[1.825s] Level 1:colcon.colcon_core.environment:checking '/home/abhirup/slam_platform/slam_ws/install/tf_manager/lib/python3.12/site-packages'
[1.825s] Level 1:colcon.colcon_core.shell:create_environment_hook('tf_manager', 'pythonpath')
[1.825s] INFO:colcon.colcon_core.shell:Creating environment hook '/home/abhirup/slam_platform/slam_ws/install/tf_manager/share/tf_manager/hook/pythonpath.ps1'
[1.826s] INFO:colcon.colcon_core.shell:Creating environment descriptor '/home/abhirup/slam_platform/slam_ws/install/tf_manager/share/tf_manager/hook/pythonpath.dsv'
[1.826s] INFO:colcon.colcon_core.shell:Creating environment hook '/home/abhirup/slam_platform/slam_ws/install/tf_manager/share/tf_manager/hook/pythonpath.sh'
[1.827s] Level 1:colcon.colcon_core.environment:checking '/home/abhirup/slam_platform/slam_ws/install/tf_manager/bin'
[1.827s] Level 1:colcon.colcon_core.environment:create_environment_scripts_only(tf_manager)
[1.827s] INFO:colcon.colcon_core.shell:Creating package script '/home/abhirup/slam_platform/slam_ws/install/tf_manager/share/tf_manager/package.ps1'
[1.828s] INFO:colcon.colcon_core.shell:Creating package descriptor '/home/abhirup/slam_platform/slam_ws/install/tf_manager/share/tf_manager/package.dsv'
[1.828s] INFO:colcon.colcon_core.shell:Creating package script '/home/abhirup/slam_platform/slam_ws/install/tf_manager/share/tf_manager/package.sh'
[1.828s] INFO:colcon.colcon_core.shell:Creating package script '/home/abhirup/slam_platform/slam_ws/install/tf_manager/share/tf_manager/package.bash'
[1.829s] INFO:colcon.colcon_core.shell:Creating package script '/home/abhirup/slam_platform/slam_ws/install/tf_manager/share/tf_manager/package.zsh'
[1.829s] Level 1:colcon.colcon_core.environment:create_file_with_runtime_dependencies(/home/abhirup/slam_platform/slam_ws/install/tf_manager/share/colcon-core/packages/tf_manager)
[1.830s] Level 1:colcon.colcon_core.shell:create_environment_hook('robot_bringup', 'pythonpath_develop')
[1.830s] INFO:colcon.colcon_core.shell:Creating environment hook '/home/abhirup/slam_platform/slam_ws/build/robot_bringup/share/robot_bringup/hook/pythonpath_develop.ps1'
[1.830s] INFO:colcon.colcon_core.shell:Creating environment descriptor '/home/abhirup/slam_platform/slam_ws/build/robot_bringup/share/robot_bringup/hook/pythonpath_develop.dsv'
[1.830s] DEBUG:colcon.colcon_core.event_handler.log_command:Invoked command in '/home/abhirup/slam_platform/slam_ws/build/robot_bringup' returned '0': DEBUGINFOD_URLS=https://debuginfod.ubuntu.com PYTHONPATH=/home/abhirup/slam_platform/slam_ws/build/robot_bringup/prefix_override:/usr/lib/python3/dist-packages/colcon_core/task/python/colcon_distutils_commands:/home/abhirup/slam_platform/slam_ws/install/robot_bringup/lib/python3.12/site-packages:${PYTHONPATH} /usr/bin/python3 -W ignore:setup.py install is deprecated -W ignore:easy_install command is deprecated setup.py develop --editable --build-directory /home/abhirup/slam_platform/slam_ws/build/robot_bringup/build --no-deps symlink_data
[1.831s] INFO:colcon.colcon_core.shell:Creating environment hook '/home/abhirup/slam_platform/slam_ws/build/robot_bringup/share/robot_bringup/hook/pythonpath_develop.sh'
[1.831s] Level 1:colcon.colcon_core.environment:checking '/home/abhirup/slam_platform/slam_ws/install/robot_bringup' for CMake module files
[1.831s] Level 1:colcon.colcon_core.environment:checking '/home/abhirup/slam_platform/slam_ws/install/robot_bringup' for CMake config files
[1.831s] Level 1:colcon.colcon_core.environment:checking '/home/abhirup/slam_platform/slam_ws/install/robot_bringup/lib'
[1.831s] Level 1:colcon.colcon_core.environment:checking '/home/abhirup/slam_platform/slam_ws/install/robot_bringup/bin'
[1.831s] Level 1:colcon.colcon_core.environment:checking '/home/abhirup/slam_platform/slam_ws/install/robot_bringup/lib/pkgconfig/robot_bringup.pc'
[1.832s] Level 1:colcon.colcon_core.environment:checking '/home/abhirup/slam_platform/slam_ws/install/robot_bringup/lib/python3.12/site-packages'
[1.832s] Level 1:colcon.colcon_core.shell:create_environment_hook('robot_bringup', 'pythonpath')
[1.832s] INFO:colcon.colcon_core.shell:Creating environment hook '/home/abhirup/slam_platform/slam_ws/install/robot_bringup/share/robot_bringup/hook/pythonpath.ps1'
[1.832s] INFO:colcon.colcon_core.shell:Creating environment descriptor '/home/abhirup/slam_platform/slam_ws/install/robot_bringup/share/robot_bringup/hook/pythonpath.dsv'
[1.832s] INFO:colcon.colcon_core.shell:Creating environment hook '/home/abhirup/slam_platform/slam_ws/install/robot_bringup/share/robot_bringup/hook/pythonpath.sh'
[1.833s] Level 1:colcon.colcon_core.environment:checking '/home/abhirup/slam_platform/slam_ws/install/robot_bringup/bin'
[1.833s] Level 1:colcon.colcon_core.environment:create_environment_scripts_only(robot_bringup)
[1.834s] INFO:colcon.colcon_core.shell:Creating package script '/home/abhirup/slam_platform/slam_ws/install/robot_bringup/share/robot_bringup/package.ps1'
[1.834s] INFO:colcon.colcon_core.shell:Creating package descriptor '/home/abhirup/slam_platform/slam_ws/install/robot_bringup/share/robot_bringup/package.dsv'
[1.835s] INFO:colcon.colcon_core.shell:Creating package script '/home/abhirup/slam_platform/slam_ws/install/robot_bringup/share/robot_bringup/package.sh'
[1.835s] INFO:colcon.colcon_core.shell:Creating package script '/home/abhirup/slam_platform/slam_ws/install/robot_bringup/share/robot_bringup/package.bash'
[1.836s] INFO:colcon.colcon_core.shell:Creating package script '/home/abhirup/slam_platform/slam_ws/install/robot_bringup/share/robot_bringup/package.zsh'
[1.836s] Level 1:colcon.colcon_core.environment:create_file_with_runtime_dependencies(/home/abhirup/slam_platform/slam_ws/install/robot_bringup/share/colcon-core/packages/robot_bringup)
[1.851s] Level 1:colcon.colcon_core.shell:create_environment_hook('world_manager', 'pythonpath_develop')
[1.851s] INFO:colcon.colcon_core.shell:Creating environment hook '/home/abhirup/slam_platform/slam_ws/build/world_manager/share/world_manager/hook/pythonpath_develop.ps1'
[1.851s] DEBUG:colcon.colcon_core.event_handler.log_command:Invoked command in '/home/abhirup/slam_platform/slam_ws/build/world_manager' returned '0': DEBUGINFOD_URLS=https://debuginfod.ubuntu.com PYTHONPATH=/home/abhirup/slam_platform/slam_ws/build/world_manager/prefix_override:/usr/lib/python3/dist-packages/colcon_core/task/python/colcon_distutils_commands:/home/abhirup/slam_platform/slam_ws/install/world_manager/lib/python3.12/site-packages:${PYTHONPATH} /usr/bin/python3 -W ignore:setup.py install is deprecated -W ignore:easy_install command is deprecated setup.py develop --editable --build-directory /home/abhirup/slam_platform/slam_ws/build/world_manager/build --no-deps symlink_data
[1.852s] INFO:colcon.colcon_core.shell:Creating environment descriptor '/home/abhirup/slam_platform/slam_ws/build/world_manager/share/world_manager/hook/pythonpath_develop.dsv'
[1.852s] INFO:colcon.colcon_core.shell:Creating environment hook '/home/abhirup/slam_platform/slam_ws/build/world_manager/share/world_manager/hook/pythonpath_develop.sh'
[1.852s] Level 1:colcon.colcon_core.environment:checking '/home/abhirup/slam_platform/slam_ws/install/world_manager' for CMake module files
[1.852s] Level 1:colcon.colcon_core.environment:checking '/home/abhirup/slam_platform/slam_ws/install/world_manager' for CMake config files
[1.853s] Level 1:colcon.colcon_core.environment:checking '/home/abhirup/slam_platform/slam_ws/install/world_manager/lib'
[1.853s] Level 1:colcon.colcon_core.environment:checking '/home/abhirup/slam_platform/slam_ws/install/world_manager/bin'
[1.853s] Level 1:colcon.colcon_core.environment:checking '/home/abhirup/slam_platform/slam_ws/install/world_manager/lib/pkgconfig/world_manager.pc'
[1.853s] Level 1:colcon.colcon_core.environment:checking '/home/abhirup/slam_platform/slam_ws/install/world_manager/lib/python3.12/site-packages'
[1.853s] Level 1:colcon.colcon_core.shell:create_environment_hook('world_manager', 'pythonpath')
[1.853s] INFO:colcon.colcon_core.shell:Creating environment hook '/home/abhirup/slam_platform/slam_ws/install/world_manager/share/world_manager/hook/pythonpath.ps1'
[1.853s] INFO:colcon.colcon_core.shell:Creating environment descriptor '/home/abhirup/slam_platform/slam_ws/install/world_manager/share/world_manager/hook/pythonpath.dsv'
[1.853s] INFO:colcon.colcon_core.shell:Creating environment hook '/home/abhirup/slam_platform/slam_ws/install/world_manager/share/world_manager/hook/pythonpath.sh'
[1.854s] Level 1:colcon.colcon_core.environment:checking '/home/abhirup/slam_platform/slam_ws/install/world_manager/bin'
[1.854s] Level 1:colcon.colcon_core.environment:create_environment_scripts_only(world_manager)
[1.854s] INFO:colcon.colcon_core.shell:Creating package script '/home/abhirup/slam_platform/slam_ws/install/world_manager/share/world_manager/package.ps1'
[1.854s] INFO:colcon.colcon_core.shell:Creating package descriptor '/home/abhirup/slam_platform/slam_ws/install/world_manager/share/world_manager/package.dsv'
[1.855s] INFO:colcon.colcon_core.shell:Creating package script '/home/abhirup/slam_platform/slam_ws/install/world_manager/share/world_manager/package.sh'
[1.855s] INFO:colcon.colcon_core.shell:Creating package script '/home/abhirup/slam_platform/slam_ws/install/world_manager/share/world_manager/package.bash'
[1.855s] INFO:colcon.colcon_core.shell:Creating package script '/home/abhirup/slam_platform/slam_ws/install/world_manager/share/world_manager/package.zsh'
[1.855s] Level 1:colcon.colcon_core.environment:create_file_with_runtime_dependencies(/home/abhirup/slam_platform/slam_ws/install/world_manager/share/colcon-core/packages/world_manager)
[1.887s] Level 1:colcon.colcon_core.shell:create_environment_hook('experiment_manager', 'pythonpath_develop')
[1.887s] DEBUG:colcon.colcon_core.event_handler.log_command:Invoked command in '/home/abhirup/slam_platform/slam_ws/build/experiment_manager' returned '0': DEBUGINFOD_URLS=https://debuginfod.ubuntu.com PYTHONPATH=/home/abhirup/slam_platform/slam_ws/build/experiment_manager/prefix_override:/usr/lib/python3/dist-packages/colcon_core/task/python/colcon_distutils_commands:/home/abhirup/slam_platform/slam_ws/install/experiment_manager/lib/python3.12/site-packages:${PYTHONPATH} /usr/bin/python3 -W ignore:setup.py install is deprecated -W ignore:easy_install command is deprecated setup.py develop --editable --build-directory /home/abhirup/slam_platform/slam_ws/build/experiment_manager/build --no-deps symlink_data
[1.887s] INFO:colcon.colcon_core.shell:Creating environment hook '/home/abhirup/slam_platform/slam_ws/build/experiment_manager/share/experiment_manager/hook/pythonpath_develop.ps1'
[1.888s] INFO:colcon.colcon_core.shell:Creating environment descriptor '/home/abhirup/slam_platform/slam_ws/build/experiment_manager/share/experiment_manager/hook/pythonpath_develop.dsv'
[1.888s] INFO:colcon.colcon_core.shell:Creating environment hook '/home/abhirup/slam_platform/slam_ws/build/experiment_manager/share/experiment_manager/hook/pythonpath_develop.sh'
[1.888s] Level 1:colcon.colcon_core.environment:checking '/home/abhirup/slam_platform/slam_ws/install/experiment_manager' for CMake module files
[1.889s] Level 1:colcon.colcon_core.environment:checking '/home/abhirup/slam_platform/slam_ws/install/experiment_manager' for CMake config files
[1.889s] Level 1:colcon.colcon_core.environment:checking '/home/abhirup/slam_platform/slam_ws/install/experiment_manager/lib'
[1.889s] Level 1:colcon.colcon_core.environment:checking '/home/abhirup/slam_platform/slam_ws/install/experiment_manager/bin'
[1.889s] Level 1:colcon.colcon_core.environment:checking '/home/abhirup/slam_platform/slam_ws/install/experiment_manager/lib/pkgconfig/experiment_manager.pc'
[1.890s] Level 1:colcon.colcon_core.environment:checking '/home/abhirup/slam_platform/slam_ws/install/experiment_manager/lib/python3.12/site-packages'
[1.890s] Level 1:colcon.colcon_core.shell:create_environment_hook('experiment_manager', 'pythonpath')
[1.890s] INFO:colcon.colcon_core.shell:Creating environment hook '/home/abhirup/slam_platform/slam_ws/install/experiment_manager/share/experiment_manager/hook/pythonpath.ps1'
[1.890s] INFO:colcon.colcon_core.shell:Creating environment descriptor '/home/abhirup/slam_platform/slam_ws/install/experiment_manager/share/experiment_manager/hook/pythonpath.dsv'
[1.890s] INFO:colcon.colcon_core.shell:Creating environment hook '/home/abhirup/slam_platform/slam_ws/install/experiment_manager/share/experiment_manager/hook/pythonpath.sh'
[1.891s] Level 1:colcon.colcon_core.environment:checking '/home/abhirup/slam_platform/slam_ws/install/experiment_manager/bin'
[1.891s] Level 1:colcon.colcon_core.environment:create_environment_scripts_only(experiment_manager)
[1.891s] INFO:colcon.colcon_core.shell:Creating package script '/home/abhirup/slam_platform/slam_ws/install/experiment_manager/share/experiment_manager/package.ps1'
[1.892s] INFO:colcon.colcon_core.shell:Creating package descriptor '/home/abhirup/slam_platform/slam_ws/install/experiment_manager/share/experiment_manager/package.dsv'
[1.892s] INFO:colcon.colcon_core.shell:Creating package script '/home/abhirup/slam_platform/slam_ws/install/experiment_manager/share/experiment_manager/package.sh'
[1.892s] INFO:colcon.colcon_core.shell:Creating package script '/home/abhirup/slam_platform/slam_ws/install/experiment_manager/share/experiment_manager/package.bash'
[1.892s] INFO:colcon.colcon_core.shell:Creating package script '/home/abhirup/slam_platform/slam_ws/install/experiment_manager/share/experiment_manager/package.zsh'
[1.893s] Level 1:colcon.colcon_core.environment:create_file_with_runtime_dependencies(/home/abhirup/slam_platform/slam_ws/install/experiment_manager/share/colcon-core/packages/experiment_manager)
[1.923s] Level 1:colcon.colcon_core.shell:create_environment_hook('groung_truth_provider', 'pythonpath_develop')
[1.924s] INFO:colcon.colcon_core.shell:Creating environment hook '/home/abhirup/slam_platform/slam_ws/build/groung_truth_provider/share/groung_truth_provider/hook/pythonpath_develop.ps1'
[1.924s] DEBUG:colcon.colcon_core.event_handler.log_command:Invoked command in '/home/abhirup/slam_platform/slam_ws/build/groung_truth_provider' returned '0': DEBUGINFOD_URLS=https://debuginfod.ubuntu.com PYTHONPATH=/home/abhirup/slam_platform/slam_ws/build/groung_truth_provider/prefix_override:/usr/lib/python3/dist-packages/colcon_core/task/python/colcon_distutils_commands:/home/abhirup/slam_platform/slam_ws/install/groung_truth_provider/lib/python3.12/site-packages:${PYTHONPATH} /usr/bin/python3 -W ignore:setup.py install is deprecated -W ignore:easy_install command is deprecated setup.py develop --editable --build-directory /home/abhirup/slam_platform/slam_ws/build/groung_truth_provider/build --no-deps symlink_data
[1.924s] INFO:colcon.colcon_core.shell:Creating environment descriptor '/home/abhirup/slam_platform/slam_ws/build/groung_truth_provider/share/groung_truth_provider/hook/pythonpath_develop.dsv'
[1.925s] INFO:colcon.colcon_core.shell:Creating environment hook '/home/abhirup/slam_platform/slam_ws/build/groung_truth_provider/share/groung_truth_provider/hook/pythonpath_develop.sh'
[1.925s] Level 1:colcon.colcon_core.environment:checking '/home/abhirup/slam_platform/slam_ws/install/groung_truth_provider' for CMake module files
[1.926s] Level 1:colcon.colcon_core.environment:checking '/home/abhirup/slam_platform/slam_ws/install/groung_truth_provider' for CMake config files
[1.926s] Level 1:colcon.colcon_core.environment:checking '/home/abhirup/slam_platform/slam_ws/install/groung_truth_provider/lib'
[1.926s] Level 1:colcon.colcon_core.environment:checking '/home/abhirup/slam_platform/slam_ws/install/groung_truth_provider/bin'
[1.926s] Level 1:colcon.colcon_core.environment:checking '/home/abhirup/slam_platform/slam_ws/install/groung_truth_provider/lib/pkgconfig/groung_truth_provider.pc'
[1.926s] Level 1:colcon.colcon_core.environment:checking '/home/abhirup/slam_platform/slam_ws/install/groung_truth_provider/lib/python3.12/site-packages'
[1.926s] Level 1:colcon.colcon_core.shell:create_environment_hook('groung_truth_provider', 'pythonpath')
[1.926s] INFO:colcon.colcon_core.shell:Creating environment hook '/home/abhirup/slam_platform/slam_ws/install/groung_truth_provider/share/groung_truth_provider/hook/pythonpath.ps1'
[1.927s] INFO:colcon.colcon_core.shell:Creating environment descriptor '/home/abhirup/slam_platform/slam_ws/install/groung_truth_provider/share/groung_truth_provider/hook/pythonpath.dsv'
[1.927s] INFO:colcon.colcon_core.shell:Creating environment hook '/home/abhirup/slam_platform/slam_ws/install/groung_truth_provider/share/groung_truth_provider/hook/pythonpath.sh'
[1.927s] Level 1:colcon.colcon_core.environment:checking '/home/abhirup/slam_platform/slam_ws/install/groung_truth_provider/bin'
[1.927s] Level 1:colcon.colcon_core.environment:create_environment_scripts_only(groung_truth_provider)
[1.927s] INFO:colcon.colcon_core.shell:Creating package script '/home/abhirup/slam_platform/slam_ws/install/groung_truth_provider/share/groung_truth_provider/package.ps1'
[1.928s] INFO:colcon.colcon_core.shell:Creating package descriptor '/home/abhirup/slam_platform/slam_ws/install/groung_truth_provider/share/groung_truth_provider/package.dsv'
[1.928s] INFO:colcon.colcon_core.shell:Creating package script '/home/abhirup/slam_platform/slam_ws/install/groung_truth_provider/share/groung_truth_provider/package.sh'
[1.928s] INFO:colcon.colcon_core.shell:Creating package script '/home/abhirup/slam_platform/slam_ws/install/groung_truth_provider/share/groung_truth_provider/package.bash'
[1.928s] INFO:colcon.colcon_core.shell:Creating package script '/home/abhirup/slam_platform/slam_ws/install/groung_truth_provider/share/groung_truth_provider/package.zsh'
[1.928s] Level 1:colcon.colcon_core.environment:create_file_with_runtime_dependencies(/home/abhirup/slam_platform/slam_ws/install/groung_truth_provider/share/colcon-core/packages/groung_truth_provider)
[1.960s] Level 1:colcon.colcon_core.shell:create_environment_hook('ros_gz_bridge_manager', 'pythonpath_develop')
[1.960s] INFO:colcon.colcon_core.shell:Creating environment hook '/home/abhirup/slam_platform/slam_ws/build/ros_gz_bridge_manager/share/ros_gz_bridge_manager/hook/pythonpath_develop.ps1'
[1.961s] DEBUG:colcon.colcon_core.event_handler.log_command:Invoked command in '/home/abhirup/slam_platform/slam_ws/build/ros_gz_bridge_manager' returned '0': DEBUGINFOD_URLS=https://debuginfod.ubuntu.com PYTHONPATH=/home/abhirup/slam_platform/slam_ws/build/ros_gz_bridge_manager/prefix_override:/usr/lib/python3/dist-packages/colcon_core/task/python/colcon_distutils_commands:/home/abhirup/slam_platform/slam_ws/install/ros_gz_bridge_manager/lib/python3.12/site-packages:${PYTHONPATH} /usr/bin/python3 -W ignore:setup.py install is deprecated -W ignore:easy_install command is deprecated setup.py develop --editable --build-directory /home/abhirup/slam_platform/slam_ws/build/ros_gz_bridge_manager/build --no-deps symlink_data
[1.961s] INFO:colcon.colcon_core.shell:Creating environment descriptor '/home/abhirup/slam_platform/slam_ws/build/ros_gz_bridge_manager/share/ros_gz_bridge_manager/hook/pythonpath_develop.dsv'
[1.961s] INFO:colcon.colcon_core.shell:Creating environment hook '/home/abhirup/slam_platform/slam_ws/build/ros_gz_bridge_manager/share/ros_gz_bridge_manager/hook/pythonpath_develop.sh'
[1.961s] Level 1:colcon.colcon_core.environment:checking '/home/abhirup/slam_platform/slam_ws/install/ros_gz_bridge_manager' for CMake module files
[1.962s] Level 1:colcon.colcon_core.environment:checking '/home/abhirup/slam_platform/slam_ws/install/ros_gz_bridge_manager' for CMake config files
[1.962s] Level 1:colcon.colcon_core.environment:checking '/home/abhirup/slam_platform/slam_ws/install/ros_gz_bridge_manager/lib'
[1.962s] Level 1:colcon.colcon_core.environment:checking '/home/abhirup/slam_platform/slam_ws/install/ros_gz_bridge_manager/bin'
[1.962s] Level 1:colcon.colcon_core.environment:checking '/home/abhirup/slam_platform/slam_ws/install/ros_gz_bridge_manager/lib/pkgconfig/ros_gz_bridge_manager.pc'
[1.962s] Level 1:colcon.colcon_core.environment:checking '/home/abhirup/slam_platform/slam_ws/install/ros_gz_bridge_manager/lib/python3.12/site-packages'
[1.962s] Level 1:colcon.colcon_core.shell:create_environment_hook('ros_gz_bridge_manager', 'pythonpath')
[1.962s] INFO:colcon.colcon_core.shell:Creating environment hook '/home/abhirup/slam_platform/slam_ws/install/ros_gz_bridge_manager/share/ros_gz_bridge_manager/hook/pythonpath.ps1'
[1.962s] INFO:colcon.colcon_core.shell:Creating environment descriptor '/home/abhirup/slam_platform/slam_ws/install/ros_gz_bridge_manager/share/ros_gz_bridge_manager/hook/pythonpath.dsv'
[1.963s] INFO:colcon.colcon_core.shell:Creating environment hook '/home/abhirup/slam_platform/slam_ws/install/ros_gz_bridge_manager/share/ros_gz_bridge_manager/hook/pythonpath.sh'
[1.963s] Level 1:colcon.colcon_core.environment:checking '/home/abhirup/slam_platform/slam_ws/install/ros_gz_bridge_manager/bin'
[1.963s] Level 1:colcon.colcon_core.environment:create_environment_scripts_only(ros_gz_bridge_manager)
[1.963s] INFO:colcon.colcon_core.shell:Creating package script '/home/abhirup/slam_platform/slam_ws/install/ros_gz_bridge_manager/share/ros_gz_bridge_manager/package.ps1'
[1.963s] INFO:colcon.colcon_core.shell:Creating package descriptor '/home/abhirup/slam_platform/slam_ws/install/ros_gz_bridge_manager/share/ros_gz_bridge_manager/package.dsv'
[1.964s] INFO:colcon.colcon_core.shell:Creating package script '/home/abhirup/slam_platform/slam_ws/install/ros_gz_bridge_manager/share/ros_gz_bridge_manager/package.sh'
[1.964s] INFO:colcon.colcon_core.shell:Creating package script '/home/abhirup/slam_platform/slam_ws/install/ros_gz_bridge_manager/share/ros_gz_bridge_manager/package.bash'
[1.964s] INFO:colcon.colcon_core.shell:Creating package script '/home/abhirup/slam_platform/slam_ws/install/ros_gz_bridge_manager/share/ros_gz_bridge_manager/package.zsh'
[1.964s] Level 1:colcon.colcon_core.environment:create_file_with_runtime_dependencies(/home/abhirup/slam_platform/slam_ws/install/ros_gz_bridge_manager/share/colcon-core/packages/ros_gz_bridge_manager)
[2.036s] Level 1:colcon.colcon_core.shell:create_environment_hook('sensor_adapter', 'pythonpath_develop')
[2.037s] INFO:colcon.colcon_core.shell:Creating environment hook '/home/abhirup/slam_platform/slam_ws/build/sensor_adapter/share/sensor_adapter/hook/pythonpath_develop.ps1'
[2.037s] DEBUG:colcon.colcon_core.event_handler.log_command:Invoked command in '/home/abhirup/slam_platform/slam_ws/build/sensor_adapter' returned '0': DEBUGINFOD_URLS=https://debuginfod.ubuntu.com PYTHONPATH=/home/abhirup/slam_platform/slam_ws/build/sensor_adapter/prefix_override:/usr/lib/python3/dist-packages/colcon_core/task/python/colcon_distutils_commands:/home/abhirup/slam_platform/slam_ws/install/sensor_adapter/lib/python3.12/site-packages:${PYTHONPATH} /usr/bin/python3 -W ignore:setup.py install is deprecated -W ignore:easy_install command is deprecated setup.py develop --editable --build-directory /home/abhirup/slam_platform/slam_ws/build/sensor_adapter/build --no-deps symlink_data
[2.037s] INFO:colcon.colcon_core.shell:Creating environment descriptor '/home/abhirup/slam_platform/slam_ws/build/sensor_adapter/share/sensor_adapter/hook/pythonpath_develop.dsv'
[2.038s] INFO:colcon.colcon_core.shell:Creating environment hook '/home/abhirup/slam_platform/slam_ws/build/sensor_adapter/share/sensor_adapter/hook/pythonpath_develop.sh'
[2.038s] Level 1:colcon.colcon_core.environment:checking '/home/abhirup/slam_platform/slam_ws/install/sensor_adapter' for CMake module files
[2.038s] Level 1:colcon.colcon_core.environment:checking '/home/abhirup/slam_platform/slam_ws/install/sensor_adapter' for CMake config files
[2.039s] Level 1:colcon.colcon_core.environment:checking '/home/abhirup/slam_platform/slam_ws/install/sensor_adapter/lib'
[2.039s] Level 1:colcon.colcon_core.environment:checking '/home/abhirup/slam_platform/slam_ws/install/sensor_adapter/bin'
[2.039s] Level 1:colcon.colcon_core.environment:checking '/home/abhirup/slam_platform/slam_ws/install/sensor_adapter/lib/pkgconfig/sensor_adapter.pc'
[2.039s] Level 1:colcon.colcon_core.environment:checking '/home/abhirup/slam_platform/slam_ws/install/sensor_adapter/lib/python3.12/site-packages'
[2.039s] Level 1:colcon.colcon_core.shell:create_environment_hook('sensor_adapter', 'pythonpath')
[2.039s] INFO:colcon.colcon_core.shell:Creating environment hook '/home/abhirup/slam_platform/slam_ws/install/sensor_adapter/share/sensor_adapter/hook/pythonpath.ps1'
[2.040s] INFO:colcon.colcon_core.shell:Creating environment descriptor '/home/abhirup/slam_platform/slam_ws/install/sensor_adapter/share/sensor_adapter/hook/pythonpath.dsv'
[2.040s] INFO:colcon.colcon_core.shell:Creating environment hook '/home/abhirup/slam_platform/slam_ws/install/sensor_adapter/share/sensor_adapter/hook/pythonpath.sh'
[2.040s] Level 1:colcon.colcon_core.environment:checking '/home/abhirup/slam_platform/slam_ws/install/sensor_adapter/bin'
[2.040s] Level 1:colcon.colcon_core.environment:create_environment_scripts_only(sensor_adapter)
[2.040s] INFO:colcon.colcon_core.shell:Creating package script '/home/abhirup/slam_platform/slam_ws/install/sensor_adapter/share/sensor_adapter/package.ps1'
[2.041s] INFO:colcon.colcon_core.shell:Creating package descriptor '/home/abhirup/slam_platform/slam_ws/install/sensor_adapter/share/sensor_adapter/package.dsv'
[2.041s] INFO:colcon.colcon_core.shell:Creating package script '/home/abhirup/slam_platform/slam_ws/install/sensor_adapter/share/sensor_adapter/package.sh'
[2.041s] INFO:colcon.colcon_core.shell:Creating package script '/home/abhirup/slam_platform/slam_ws/install/sensor_adapter/share/sensor_adapter/package.bash'
[2.041s] INFO:colcon.colcon_core.shell:Creating package script '/home/abhirup/slam_platform/slam_ws/install/sensor_adapter/share/sensor_adapter/package.zsh'
[2.041s] Level 1:colcon.colcon_core.environment:create_file_with_runtime_dependencies(/home/abhirup/slam_platform/slam_ws/install/sensor_adapter/share/colcon-core/packages/sensor_adapter)
[2.041s] DEBUG:colcon.colcon_parallel_executor.executor.parallel:closing loop
[2.042s] DEBUG:colcon.colcon_parallel_executor.executor.parallel:loop closed
[2.042s] DEBUG:colcon.colcon_parallel_executor.executor.parallel:run_until_complete finished with '0'
[2.042s] DEBUG:colcon.colcon_core.event_reactor:joining thread
[2.045s] INFO:colcon.colcon_core.plugin_system:Skipping extension 'colcon_notification.desktop_notification.terminal_notifier': Not used on non-Darwin systems
[2.045s] INFO:colcon.colcon_core.plugin_system:Skipping extension 'colcon_notification.desktop_notification.win32': Not used on non-Windows systems
[2.045s] INFO:colcon.colcon_notification.desktop_notification:Sending desktop notification using 'notify2'
[2.053s] DEBUG:colcon.colcon_core.event_reactor:joined thread
[2.053s] INFO:colcon.colcon_core.shell:Creating prefix script '/home/abhirup/slam_platform/slam_ws/install/local_setup.ps1'
[2.054s] INFO:colcon.colcon_core.shell:Creating prefix util module '/home/abhirup/slam_platform/slam_ws/install/_local_setup_util_ps1.py'
[2.054s] INFO:colcon.colcon_core.shell:Creating prefix chain script '/home/abhirup/slam_platform/slam_ws/install/setup.ps1'
[2.055s] INFO:colcon.colcon_core.shell:Creating prefix script '/home/abhirup/slam_platform/slam_ws/install/local_setup.sh'
[2.055s] INFO:colcon.colcon_core.shell:Creating prefix util module '/home/abhirup/slam_platform/slam_ws/install/_local_setup_util_sh.py'
[2.055s] INFO:colcon.colcon_core.shell:Creating prefix chain script '/home/abhirup/slam_platform/slam_ws/install/setup.sh'
[2.056s] INFO:colcon.colcon_core.shell:Creating prefix script '/home/abhirup/slam_platform/slam_ws/install/local_setup.bash'
[2.056s] INFO:colcon.colcon_core.shell:Creating prefix chain script '/home/abhirup/slam_platform/slam_ws/install/setup.bash'
[2.057s] INFO:colcon.colcon_core.shell:Creating prefix script '/home/abhirup/slam_platform/slam_ws/install/local_setup.zsh'
[2.057s] INFO:colcon.colcon_core.shell:Creating prefix chain script '/home/abhirup/slam_platform/slam_ws/install/setup.zsh'
